"id","nor","pdbid","org","desc"
"ST_0001","5-HT2B","5TVN","Escherichia coli, Homo sapiens","Crystal structure of the LSD-bound 5-HT2B receptor"
"ST_0002","5-HT2B","4IB4","Escherichia coli, Homo sapiens","Crystal structure of the chimeric protein of 5-HT2B-BRIL in complex with ergotamine"
"ST_0003","5-HT2B","4NC3","Escherichia coli, Homo sapiens","Crystal structure of the 5-HT2B receptor solved using serial femtosecond crystallography in lipidic cubic phase"
"ST_0004","5-HT2B","5TUD","Escherichia coli, Homo sapiens","Structural Insights into the Extracellular Recognition of the Human Serotonin 2B Receptor by an Antibody"
"ST_0005","AIM2","2N00","Mus musculus","NMR Solution structure of AIM2 PYD from Mus musculus"
"ST_0006","AIM2","3VD8","Escherichia coli O157:H7, Homo sapiens","Crystal structure of human AIM2 PYD domain with MBP fusion"
"ST_0007","AIM2","4O7Q","Homo sapiens","Crystal Structure of the F27G AIM2 Pyrin Domain Mutant and Similarities of its Self-association to DED/DED Interactions"
"ST_0008","AIM2","4JBJ","Mus musculus","Structural mimicry for functional antagonism"
"ST_0009","AIM2","4JBK","Mus musculus","Molecular basis for abrogation of activation of pro-inflammatory cytokines"
"ST_0010","AIM2","4JBM","Mus musculus","Structure of murine DNA binding protein bound with ds DNA"
"ST_0011","AIM2","4L5Q","Mus musculus","Crystal structure of p202 HIN1"
"ST_0012","AIM2","4L5R","Mus musculus","Crystal structure of p202 HIN1 in complex with 20-mer dsDNA"
"ST_0013","AIM2","4L5S","Mus musculus","p202 HIN1 in complex with 12-mer dsDNA"
"ST_0014","AIM2","4L5T","Mus musculus","Crystal structure of the tetrameric p202 HIN2"
"ST_0015","AIM2","3RLN","Homo sapiens","Structural Basis of Cytosolic DNA Recognition by Innate Immune Receptors"
"ST_0016","AIM2","3RLO","Homo sapiens","Structural Basis of Cytosolic DNA Recognition by Innate Receptors"
"ST_0017","AIM2","3RN2","Homo sapiens","Structural Basis of Cytosolic DNA Recognition by Innate Immune Receptors"
"ST_0018","AIM2","3RN5","Homo sapiens","Structural basis of cytosolic DNA recognition by innate immune receptors"
"ST_0019","AIM2","3RNU","Homo sapiens","Structural Basis of Cytosolic DNA Sensing by Innate Immune Receptors"
"ST_0020","AIM2","4LNQ","Mus musculus","Crystal structure of Ifi202 HINa domain in complex with 20bp dsDNA"
"ST_0021","TREM1","1Q8M","Homo sapiens","Crystal structure of the human myeloid cell activating receptor TREM-1"
"ST_0022","TREM2","5ELI","Homo sapiens","Triggering receptor expressed on myeloid cells 2"
"ST_0023","PGRP-S","4GF9","Camelus dromedarius","Structural insights into the dual strategy of recognition of peptidoglycan recognition protein, PGRP-S: ternary complex of PGRP-S with LPS and fatty a"
"ST_0024","PGRP-S","1YCK","Homo sapiens","Crystal structure of human peptidoglycan recognition protein (PGRP-S)"
"ST_0025","PGRP-S","3UIL","Camelus dromedarius","Crystal Structure of the complex of PGRP-S with lauric acid at 2.2 A resolution"
"ST_0026","PGRP-S","3UML","Camelus dromedarius","Crystal structure of PGRP-S complexed with chorismate at 2.15 A resolution"
"ST_0027","PGRP-S","3USX","Camelus dromedarius","Crystal structure of PGRP-S complexed with Myristic Acid at 2.28 A resolution"
"ST_0028","PGRP-S","5XGY","Camelus dromedarius","Crystal structure of peptidoglycan recognition protein (PGRP-S) at 2.45 A resolution"
"ST_0029","PGRP-S","3COR","Camelus dromedarius","Crystal structure of the complex of peptidoglycan recognition protein (PGRP-S) with N-acetylgalactosamine at 3.1 A resolution"
"ST_0030","PGRP-S","3NG4","Camelus dromedarius","Ternary complex of peptidoglycan recognition protein (PGRP-S) with Maltose and N-Acetylglucosamine at 1.7 A Resolution"
"ST_0031","PGRP-S","3NNO","Camelus dromedarius","Crystal structure of the complex of peptidoglycan recognition protein (PGRP-S) with Alpha-Rhamnose at 2.9 A resolution"
"ST_0032","PGRP-S","3NW3","Camelus dromedarius","Crystal structure of the complex of peptidoglycan recognition protein (PGRP-S) with the PGN Fragment at 2.5 A resolution"
"ST_0033","PGRP-S","3O4K","Camelus dromedarius","Crystal structure of the complex of peptidoglycan recognition protein (PGRP-S) and lipoteichoic acid at 2.1 A resolution"
"ST_0034","PGRP-S","3OGX","Camelus dromedarius","Crystal structure of the complex of Peptidoglycan Recognition protein (PGRP-s) with Heparin-Dissacharide at 2.8 A resolution"
"ST_0035","PGRP-S","3QJ1","Camelus dromedarius","Crystal structure of camel peptidoglycan recognition protein, PGRP-S with a trapped diethylene glycol in the ligand diffusion channel at 3.2 A resolut"
"ST_0036","PGRP-S","3QS0","Camelus dromedarius","Crystal structure of the complex of peptidoglycan recognition protein (PGRP-S) with a bound N-acetylglucosamine in the diffusion channel at 2.5 A reso"
"ST_0037","PGRP-S","3QV4","Camelus dromedarius","Crystal structure of the complex of peptidoglycan recognition protein (PGRP-S) with dipeptide L-ALA D-GLU at 2.7 A resolution"
"ST_0038","PGRP-S","4OUG","Camelus dromedarius","Crystal structure of the ternary complex of camel peptidoglycan recognition protein, PGRP-S with lipopolysaccharide and palmitic acid at 2.46 A resolu"
"ST_0039","PGRP-S","4Q8S","Camelus dromedarius","Crystal structure of mammalian Peptidoglycan recognition protein PGRP-S with paranitrophenyl palmitate and N-acetyl glucosamine at 2.09 A resolution"
"ST_0040","PGRP-S","4Q9E","Camelus dromedarius","Structure of the ternary complex of peptidoglycan recognition protein, PGRP-S with N-acetyl glucosamine and paranitro benzaldehyde at 2.3 A resolution"
"ST_0041","PGRP-S","5DWF","Camelus dromedarius","Crystal structure of the complex of Peptidoglycan recognition protein, PGRP-S from camel with ethylene glycol at 1.83 A resolution"
"ST_0042","PGRP-S","5E0B","Camelus dromedarius","Crystal structure of the complex of Peptidoglycan recognition protein PGRP-S with N-Acetyl Muramic acid at 2.6 A resolution"
"ST_0043","PGRP-S","4OPP","Camelus dromedarius","Crystal structure of the ternary complex of camel peptidoglycan recognition protein PGRP-S with 11-cyclohexylundecanoic acid and N- acetylglucosamine "
"ST_0044","PGRP-S","4ORV","Camelus dromedarius","Crystal structure of the ternary complex of camel peptidoglycan recognition protein PGRP-S with 7- phenylheptanoic acid and N- acetylglucosamine at 2."
"ST_0045","PGRP-S","2R2K","Camelus dromedarius","Crystal structure of the complex of camel peptidoglycan recognition protein with disaccharide at 3.2A resolution"
"ST_0046","PGRP-S","2R90","Camelus dromedarius","Crystal structure of cameline peptidoglycan recognition protein at 2.8A resolution"
"ST_0047","PGRP-S","2Z9N","Camelus dromedarius","Crystal structure of cameline peptidoglycan recognition protein at 3.2 A resolution"
"ST_0048","PGRP-S","3C2X","Camelus dromedarius","Crystal structure of peptidoglycan recognition protein at 1.8A resolution"
"ST_0049","PGRP-S","3CG9","Camelus dromedarius","Crystal structure of the complex of peptidoglycan recognition protein with methyloxane-2,3,4,5-tetrol at 2.9 A resolution"
"ST_0050","PGRP-S","3CXA","Camelus dromedarius","Crystal structure of the complex of peptidoglycan recognition protein with alpha-D-glucopyranosyl alpha-D-glucopyranoside at 3.4 A resolution"
"ST_0051","PGRP-S","3RT4","Camelus dromedarius","Structural Basis of Recognition of Pathogen-associated Molecular Patterns and Inhibition of Proinflammatory Cytokines by Camel Peptidoglycan Recogniti"
"ST_0052","PGRP-S","3T2V","Camelus dromedarius","Crystal structure of the complex of peptidoglycan recognition protein-short (CPGRP-S) with mycolic acid at 2.5 A resolution"
"ST_0053","PGRP-S","3T39","Camelus dromedarius","Crystal structure of the complex of camel peptidoglycan recognition protein(CPGRP-S) with a mycobacterium metabolite shikimate at 2.7 A resolution"
"ST_0054","PGRP-S","3TRU","Camelus dromedarius","Crystal structure of the complex of peptidoglycan recognition protein with cellular metabolite chorismate at 3.2 A resolution"
"ST_0055","PGRP-S","3UMQ","Camelus dromedarius","Crystal structure of peptidoglycan recognition protein-S complexed with butyric acid at 2.2 A resolution"
"ST_0056","PGRP-S","4FNN","Camelus dromedarius","Crystal structure of the complex of CPGRP-S with stearic acid at 2.2 A RESOLUTION"
"ST_0057","PGRP-S","5E0A","Camelus dromedarius","Crystal Structure of the complex of Camel Peptidoglycan Recognition Protein (CPGRP-S) and N-Acetylglucosamine at 2.6 A"
"ST_0058","PGRP-S","1SK4","Homo sapiens","crystal structure of the C-terminal peptidoglycan-binding domain of human peptidoglycan recognition protein Ialpha"
"ST_0059","PGRP-S","2F2L","Drosophila melanogaster","Crystal structure of tracheal cytotoxin (TCT) bound to the ectodomain complex of peptidoglycan recognition proteins LCa (PGRP-LCa) and LCx (PGRP-LCx)"
"ST_0060","GNBP","2WJG","Methanocaldococcus jannaschii (strain ATCC 43067 / DSM 2661 / JAL-1 / JCM 10045 / NBRC 100440)","Structure and function of the FeoB G-domain from Methanococcus jannaschii"
"ST_0061","GNBP","2WJH","Methanocaldococcus jannaschii (strain ATCC 43067 / DSM 2661 / JAL-1 / JCM 10045 / NBRC 100440)","Structure and function of the FeoB G-domain from Methanococcus jannaschii"
"ST_0062","GNBP","2WJI","Methanocaldococcus jannaschii (strain ATCC 43067 / DSM 2661 / JAL-1 / JCM 10045 / NBRC 100440)","Structure and function of the FeoB G-domain from Methanococcus jannaschii"
"ST_0063","GNBP","2WJJ","Methanocaldococcus jannaschii (strain ATCC 43067 / DSM 2661 / JAL-1 / JCM 10045 / NBRC 100440)","Structure and function of the FeoB G-domain from Methanococcus jannaschii"
"ST_0064","Spatzle(spz)","3E07","Drosophila melanogaster","Crystal structure of spatzle cystine knot"
"ST_0065","Spatzle(spz)","4LXR","Drosophila melanogaster","Structure of the Toll - Spatzle complex, a molecular hub in Drosophila development and innate immunity"
"ST_0066","Spatzle(spz)","4LXS","Drosophila melanogaster","Structure of the Toll - Spatzle complex, a molecular hub in Drosophila development and innate immunity (glycosylated form)"
"ST_0067","Spatzle(spz)","3BNU","Saccharomyces cerevisiae (strain ATCC 204508 / S288c)","Crystal structure of polyamine oxidase FMS1 from Saccharomyces cerevisiae in complex with bis-(3S,3'S)-methylated spermine"
"ST_0068","Spatzle(spz)","4J1Y","Homo sapiens","The X-ray crystal structure of human complement protease C1s zymogen"
"ST_0069","Lipoprotein receptor-related protein (LRP)","1CR8","Homo sapiens","LOW DENSITY LIPOPROTEIN RECEPTOR-RELATED PROTEIN COMPLEMENT REPEAT 8"
"ST_0070","Lipoprotein receptor-related protein (LRP)","1D2L","Homo sapiens","NMR SOLUTION STRUCTURE OF COMPLEMENT-LIKE REPEAT CR3 FROM THE LOW DENSITY LIPOPROTEIN RECEPTOR-RELATED PROTEIN (LRP). EVIDENCE FOR SPECIFIC BINDING TO"
"ST_0071","Lipoprotein receptor-related protein (LRP)","1BV8","Homo sapiens","RECEPTOR DOMAIN FROM ALPHA-2-MACROGLOBULIN"
"ST_0072","Lipoprotein receptor-related protein (LRP)","1K7B","Coturnix japonica","NMR Solution Structure of sTva47, the Viral-Binding Domain of Tva"
"ST_0073","Lipoprotein receptor-related protein (LRP)","2FCW","Homo sapiens","Structure of a Complex Between the Pair of the LDL Receptor Ligand-Binding Modules 3-4 and the Receptor Associated Protein (RAP)."
"ST_0074","Lipoprotein receptor-related protein (LRP)","1LRE","Homo sapiens","RECEPTOR ASSOCIATED PROTEIN (RAP) DOMAIN 1, NMR, 20 STRUCTURES"
"ST_0075","Lipoprotein receptor-related protein (LRP)","1NRE","Homo sapiens","RECEPTOR ASSOCIATED PROTEIN (RAP) DOMAIN 1, NMR, MINIMIZED AVERAGE STRUCTURE"
"ST_0076","Lipoprotein receptor-related protein (LRP)","2P01","Homo sapiens","The structure of receptor-associated protein(RAP)"
"ST_0077","Lipoprotein receptor-related protein (LRP)","2P03","Homo sapiens","The structure of receptor-associated protein(RAP)"
"ST_0078","Lipoprotein receptor-related protein (LRP)","1OP1","Homo sapiens","Solution NMR structure of domain 1 of receptor associated protein"
"ST_0079","Lipoprotein receptor-related protein (LRP)","1OV2","Homo sapiens","Ensemble of the solution structures of domain one of receptor associated protein"
"ST_0080","Lipoprotein receptor-related protein (LRP)","1JRF","Coturnix japonica","NMR Solution Structure of the Viral Receptor Domain of Tva"
"ST_0081","Lipoprotein receptor-related protein (LRP)","2FYL","Homo sapiens","Haddock model of the complex between double module of LRP, CR56, and first domain of receptor associated protein, RAP-d1."
"ST_0082","Lipoprotein receptor-related protein (LRP)","2DM4","Homo sapiens","Solution structure of the second fn3 domain of human sorLA/LR11"
"ST_0083","Lipoprotein receptor-related protein (LRP)","2KNX","Homo sapiens","Solution Structure of complement repeat CR17 from LRP-1"
"ST_0084","Lipoprotein receptor-related protein (LRP)","2KNY","Homo sapiens","Fusion construct of CR17 from LRP-1 and ApoE residues 130-149"
"ST_0085","Lipoprotein receptor-related protein (LRP)","1J8E","Homo sapiens","Crystal structure of ligand-binding repeat CR7 from LRP"
"ST_0086","Lipoprotein receptor-related protein (LRP)","2FYJ","Homo sapiens","NMR Solution structure of calcium-loaded LRP double module"
"ST_0087","Lipoprotein receptor-related protein (LRP)","3V65","Rattus norvegicus","Crystal structure of agrin and LRP4 complex"
"ST_0088","Lipoprotein receptor-related protein (LRP)","5B4Y","Homo sapiens","Crystal structure of the LA12 fragment of ApoER2"
"ST_0089","Lipoprotein receptor-related protein (LRP)","5FWW","Homo sapiens","Wnt modulator Kremen in complex with DKK1 (CRD2) and LRP6 (PE3PE4)"
"ST_0090","Lipoprotein receptor-related protein (LRP)","2I1P","Rattus norvegicus","Solution structure of the twelfth cysteine-rich ligand-binding repeat in rat megalin"
"ST_0091","Lipoprotein receptor-related protein (LRP)","2M0P","Homo sapiens","Solution structure of the tenth complement type repeat of human megalin"
"ST_0092","Lipoprotein receptor-related protein (LRP)","3S8V","Homo sapiens","Crystal structure of LRP6-Dkk1 complex"
"ST_0093","Lipoprotein receptor-related protein (LRP)","3A7Q","Mus musculus, Homo sapiens","Structural basis for specific recognition of reelin by its receptors"
"ST_0094","Lipoprotein receptor-related protein (LRP)","3S8Z","Homo sapiens","Crystal structure of LRP6-E3E4"
"ST_0095","Lipoprotein receptor-related protein (LRP)","3S94","Homo sapiens","Crystal structure of LRP6-E1E2"
"ST_0096","Lipoprotein receptor-related protein (LRP)","4DG6","Homo sapiens","Crystal structure of domains 1 and 2 of LRP6"
"ST_0097","Lipoprotein receptor-related protein (LRP)","3V2O","Rattus norvegicus, Homo sapiens","Crystal Structure of the Peptide Bound Complex of the Ankyrin Repeat Domains of Human ANKRA2"
"ST_0098","Lipoprotein receptor-related protein (LRP)","3V2X","Rattus norvegicus, Homo sapiens","Crystal Structure of the Peptide Bound Complex of the Ankyrin Repeat Domains of Human ANKRA2"
"ST_0099","Lipoprotein receptor-related protein (LRP)","3S2K","Homo sapiens","Structural basis of Wnt signaling inhibition by Dickkopf binding to LRP5/6."
"ST_0100","Lipoprotein receptor-related protein (LRP)","5B4X","Mus musculus, Homo sapiens","Crystal structure of the ApoER2 ectodomain in complex with the Reelin R56 fragment"
"ST_0101","Lipoprotein receptor-related protein (LRP)","3V64","Rattus norvegicus","Crystal Structure of agrin and LRP4"
"ST_0102","Lipoprotein receptor-related protein (LRP)","4A0P","Homo sapiens","Crystal structure of LRP6P3E3P4E4"
"ST_0103","Lipoprotein receptor-related protein (LRP)","5AIR","Mus musculus, Homo sapiens","Structural analysis of mouse GSK3beta fused with LRP6 peptide."
"ST_0104","Lipoprotein receptor-related protein (LRP)","3SOB","Homo sapiens","The structure of the first YWTD beta propeller domain of LRP6 in complex with a FAB"
"ST_0105","Lipoprotein receptor-related protein (LRP)","3SOV","Homo sapiens","The structure of a beta propeller domain in complex with peptide S"
"ST_0106","Lipoprotein receptor-related protein (LRP)","3G2S","Homo sapiens","VHS Domain of human GGA1 complexed with SorLA C-terminal Peptide"
"ST_0107","Lipoprotein receptor-related protein (LRP)","3G2T","Homo sapiens","VHS Domain of human GGA1 complexed with SorLA C-terminal Phosphopeptide"
"ST_0108","Lipoprotein receptor-related protein (LRP)","3MBW","Homo sapiens","Crystal structure of the human ephrin A2 LBD and CRD domains in complex with ephrin A1"
"ST_0109","Lipoprotein receptor-related protein (LRP)","3CZU","Homo sapiens","Crystal structure of the human ephrin A2- ephrin A1 complex"
"ST_0110","Lipoprotein receptor-related protein (LRP)","5GJE","Homo sapiens","Three-dimensional reconstruction of human LRP6 ectodomain complexed with Dkk1"
"ST_0111","Lipoprotein receptor-related protein (LRP)","3SOQ","Homo sapiens","The structure of the first YWTD beta propeller domain of LRP6 in complex with a DKK1 peptide"
"ST_0112","Lipoprotein receptor-related protein (LRP)","3HEI","Homo sapiens","Ligand Recognition by A-Class Eph Receptors: Crystal Structures of the EphA2 Ligand-Binding Domain and the EphA2/ephrin-A1 Complex"
"ST_0113","Lipoprotein receptor-related protein (LRP)","2REX","Homo sapiens","Crystal structure of the effector domain of PLXNB1 bound with Rnd1 GTPase"
"ST_0114","Lipoprotein receptor-related protein (LRP)","1QJU","Human rhinovirus 16","HUMAN RHINOVIRUS 16 COAT PROTEIN IN COMPLEX WITH ANTIVIRAL COMPOUND VP61209"
"ST_0115","Lipoprotein receptor-related protein (LRP)","1L0Q","Methanosarcina mazei","Tandem YVTN beta-propeller and PKD domains from an archaeal surface layer protein"
"ST_0116","Lipoprotein receptor-related protein (LRP)","2G30","Homo sapiens","beta appendage of AP2 complexed with ARH peptide"
"ST_0117","Lipoprotein receptor-related protein (LRP)","3D0G","Homo sapiens, Paguma larvata, Human SARS coronavirus","Crystal structure of spike protein receptor-binding domain from the 2002-2003 SARS coronavirus human strain complexed with human-civet chimeric recept"
"ST_0118","Lipoprotein receptor-related protein (LRP)","3D0H","Human SARS coronavirus, Homo sapiens, Paguma larvata","Crystal structure of spike protein receptor-binding domain from the 2002-2003 SARS coronavirus civet strain complexed with human-civet chimeric recept"
"ST_0119","Lipoprotein receptor-related protein (LRP)","3D0I","Human SARS coronavirus, Homo sapiens, Paguma larvata","Crystal structure of spike protein receptor-binding domain from the 2005-2006 SARS coronavirus civet strain complexed with human-civet chimeric recept"
"ST_0120","GRP1","1FGZ","Mus musculus","GRP1 PH DOMAIN (UNLIGANDED)"
"ST_0121","GRP1","1FGY","Mus musculus","GRP1 PH DOMAIN WITH INS(1,3,4,5)P4"
"ST_0122","GRP1","1U2B","Mus musculus","Triglycine variant of the Grp1 Pleckstrin Homology Domain unliganded"
"ST_0123","GRP1","1FHW","Mus musculus","Structure of the pleckstrin homology domain from GRP1 in complex with inositol(1,3,4,5,6)pentakisphosphate"
"ST_0124","GRP1","1FHX","Mus musculus","Structure of the pleckstrin homology domain from GRP1 in complex with inositol 1,3,4,5-tetrakisphosphate"
"ST_0125","GRP1","2R09","Mus musculus","Crystal Structure of Autoinhibited Form of Grp1 Arf GTPase Exchange Factor"
"ST_0126","GRP1","2R0D","Mus musculus","Crystal Structure of Autoinhibited Form of Grp1 Arf GTPase Exchange Factor"
"ST_0127","GRP1","4KAX","Homo sapiens","Crystal structure of the Grp1 PH domain in complex with Arf6-GTP"
"ST_0128","GRP1","2PNT","Homo sapiens","Crystal structure of the PDZ domain of human GRASP (GRP1) in complex with the C-terminal peptide of the metabotropic glutamate receptor type 1"
"ST_0129","GRP1","1U27","Mus musculus","Triglycine variant of the ARNO Pleckstrin Homology Domain in complex with Ins(1,3,4,5)P4"
"ST_0130","GRP1","1U29","Mus musculus","Triglycine variant of the ARNO Pleckstrin Homology Domain in complex with Ins(1,4,5)P3"
"ST_0131","GRP1","6BBP","Homo sapiens, Mus musculus","Model for compact volume of truncated monomeric Cytohesin-3 (Grp1; amino acids 63-399) E161A 6GS Arf6 Q67L fusion protein"
"ST_0132","GRP1","6BBQ","Homo sapiens, Mus musculus","Model for extended volume of truncated monomeric Cytohesin-3 (Grp1; amino acids 63-399) E161A Arf6 Q67L fusion protein"
"ST_0133","GRP1","2EGK","Rattus norvegicus","Crystal Structure of Tamalin PDZ-Intrinsic Ligand Fusion Protein"
"ST_0134","GRP1","2EGN","Rattus norvegicus","Crystal Structure of Tamalin PDZ Domain in Complex with mGluR5 C-terminal Peptide"
"ST_0135","GRP1","2EGO","Rattus norvegicus","Crystal Structure of Tamalin PDZ Domain"
"ST_0136","ITGB3","2L91","Homo sapiens","Structure of the Integrin beta3 (A711P,K716A) Transmembrane Segment"
"ST_0137","ITGB3","2LJD","Homo sapiens","monophosphorylated (747pY) beta3 integrin cytoplasmic tail under membrane mimetic conditions"
"ST_0138","ITGB3","2LJE","Homo sapiens","Biphosphorylated (747pY, 759pY) beta3 integrin cytoplasmic tail under membrane mimetic conditions"
"ST_0139","ITGB3","2LJF","Homo sapiens","Monophosphorylated (747pY) beta3 integrin cytoplasmic tail under aqueous conditions"
"ST_0140","ITGB3","2KV9","Homo sapiens","Integrin beta3 subunit in a disulfide linked alphaIIb-beta3 cytosolic domain"
"ST_0141","ITGB3","2RMZ","Homo sapiens","Bicelle-embedded integrin beta3 transmembrane segment"
"ST_0142","ITGB3","2RN0","Homo sapiens","Micelle-embedded integrin beta3 transmembrane segment"
"ST_0143","ITGB3","1S4X","Homo sapiens","NMR Structure of the integrin B3 cytoplasmic domain in DPC micelles"
"ST_0144","ITGB3","4G1E","Homo sapiens","Crystal structure of integrin alpha V beta 3 with coil-coiled tag."
"ST_0145","ITGB3","1U8C","Homo sapiens","A novel adaptation of the integrin PSI domain revealed from its crystal structure"
"ST_0146","ITGB3","2K9J","Homo sapiens","Integrin alphaIIb-beta3 transmembrane complex"
"ST_0147","ITGB3","2KNC","Homo sapiens","Platelet integrin ALFAIIB-BETA3 transmembrane-cytoplasmic heterocomplex"
"ST_0148","ITGB3","2N9Y","Homo sapiens","Structure of the Integrin alphaIIb-beta3(A711P) Transmembrane Complex"
"ST_0149","ITGB3","3FCS","Homo sapiens","Structure of complete ectodomain of integrin aIIBb3"
"ST_0150","ITGB3","3FCU","Homo sapiens","Structure of headpiece of integrin aIIBb3 in open conformation"
"ST_0151","ITGB3","3T3P","Homo sapiens","A Novel High Affinity Integrin alphaIIbbeta3 Receptor Antagonist That Unexpectedly Displaces Mg2+ from the beta3 MIDAS"
"ST_0152","ITGB3","4G1M","Homo sapiens","Re-refinement of alpha V beta 3 structure"
"ST_0153","ITGB3","4O02","Homo sapiens","AlphaVBeta3 integrin in complex with monoclonal antibody FAB fragment."
"ST_0154","ITGB3","5XQ1","Mus musculus","Structural basis of kindlin-mediated integrin recognition and activation"
"ST_0155","ITGB3","2MTP","Homo sapiens","The structure of Filamin repeat 21 bound to integrin"
"ST_0156","ITGB3","3IJE","Homo sapiens","Crystal structure of the complete integrin alhaVbeta3 ectodomain plus an Alpha/beta transmembrane fragment"
"ST_0157","ITGB3","3T3M","Homo sapiens","A Novel High Affinity Integrin alphaIIbbeta3 Receptor Antagonist That Unexpectedly Displaces Mg2+ from the beta3 MIDAS"
"ST_0158","ITGB3","4MMX","Homo sapiens","Integrin AlphaVBeta3 ectodomain bound to the tenth domain of Fibronectin"
"ST_0159","ITGB3","4MMY","Homo sapiens","Integrin AlphaVBeta3 ectodomain bound to the tenth domain of Fibronectin with the IAKGDWND motif"
"ST_0160","ITGB3","4MMZ","Homo sapiens","Integrin AlphaVBeta3 ectodomain bound to an antagonistic tenth domain of Fibronectin"
"ST_0161","ITGB3","4Z7N","Homo sapiens","Integrin alphaIIbbeta3 in complex with AGDV peptide"
"ST_0162","ITGB3","4Z7O","Homo sapiens","Integrin alphaIIbbeta3 in complex with AGDV peptide"
"ST_0163","ITGB3","4Z7Q","Homo sapiens","Integrin alphaIIbbeta3 in complex with AGDV-NH2 peptide"
"ST_0164","ITGB3","5HDB","Homo sapiens","Integrin alphaIIbbeta3 in complex with Ro-435054"
"ST_0165","ITGB3","6AVQ","Homo sapiens","The Therapeutic Antibody LM609 Selectively Inhibits Ligand Binding to Human alpha-V beta-3 Integrin via Steric Hindrance"
"ST_0166","ITGB3","6AVR","Homo sapiens","Human alpha-V beta-3 Integrin (intermediate conformation) in complex with the therapeutic antibody LM609"
"ST_0167","ITGB3","6AVU","Homo sapiens","Human alpha-V beta-3 Integrin (open conformation) in complex with the therapeutic antibody LM609"
"ST_0168","ITGB3","3NID","Homo sapiens","The Closed Headpiece of Integrin alphaIIB beta3 and its Complex with an alpahIIB beta3 -Specific Antagonist That Does Not Induce Opening"
"ST_0169","ITGB3","3NIF","Homo sapiens","The Closed Headpiece of Integrin IIb 3 and its Complex with an IIb 3 -Specific Antagonist That Does Not Induce Opening"
"ST_0170","ITGB3","3NIG","Homo sapiens","The Closed Headpiece of Integrin IIb 3 and its Complex with an IIb 3 -Specific Antagonist That Does Not Induce Opening"
"ST_0171","C1q","1PK6","Homo sapiens","Globular Head of the Complement System Protein C1q"
"ST_0172","C1q","2JG9","Homo sapiens","Crystallographic structure of human C1q globular heads (P1)"
"ST_0173","C1q","2KA3","Homo sapiens","Structure of EMILIN-1 C1Q-like domain"
"ST_0174","C1q","2OII","Homo sapiens","Structure of EMILIN-1 C1q-like domain"
"ST_0175","C1q","2WNU","Homo sapiens","Complex between c1q globular heads and heparan sulfate"
"ST_0176","C1q","2WNV","Homo sapiens","Complex between C1q globular heads and deoxyribose"
"ST_0177","C1q","4OUL","Homo sapiens","Crystal structure of human Caprin-2 C1q domain"
"ST_0178","C1q","4OUM","Homo sapiens","Crystal structure of human Caprin-2 C1q domain"
"ST_0179","C1q","4OUS","Danio rerio","Crystal structure of zebrafish Caprin-2 C1q domain"
"ST_0180","C1q","5KC5","Homo sapiens","Crystal structure of the Cbln1 C1q domain trimer"
"ST_0181","C1q","2JG8","Homo sapiens","Crystallographic structure of human C1q globular heads complexed to phosphatidyl-serine"
"ST_0182","C1q","4LOR","Homo sapiens","C1s CUB1-EGF-CUB2 in complex with a collagen-like peptide from C1q"
"ST_0183","C1q","5HKJ","Homo sapiens","Single Chain Recombinant Globular Head of the Complement System Protein C1q"
"ST_0184","C1q","4QPY","Mus musculus","Crystal structure of C1QL2"
"ST_0185","C1q","4QQ2","Mus musculus","Crystal structure of C1QL1"
"ST_0186","C1q","4QQH","Mus musculus","Crystal structure of C1QL3 in space group H32"
"ST_0187","C1q","4QQL","Mus musculus","Crystal structure of C1QL3 in P1 space group"
"ST_0188","C1q","4QQO","Mus musculus","Crystal structure of C1QL3 mutant D205A"
"ST_0189","C1q","4QQP","Mus musculus","Crystal structure of C1QL3 mutant D207A"
"ST_0190","C1q","5HZF","Homo sapiens","Single Chain Recombinant Globular Head of the Complement System Protein C1q in complex with magnesium"
"ST_0191","C1q","5KCA","Homo sapiens","Crystal structure of the Cbln1 C1q domain trimer in complex with the amino-terminal domain (ATD) of iGluR Delta-2 (GluD2)"
"ST_0192","C1q","1L6X","Homo sapiens","FC FRAGMENT OF RITUXIMAB BOUND TO A MINIMIZED VERSION OF THE B-DOMAIN FROM PROTEIN A CALLED Z34C"
"ST_0193","C1q","4LMF","Homo sapiens","C1s CUB1-EGF-CUB2"
"ST_0194","C1q","4LOS","Homo sapiens","C1s CUB2-CCP1"
"ST_0195","C1q","4LOT","Homo sapiens","C1s CUB2-CCP1-CCP2"
"ST_0196","C1q","5V43","Homo sapiens","Engineered human IgG Fc domain aglyco801"
"ST_0197","C1q","5V4E","Homo sapiens","Engineered human IgG Fc domain glyco801 (Fc801)"
"ST_0198","C1q","4D7Y","Mus musculus","Crystal structure of mouse C1QL1 globular domain"
"ST_0199","C1q","5H48","Rattus norvegicus","Crystal structure of Cbln1"
"ST_0200","C1q","5H49","Rattus norvegicus","Crystal structure of Cbln1"
"ST_0201","C1q","6FCZ","Homo sapiens","Model of gC1q-Fc complex based on 7A EM map"
"ST_0202","C1q","5H4B","Mus musculus","Crystal structure of Cbln4"
"ST_0203","C1q","5H4C","Rattus norvegicus","Crystal structure of Cbln4"
"ST_0204","C1q","5J97","Homo sapiens","Dimerization domain of cytoplasmic activation/proliferation-associated protein-2 (caprin-2)"
"ST_0205","C1q","1C28","Mus musculus","THE CRYSTAL STRUCTURE OF A COMPLMENT-1Q FAMILY PROTEIN SUGGESTS AN EVOLUTIONARY LINK TO TUMOR NECROSIS FACTOR"
"ST_0206","C1q","1C3H","Mus musculus","ACRP30 CALCIUM COMPLEX"
"ST_0207","C1q","4F3J","Homo sapiens","Crystal Structure of Trimeric gC1q Domain of Human C1QTNF5 associated with Late-onset Retinal Macular Degeneration"
"ST_0208","C1q","4DOU","Homo sapiens","Crystal Structure of a Single-chain Trimer of Human Adiponectin Globular Domain"
"ST_0209","C1q","4NN0","Homo sapiens","Crystal structure of the C1QTNF5 globular domain in space group P63"
"ST_0210","C1q","5U52","Homo sapiens","2 helix minimized version of the B-domain from Protein A (Z34C0 bound to IgG1 Fc (monoclinic form)"
"ST_0211","C1q","3GMN","Mus musculus","Structure of mouse CD1d in complex with C10Ph"
"ST_0212","CARD8","4IKM","Homo sapiens, Escherichia coli (strain K12)","X-ray structure of CARD8 CARD domain"
"ST_0213","CD14","1WWL","Mus musculus","Crystal structure of CD14"
"ST_0214","CD14","4GLP","Homo sapiens","The crystal structure of soluble human CD14 reveals a bent solenoid with a hydrophobic amino-terminal pocket."
"ST_0215","CD14","2CFV","Homo sapiens","Crystal structure of human protein tyrosine phosphatase receptor type J"
"ST_0216","CD147","3QR2","Homo sapiens","Wild type CD147 Ig0 domain"
"ST_0217","CD147","5XF0","Homo sapiens","Solution structure of the IgI domain of CD147"
"ST_0218","CD147","3B5H","Homo sapiens","Crystal structure of the extracellular portion of HAb18G/CD147"
"ST_0219","CD147","3QQN","Homo sapiens","The retinal specific CD147 Ig0 domain: from molecular structure to biological activity"
"ST_0220","CD147","5X4G","","Crystal structure of Fab fragment of anti-CD147 monoclonal antibody 6H8"
"ST_0221","CD147","5X0T","Homo sapiens","Crystal structure of CD147 C2 domain in complex with Fab of its monoclonal antibody 6H8"
"ST_0222","CD147","3I84","Homo sapiens","The Crystal Structure of Human EMMPRIN N-terminal Domain 1 in P6(1)22 space group"
"ST_0223","CD147","3I85","Homo sapiens","The Crystal Structure of Human EMMPRIN N-terminal Domain 1"
"ST_0224","CD209","2B6B","Homo sapiens, Dengue virus 2","Cryo EM structure of Dengue complexed with CRD of DC-SIGN"
"ST_0225","CD209","3ZHG","Mus musculus","Crystallographic structure of the native mouse SIGN-R1 CRD domain"
"ST_0226","CD209","2IT5","Homo sapiens","Crystal Structure of DCSIGN-CRD with man6"
"ST_0227","CD209","2IT6","Homo sapiens","Crystal Structure of DCSIGN-CRD with man2"
"ST_0228","CD209","2XR5","Homo sapiens","Crystal structure of the complex of the carbohydrate recognition domain of human DC-SIGN with pseudo dimannoside mimic."
"ST_0229","CD209","2XR6","Homo sapiens","Crystal structure of the complex of the carbohydrate recognition domain of human DC-SIGN with pseudo trimannoside mimic."
"ST_0230","CD209","1XAR","Homo sapiens","Crystal Structure of a fragment of DC-SIGNR (containing the carbohydrate recognition domain and two repeats of the neck)."
"ST_0231","CD209","1XPH","Homo sapiens","Structure of DC-SIGNR and a portion of repeat domain 8"
"ST_0232","CD209","4C9F","Mus musculus","Structure of SIGN-R1 in complex with Sulfodextran"
"ST_0233","CD209","4CAJ","Mus musculus","Crystallographic structure of the mouse SIGN-R1 CRD domain in complex with sialic acid"
"ST_0234","CD209","3JQH","Homo sapiens","Structure of the neck region of the glycan-binding receptor DC-SIGNR"
"ST_0235","CD21","1LY2","Homo sapiens","Crystal structure of unliganded human CD21 SCR1-SCR2 (Complement receptor type 2)"
"ST_0236","CD23","1T8C","Homo sapiens","Structure of the C-type lectin domain of CD23"
"ST_0237","CD23","1T8D","Homo sapiens","Structure of the C-type lectin domain of CD23"
"ST_0238","CD21","1W2R","Homo sapiens","Solution structure of CR2 SCR 1-2 by X-ray scattering"
"ST_0239","CD21","1W2S","Homo sapiens","Solution structure of CR2 SCR 1-2 in its complex with C3d by X-ray scattering"
"ST_0240","CD21","2GSX","Homo sapiens","Complement Receptor Type 2"
"ST_0241","CD23","1T8C","Homo sapiens","Structure of the C-type lectin domain of CD23"
"ST_0242","CD23","1T8D","Homo sapiens","Structure of the C-type lectin domain of CD23"
"ST_0243","CD23","2H2T","Homo sapiens","CD23 Lectin domain, Calcium 2+-bound"
"ST_0244","CD23","4GI0","Homo sapiens","Crystal structure of CD23 lectin domain mutant E249A"
"ST_0245","CD23","4GJ0","Homo sapiens","Crystal structure of CD23 lectin domain mutant S252A"
"ST_0246","CD23","4GJX","Homo sapiens","Crystal structure of CD23 lectin domain mutant D258A"
"ST_0247","CD23","4GK1","Homo sapiens","Crystal structure of CD23 lectin domain mutant D270A"
"ST_0248","CD23","2H2R","Homo sapiens","Crystal structure of the human CD23 Lectin domain, apo form"
"ST_0249","CD23","4G96","Homo sapiens","Crystal structure of calcium2+-free wild-type CD23 lectin domain"
"ST_0250","CD23","4G9A","Homo sapiens","Crystal structure of calcium2+-bound wild-type CD23 lectin domain"
"ST_0251","CD23","4J6J","Homo sapiens","Crystal structure of calcium2+-free wild-type CD23 lectin domain (crystal form A)"
"ST_0252","CD23","4J6K","Homo sapiens","Crystal structure of calcium2+-free wild-type CD23 lectin domain (crystal form B)"
"ST_0253","CD23","4J6L","Homo sapiens","Crystal structure of calcium2+-free wild-type CD23 lectin domain (crystal form C)"
"ST_0254","CD23","4J6M","Homo sapiens","Crystal structure of calcium2+-free wild-type CD23 lectin domain (crystal form D)"
"ST_0255","CD23","4J6N","Homo sapiens","Crystal structure of calcium2+-free wild-type CD23 lectin domain (crystal form E)"
"ST_0256","CD23","4J6P","Homo sapiens","Crystal structure of calcium2+-free wild-type CD23 lectin domain (crystal form F)"
"ST_0257","CD23","4J6Q","Homo sapiens","Crystal structure of calcium2+-free wild-type CD23 lectin domain (crystal form G)"
"ST_0258","CD23","5LGK","Homo sapiens","Crystal structure of the human IgE-Fc bound to its B cell receptor derCD23"
"ST_0259","CD23","4GKO","Homo sapiens","Crystal structure of the calcium2+-bound human IgE-Fc(epsilon)3-4 bound to its B cell receptor derCD23"
"ST_0260","CD23","4KI1","Homo sapiens","Primitive triclinic crystal form of the human IgE-Fc(epsilon)3-4 bound to its B cell receptor derCD23"
"ST_0261","CD23","5NQW","Homo sapiens","IgE-Fc in complex with single domain antibody 026"
"ST_0262","CD23","4EZM","Homo sapiens","Crystal structure of the human IgE-Fc(epsilon)3-4 bound to its B cell receptor derCD23"
"ST_0263","CD36","5LGD","Homo sapiens, Plasmodium falciparum","The CIDRa domain from MCvar1 PfEMP1 bound to CD36"
"ST_0264","CD36","4F7B","Homo sapiens","Structure of the lysosomal domain of limp-2"
"ST_0265","CD36","3C64","Plasmodium falciparum","The MC179 portion of the Cysteine-rich Interdomain Region (CIDR) of a Plasmodium falciparum Erythrocyte Membrane Protein-1 (PfEMP1)"
"ST_0266","CD36","4TVZ","Homo sapiens","Crystal Structure of SCARB2 in Neural Condition (pH7.5)"
"ST_0267","CD36","4TW0","Homo sapiens","Crystal Structure of SCARB2 in Acidic Condition (pH4.8)"
"ST_0268","CD36","4TW2","Homo sapiens","Crystal Structure of SCARB2 in Neural Condition (pH7.5)"
"ST_0269","CD36","4Q4B","Homo sapiens","Crystal structure of LIMP-2 (space group C2221)"
"ST_0270","CD36","4Q4F","Homo sapiens","Crystal structure of LIMP-2 (space group C2)"
"ST_0271","CD36","5UPH","Homo sapiens","Lipids bound lysosomal integral membrane protein 2"
"ST_0272","CD36","5XBM","Homo sapiens","Structure of SCARB2-JL2 complex"
"ST_0273","CD40","1LB6","Homo sapiens","TRAF6-CD40 Complex"
"ST_0274","CD40","1ALY","Homo sapiens","CRYSTAL STRUCTURE OF HUMAN CD40 LIGAND"
"ST_0275","CD40","1FLK","Homo sapiens","MOLECULAR BASIS FOR CD40 SIGNALING MEDIATED BY TRAF3"
"ST_0276","CD40","1FLL","Homo sapiens","MOLECULAR BASIS FOR CD40 SIGNALING MEDIATED BY TRAF3"
"ST_0277","CD40","1ZMS","Homo sapiens, Epstein-Barr virus (strain Raji)","LMP1 Protein binds to TRAF3 as a structural CD40"
"ST_0278","CD40","3QD6","Homo sapiens","Crystal structure of the CD40 and CD154 (CD40L) complex"
"ST_0279","CD40","5DMI","Homo sapiens","Structure of the extracellular domain of the CD40 in complex with CHI220 FAB"
"ST_0280","CD40","6FAX","Homo sapiens","Complex of Human CD40 Ectodomain with Lob 7.4 Fab"
"ST_0281","CD40","1KZZ","Homo sapiens","DOWNSTREAM REGULATOR TANK BINDS TO THE CD40 RECOGNITION SITE ON TRAF3"
"ST_0282","CD40","1L0A","Homo sapiens","DOWNSTREAM REGULATOR TANK BINDS TO THE CD40 RECOGNITION SITE ON TRAF3"
"ST_0283","CD40","1QSC","Homo sapiens","CRYSTAL STRUCTURE OF THE TRAF DOMAIN OF TRAF2 IN A COMPLEX WITH A PEPTIDE FROM THE CD40 RECEPTOR"
"ST_0284","CD40","5DMJ","Homo sapiens","Structure of the extracellular domain of the CD40 in complex with 3H56-5 DAB"
"ST_0285","CD40","5IHL","Homo sapiens","STRUCTURE OF THE EXTRACELLULAR DOMAIN OF THE CD40 IN COMPLEX WITH 3H56-5 DAB"
"ST_0286","CD40","1CZZ","Homo sapiens","STRUCTURE OF TNF RECEPTOR ASSOCIATED FACTOR 2 IN COMPLEX WITH A 17-RESIDUE CD40 PEPTIDE"
"ST_0287","CD40","1I9R","Homo sapiens","STRUCTURE OF CD40L IN COMPLEX WITH THE FAB FRAGMENT OF HUMANIZED 5C8 ANTIBODY"
"ST_0288","CD40","1D00","Homo sapiens","STRUCTURE OF TNF RECEPTOR ASSOCIATED FACTOR 2 IN COMPLEX WITH A 5-RESIDUE CD40 PEPTIDE"
"ST_0289","CD40","1RF3","Homo sapiens","Structurally Distinct Recognition Motifs in Lymphotoxin-B Receptor and CD40 for TRAF-mediated Signaling"
"ST_0290","CD40","3LKJ","Homo sapiens","Small Molecule Inhibition of the TNF Family Cyokine CD40 Ligand Through a Subunit Fracture Mechanism"
"ST_0291","CD40","2ECY","Homo sapiens","Solution structure of the Zinc finger, C3HC4 type (RING finger)" domain of TNF receptor-associated factor 3"
"ST_0292","CD40","2GKW","Homo sapiens","Key contacts promote recongnito of BAFF-R by TRAF3"
"ST_0293","CD40","4GHU","Mus musculus","Crystal structure of TRAF3/Cardif"
"ST_0294","CD43","1KYJ","","Tumor Associated Mucin Motif from CD43 protein"
"ST_0295","CD43","2EMS","Mus musculus","Crystal Structure Analysis of the radixin FERM domain complexed with adhesion molecule CD43"
"ST_0296","CD43","2EMT","Mus musculus","Crystal Structure Analysis of the radixin FERM domain complexed with adhesion molecule PSGL-1"
"ST_0297","CD44","1UUH","Homo sapiens","Hyaluronan binding domain of human CD44"
"ST_0298","CD44","2JCP","Mus musculus","The hyaluronan binding domain of murine CD44"
"ST_0299","CD44","1POZ","Homo sapiens","SOLUTION STRUCTURE OF THE HYALURONAN BINDING DOMAIN OF HUMAN CD44"
"ST_0300","CD44","2I83","Homo sapiens","hyaluronan-binding domain of CD44 in its ligand-bound form"
"ST_0301","CD44","2JCQ","Mus musculus","The hyaluronan binding domain of murine CD44 in a Type A complex with an HA 8-mer"
"ST_0302","CD44","4MRD","Mus musculus","Crystal structure of the murine cd44 hyaluronan binding domain complex with a small molecule"
"ST_0303","CD44","4MRE","Mus musculus","Crystal structure of the murine CD44 hyaluronan binding domain complex with a small molecule"
"ST_0304","CD44","4MRF","Mus musculus","Crystal structure of the murine cd44 hyaluronan binding domain complex with a small molecule"
"ST_0305","CD44","4MRG","Mus musculus","Crystal structure of the murine cd44 hyaluronan binding domain complex with a small molecule"
"ST_0306","CD44","4MRH","Mus musculus","Crystal structure of the murine CD44 hyaluronan binding domain complex with a small molecule"
"ST_0307","CD44","4NP2","Mus musculus","Crystal structure of the murine CD44 hyaluronan binding domain complex with a small molecule"
"ST_0308","CD44","4NP3","Mus musculus","Crystal structure of the murine cd44 hyaluronan binding domain complex with a small molecule"
"ST_0309","CD44","5BZC","Mus musculus","Crystal structure of the murine CD44 hyaluronan binding domain complex with a small molecule"
"ST_0310","CD44","5BZE","Mus musculus","Crystal structure of the murine CD44 hyaluronan binding domain complex with a small molecule"
"ST_0311","CD44","5BZF","Mus musculus","Crystal structure of the murine CD44 hyaluronan binding domain complex with a small molecule"
"ST_0312","CD44","5BZG","Mus musculus","Crystal structure of the murine CD44 hyaluronan binding domain complex with a small molecule"
"ST_0313","CD44","5BZH","Mus musculus","Crystal structure of the murine CD44 hyaluronan binding domain complex with a small molecule"
"ST_0314","CD44","5BZI","Mus musculus","Crystal structure of the murine cd44 hyaluronan binding domain complex with a small molecule"
"ST_0315","CD44","5BZJ","Mus musculus","Crystal structure of the murine cd44 hyaluronan binding domain complex with a small molecule"
"ST_0316","CD44","5BZK","Mus musculus","Crystal structure of the murine cd44 hyaluronan binding domain complex with a small molecule"
"ST_0317","CD44","5BZL","Mus musculus","Crystal structure of the murine cd44 hyaluronan binding domain complex with a small molecule"
"ST_0318","CD44","5BZM","Mus musculus","Crystal structure of the murine cd44 hyaluronan binding domain complex with a small molecule"
"ST_0319","CD44","5BZN","Mus musculus","Crystal structure of the murine cd44 hyaluronan binding domain complex with a small molecule"
"ST_0320","CD44","5BZO","Mus musculus","Crystal structure of the murine cd44 hyaluronan binding domain complex with a small molecule"
"ST_0321","CD44","5BZP","Mus musculus","Crystal structure of the murine cd44 hyaluronan binding domain complex with a small molecule"
"ST_0322","CD44","5BZQ","Mus musculus","Crystal structure of the murine cd44 hyaluronan binding domain complex with a small molecule"
"ST_0323","CD44","5BZR","Mus musculus","Crystal structure of the murine cd44 hyaluronan binding domain complex with a small molecule"
"ST_0324","CD44","5BZS","Mus musculus","Crystal structure of the murine cd44 hyaluronan binding domain complex with a small molecule"
"ST_0325","CD44","5BZT","Mus musculus","Crystal structure of the murine cd44 hyaluronan binding domain complex with a small molecule"
"ST_0326","CD44","2ZPY","Mus musculus","Crystal structure of the mouse radxin FERM domain complexed with the mouse CD44 cytoplasmic peptide"
"ST_0327","CD44","2JCR","Mus musculus","The hyaluronan binding domain of murine CD44 in a Type B complex with an HA 8-mer"
"ST_0328","CD44","4PZ3","Homo sapiens","High-resolution crystal structure of the human CD44 hyaluronan binding domain complex with undefined peptides"
"ST_0329","CD44","4PZ4","Homo sapiens","High-resolution crystal structure of the human CD44 hyaluronan binding domain in new space group"
"ST_0330","CD44","3X23","Mus musculus, Homo sapiens","Radixin complex"
"ST_0331","CD44","2XA6","Homo sapiens","Structural basis for homodimerization of the Src-associated during mitosis, 68 kD protein (Sam68) Qua1 domain"
"ST_0332","CD44","3WA0","Homo sapiens, Mus musculus","Crystal structure of merlin complexed with DCAF1/VprBP"
"ST_0333","CD5","2JOP","Homo sapiens","Solution structure of the N-terminal extracellular domain of the lymphocyte receptor CD5 (CD5 domain 1)"
"ST_0334","CD5","1UNL","Homo sapiens","Structural mechanism for the inhibition of CD5-p25 from the roscovitine, aloisine and indirubin"
"ST_0335","CD5","2JA4","Homo sapiens","Crystal structure of CD5 domain III reveals the fold of a group B scavenger cysteine-rich receptor"
"ST_0336","CD5","2JP0","Homo sapiens","Solution structure of the N-terminal extraceullular domain of the lymphocyte receptor CD5 calculated using inferential structure determination (ISD)"
"ST_0337","CD5","2OTT","Homo sapiens","Crystal structure of CD5_DIII"
"ST_0338","CLEC4M ","1K9J","Homo sapiens","Complex of DC-SIGNR and GlcNAc2Man3"
"ST_0339","CLEC4M ","1SL6","Homo sapiens","Crystal Structure of a fragment of DC-SIGNR (containg the carbohydrate recognition domain and two repeats of the neck) complexed with Lewis-x."
"ST_0340","CLEC4M ","1XAR","Homo sapiens","Crystal Structure of a fragment of DC-SIGNR (containing the carbohydrate recognition domain and two repeats of the neck)"
"ST_0341","CLEC4M ","1XPH","Homo sapiens","Structure of DC-SIGNR and a portion of repeat domain 8"
"ST_0342","CLEC4M ","3JQH","Homo sapiens","Structure of the neck region of the glycan-binding receptor DC-SIGNR"
"ST_0343","CLEC4E","4ZRV","Bos taurus","Structure of cow mincle CRD complexed with trehalose mono butyrate"
"ST_0344","CLEC4E","4ZRW","Bos taurus","Structure of cow mincle complexed with trehalose"
"ST_0345","CLEC4E","5KTH","Bos taurus","Structure of cow mincle complexed with brartemicin"
"ST_0346","CLEC4E","5KTI","Bos taurus","Structure of cow mincle complexed with KMJ1"
"ST_0347","CLEC4E","3WH2","Homo sapiens","Human Mincle in complex with citrate"
"ST_0348","CLEC4E","3WH3","Homo sapiens","human Mincle, ligand free form"
"ST_0349","CLEC4E","4KZV","Bos taurus","Structure of the carbohydrate-recognition domain of the C-type lectin mincle bound to trehalose"
"ST_0350","CLEC4E","4KZW","Bos taurus","Structure of the carbohydrate-recognition domain of the C-type lectin mincle"
"ST_0351","CERK1","4EBY","Arabidopsis thaliana","Crystal structure of the ectodomain of a receptor like kinase"
"ST_0352","CERK1","4EBZ","Arabidopsis thaliana","Crystal structure of the ectodomain of a receptor like kinase"
"ST_0353","CLEC5A","2YHF","Homo sapiens","1.9 Angstrom Crystal Structure of CLEC5A"
"ST_0354","CLEC6A ","5VYB","Homo sapiens","Structure of the carbohydrate recognition domain of Dectin-2 complexed with a mammalian-type high mannose Man9GlcNAc2 oligosaccharide"
"ST_0355","COLEC12","2OX9","Mus musculus","Mouse Scavenger Receptor C-type Lectin carbohydrate-recognition domain"
"ST_0356","CR3","5OY9","Homo sapiens, Vesicular stomatitis Indiana virus (strain Mudd-Summers)","VSV G CR3"
"ST_0357","CR3","1IDO","Homo sapiens","I-DOMAIN FROM INTEGRIN CR3, MG2+ BOUND"
"ST_0358","CR3","1JLM","Homo sapiens","I-DOMAIN FROM INTEGRIN CR3, MN2+ BOUND"
"ST_0359","CR3","2B9D","Human papillomavirus type 1","Crystal Structure of HPV E7 CR3 domain"
"ST_0360","CR3","1D2L","Homo sapiens","NMR SOLUTION STRUCTURE OF COMPLEMENT-LIKE REPEAT CR3 FROM THE LOW DENSITY LIPOPROTEIN RECEPTOR-RELATED PROTEIN (LRP). EVIDENCE FOR SPECIFIC BINDING TO"
"ST_0361","CTLA4","1DQT","Mus musculus","THE CRYSTAL STRUCTURE OF MURINE CTLA4 (CD152)"
"ST_0362","CTLA4","5E56","Mus musculus","Crystal structure of mouse CTLA-4"
"ST_0363","CTLA4","5GGV","Homo sapiens","CTLA-4 in complex with tremelimumab Fab"
"ST_0364","CTLA4","3OSK","Homo sapiens","Crystal structure of human CTLA-4 apo homodimer"
"ST_0365","CTLA4","4KKN","Bos taurus","Crystal structure of bovine CTLA-4, PSI-NYSGRC-012704"
"ST_0366","CTLA4","4N8P","Ornithorhynchus anatinus","Crystal structure of a strand swapped CTLA-4 from Duckbill Platypus [PSI-NYSGRC-012711]"
"ST_0367","CTLA4","5E5M","Mus musculus","Crystal structure of mouse CTLA-4 in complex with nanobody"
"ST_0368","CTLA4","3BX7","Homo sapiens","Engineered Human Lipocalin 2 (LCN2) in Complex with the Extracellular Domain of Human CTLA-4"
"ST_0369","CTLA4","5XJ3","Homo sapiens","Complex structure of ipilimumab-scFv and CTLA-4"
"ST_0370","CTLA4","1I85","Homo sapiens","CRYSTAL STRUCTURE OF THE CTLA-4/B7-2 COMPLEX"
"ST_0371","CTLA4","5TRU","Homo sapiens","Structure of the first-in-class checkpoint inhibitor Ipilimumab bound to human CTLA-4"
"ST_0372","Calnexin ","1JHN","Canis lupus familiaris","Crystal Structure of the Lumenal Domain of Calnexin"
"ST_0373","Calnexin ","3ICH","Homo sapiens","Crystal structure of cyclophilin B at 1.2 A resolution"
"ST_0374","Calnexin ","3ICI","Canis lupus familiaris, Homo sapiens","Crystal structure of cyclophilin B in complex with calmegin fragment"
"ST_0375","Calnexin ","5V8Z","Canis lupus familiaris, Homo sapiens","Crystal structure of ERp29 D-domain in complex with the P-domain of calmegin"
"ST_0376","Calnexin ","5V90","Homo sapiens","Crystal structure of ERp29 D-domain in complex with the P-domain of calreticulin"
"ST_0377","Caspase-1","2NN3","Spodoptera frugiperda","structure of pro-sf-caspase-1"
"ST_0378","Caspase-1","1M72","Spodoptera frugiperda","Crystal Structure of Caspase-1 from Spodoptera frugiperda"
"ST_0379","Caspase-1","5FNA","Homo sapiens","Cryo-EM reconstruction of caspase-1 CARD"
"ST_0380","Caspase-1","1SC3","Homo sapiens","Crystal structure of the human caspase-1 C285A mutant in complex with malonate"
"ST_0381","Caspase-1","1SC4","Homo sapiens","Crystal structure of the human caspase-1 C285A mutant after removal of malonate"
"ST_0382","Caspase-1","2H4W","Homo sapiens","Crystal structure of human caspase-1 (Glu390->Asp) in complex with 3-[2-(2-benzyloxycarbonylamino-3-methyl-butyrylamino)-propionylamino]-4-oxo-pentano"
"ST_0383","Caspase-1","2H4Y","Homo sapiens","Crystal structure of human caspase-1 (Arg286->Lys) in complex with 3-[2-(2-benzyloxycarbonylamino-3-methyl-butyrylamino)-propionylamino]-4-oxo-pentano"
"ST_0384","Caspase-1","2H51","Homo sapiens","Crystal structure of human caspase-1 (Glu390->Asp and Arg286->Lys) in complex with 3-[2-(2-benzyloxycarbonylamino-3-methyl-butyrylamino)-propionylamin"
"ST_0385","Caspase-1","2H54","Homo sapiens","Crystal structure of human caspase-1 (Thr388->Ala) in complex with 3-[2-(2-benzyloxycarbonylamino-3-methyl-butyrylamino)-propionylamino]-4-oxo-pentano"
"ST_0386","Caspase-1","1CWW","Homo sapiens","SOLUTION STRUCTURE OF THE CASPASE RECRUITMENT DOMAIN (CARD) FROM APAF-1"
"ST_0387","Caspase-1","6BZ9","Homo sapiens","Crystal structure of human caspase-1 in complex with Ac-FLTD-CMK"
"ST_0388","Caspase-1","1RWK","Homo sapiens","Crystal structure of human caspase-1 in complex with 3-(2-mercapto-acetylamino)-4-oxo-pentanoic acid"
"ST_0389","Caspase-1","1SC1","Homo sapiens","Crystal structure of an active-site ligand-free form of the human caspase-1 C285A mutant"
"ST_0390","Caspase-1","3NS7","Homo sapiens","Succinic Acid Amides as P2-P3 Replacements for Inhibitors of Interleukin-1beta Converting Enzyme (ICE or Caspase 1)"
"ST_0391","Caspase-1","1RWV","Homo sapiens","Crystal structure of human caspase-1 in complex with 5-[5-(1-carboxymethyl-2-oxo-propylcarbamoyl)-5-phenyl-pentylsulfamoyl]-2-hydroxy-benzoic acid"
"ST_0392","Caspase-1","1RWM","Homo sapiens","Crystal structure of human caspase-1 in complex with 4-oxo-3-[2-(5-{[4-(quinoxalin-2-ylamino)-benzoylamino]-methyl}-thiophen-2-yl)-acetylamino]-pentan"
"ST_0393","Caspase-1","1RWN","Homo sapiens","Crystal structure of human caspase-1 in complex with 3-{2-ethyl-6-[4-(quinoxalin-2-ylamino)-benzoylamino]-hexanoylamino}-4-oxo-butyric acid"
"ST_0394","Caspase-1","1RWO","Homo sapiens","Crystal structure of human caspase-1 in complex with 4-oxo-3-{6-[4-(quinoxalin-2-ylamino)-benzoylamino]-2-thiophen-2-yl-hexanoylamino}-pentanoic acid"
"ST_0395","Caspase-1","1RWP","Homo sapiens","Crystal structure of human caspase-1 in complex with 3-{6-[(8-hydroxy-quinoline-2-carbonyl)-amino]-2-thiophen-2-yl-hexanoylamino}-4-oxo-butyric acid"
"ST_0396","Caspase-1","1RWW","Homo sapiens","Crystal structure of human caspase-1 in complex with 4-oxo-3-[(6-{[4-(quinoxalin-2-ylamino)-benzoylamino]-methyl}-pyridine-3-carbonyl)-amino]-butyric "
"ST_0397","Caspase-1","1RWX","Homo sapiens","Crystal structure of human caspase-1 in complex with 4-oxo-3-{6-[4-(quinoxalin-2-yloxy)-benzoylamino]-2-thiophen-2-yl-hexanoylamino}-butyric acid"
"ST_0398","Caspase-1","1IBC","Homo sapiens","CRYSTAL STRUCTURE OF INHIBITED INTERLEUKIN-1BETA CONVERTING ENZYME"
"ST_0399","Caspase-1","5MMV","Homo sapiens","Crystal structure of human Caspase-1 with 2-((2-naphthoyl)-L-valyl)-4-hydroxy-N-((3S)-2-hydroxy-5-oxotetrahydrofuran-3-yl)-2-azabicyclo[2.2.2]octane-3"
"ST_0400","Caspase-1","6F6R","Homo sapiens","Crystal structure of human Caspase-1 with N-{3-[1-((S)-2-Hydroxy-5-oxo-tetrahydro-furan-3-ylcarbamoyl)-ethyl]-1-methyl-2,4-dioxo-1,2,3,4-tetrahydro-py"
"ST_0401","Caspase-1","3D6F","Homo sapiens","Crystal structure of human caspase-1 with a naturally-occurring Arg240->Gln substitution in complex with 3-[2-(2-benzyloxycarbonylamino-3-methyl-butyr"
"ST_0402","Caspase-1","3D6H","Homo sapiens","Crystal structure of human caspase-1 with a naturally-occurring Asn263->Ser substitution in complex with 3-[2-(2-benzyloxycarbonylamino-3-methyl-butyr"
"ST_0403","Caspase-1","3D6M","Homo sapiens","Crystal structure of human caspase-1 with a naturally-occurring Lys319->Arg substitution in complex with 3-[2-(2-benzyloxycarbonylamino-3-methyl-butyr"
"ST_0404","Caspase-1","2H48","Homo sapiens","Crystal structure of human caspase-1 (Cys362->Ala, Cys364->Ala, Cys397->Ala) in complex with 3-[2-(2-benzyloxycarbonylamino-3-methyl-butyrylamino)-pro"
"ST_0405","Caspase-1","2HBQ","Homo sapiens","Crystal structure of wildtype human caspase-1 in complex with 3-[2-(2-benzyloxycarbonylamino-3-methyl-butyrylamino)-propionylamino]-4-oxo-pentanoic ac"
"ST_0406","Caspase-1","2HBR","Homo sapiens","Crystal structure of human caspase-1 (Arg286->Ala) in complex with 3-[2-(2-benzyloxycarbonylamino-3-methyl-butyrylamino)-propionylamino]-4-oxo-pentano"
"ST_0407","Caspase-1","2HBY","Homo sapiens","Crystal structure of human caspase-1 (Glu390->Ala) in complex with 3-[2-(2-benzyloxycarbonylamino-3-methyl-butyrylamino)-propionylamino]-4-oxo-pentano"
"ST_0408","Caspase-1","2HBZ","Homo sapiens","Crystal structure of human caspase-1 (Arg286->Ala, Glu390->Ala) in complex with 3-[2-(2-benzyloxycarbonylamino-3-methyl-butyrylamino)-propionylamino]-"
"ST_0409","Caspase-1","2FQQ","Homo sapiens","Crystal structure of human caspase-1 (Cys285->Ala, Cys362->Ala, Cys364->Ala, Cys397->Ala) in complex with 1-methyl-3-trifluoromethyl-1H-thieno[2,3-c]p"
"ST_0410","Caspase-1","5MTK","Homo sapiens","Crystal structure of human Caspase-1 with (3S,6S,10aS)-N-((2S,3S)-2-hydroxy-5-oxotetrahydrofuran-3-yl)-6-(isoquinoline-1-carboxamido)-5-oxodecahydropy"
"ST_0411","RIG-1","2LWD","Homo sapiens","Solution structure of second CARD of human RIG-I"
"ST_0412","RIG-1","2LWE","Homo sapiens","Solution structure of mutant (T170E) second CARD of human RIG-I"
"ST_0413","RIG-1","2QFB","Homo sapiens","Crystal structure of the regulatory domain of human RIG-I with bound Zn"
"ST_0414","RIG-1","2QFD","Homo sapiens","Crystal structure of the regulatory domain of human RIG-I with bound Hg"
"ST_0415","RIG-1","2RMJ","Homo sapiens","Solution structure of RIG-I C-terminal domain"
"ST_0416","RIG-1","2YKG","Homo sapiens","Structural insights into RNA recognition by RIG-I"
"ST_0417","RIG-1","3LRN","Homo sapiens","Crystal structure of human RIG-I CTD bound to a 14 bp GC 5' ppp dsRNA"
"ST_0418","RIG-1","3LRR","Homo sapiens","Crystal structure of human RIG-I CTD bound to a 12 bp AU rich 5' ppp dsRNA"
"ST_0419","RIG-1","3NCU","Homo sapiens","Structural and functional insights into pattern recognition by the innate immune receptor RIG-I"
"ST_0420","RIG-1","3OG8","Homo sapiens","Crystal structure of human RIG-I CTD bound to a 14-bp blunt-ended dsRNA"
"ST_0421","RIG-1","3ZD6","synthetic construct, Homo sapiens","Snapshot 1 of RIG-I scanning on RNA duplex"
"ST_0422","RIG-1","3ZD7","synthetic construct, Homo sapiens","Snapshot 3 of RIG-I scanning on RNA duplex"
"ST_0423","RIG-1","4AY2","Homo sapiens","Capturing 5' tri-phosphorylated RNA duplex by RIG-I"
"ST_0424","RIG-1","4BPB","Homo sapiens","STRUCTURAL INSIGHTS INTO RNA RECOGNITION BY RIG-I"
"ST_0425","RIG-1","4NQK","Homo sapiens","Structure of an Ubiquitin complex"
"ST_0426","RIG-1","4ON9","Homo sapiens","DECH box helicase domain"
"ST_0427","RIG-1","4P4H","Homo sapiens","Caught-in-action signaling complex of RIG-I 2CARD domain and MAVS CARD domain"
"ST_0428","RIG-1","5E3H","Homo sapiens, synthetic construct","Structural Basis for RNA Recognition and Activation of RIG-I"
"ST_0429","RIG-1","5F98","synthetic construct, Homo sapiens","Crystal structure of RIG-I in complex with Cap-0 RNA"
"ST_0430","RIG-1","5F9F","synthetic construct, Homo sapiens","Crystal structure of RIG-I helicase-RD in complex with 24-mer blunt-end hairpin RNA"
"ST_0431","RIG-1","5F9H","Homo sapiens, synthetic construct","Crystal structure of RIG-I helicase-RD in complex with 24-mer 5' triphosphate hairpin RNA"
"ST_0432","PGRP","1OHT","Drosophila melanogaster","Peptidoglycan recognition protein LB"
"ST_0433","PGRP","1SXR","Drosophila melanogaster","Drosophila Peptidoglycan Recognition Protein (PGRP)-SA"
"ST_0434","PGRP","3C2X","Camelus dromedarius","Crystal structure of peptidoglycan recognition protein at 1.8A resolution"
"ST_0435","PGRP","1YCK","Homo Sapiens","Crystal structure of human peptidoglycan recognition protein (PGRP-S)"
"ST_0436","PGRP","2R2K","Camelus dromedarius","Crystal structure of the complex of camel peptidoglycan recognition protein with disaccharide at 3.2A resolution"
"ST_0437","PGRP","2R90","Camelus dromedarius","Crystal structure of cameline peptidoglycan recognition protein at 2.8A resolution"
"ST_0438","PGRP","2RKQ","Drosophila melanogaster","Crystal structure of drosophila peptidoglycan recognition protein SD (PGRP-SD)"
"ST_0439","PGRP","2XZ4","Drosophila melanogaster","Crystal structure of the LFZ ectodomain of the peptidoglycan recognition protein LF"
"ST_0440","PGRP","2XZ8","Drosophila melanogaster","CRYSTAL STRUCTURE OF THE LFW ECTODOMAIN OF THE PEPTIDOGLYCAN RECOGNITION PROTEIN LF"
"ST_0441","PGRP","2Z9N","Camelus dromedarius","Crystal structure of cameline peptidoglycan recognition protein at 3.2 A resolution"
"ST_0442","PGRP","4Z8I","Branchiostoma belcheri tsingtauense","Crystal structure of Branchiostoma belcheri tsingtauense peptidoglycan recognition protein 3"
"ST_0443","PGRP","5XGY","Camelus dromedarius","Crystal structure of peptidoglycan recognition protein (PGRP-S) at 2.45 A resolution"
"ST_0444","PGRP","1SK3","Homo Sapiens","Crystal structure of the C-terminal peptidoglycan-binding domain of human peptidoglycan recognition protein Ialpha"
"ST_0445","PGRP","1SK4","Homo Sapiens","crystal structure of the C-terminal peptidoglycan-binding domain of human peptidoglycan recognition protein Ialpha"
"ST_0446","PGRP","2CB3","Drosophila melanogaster","Crystal structure of peptidoglycan recognition protein-LE in complex with tracheal cytotoxin (monomeric diaminopimelic acid-type peptidoglycan)"
"ST_0447","PGRP","2EAV","Homo Sapiens","Crystal structure of the C-terminal peptidoglycan-binding domain of human peptidoglycan recognition protein Ibeta"
"ST_0448","PGRP","1TWQ","Homo Sapiens","Crystal structure of the C-terminal PGN-binding domain of human PGRP-Ialpha in complex with PGN analog muramyl tripeptide"
"ST_0449","PGRP","3RT4","Camelus dromedarius","Structural Basis of Recognition of Pathogen-associated Molecular Patterns and Inhibition of Proinflammatory Cytokines by Camel Peptidoglycan Recogniti"
"ST_0450","PGRP","3CG9","Camelus dromedarius","Crystal structure of the complex of peptidoglycan recognition protein with methyloxane-2,3,4,5-tetrol at 2.9 A resolution"
"ST_0451","PGRP","3COR","Camelus dromedarius","Crystal structure of the complex of peptidoglycan recognition protein (PGRP-S) with N-acetylgalactosamine at 3.1 A resolution"
"ST_0452","PGRP","3CXA","Camelus dromedarius","Crystal structure of the complex of peptidoglycan recognition protein with alpha-D-glucopyranosyl alpha-D-glucopyranoside at 3.4 A resolution"
"ST_0453","PGRP","3NG4","Camelus dromedarius","Ternary complex of peptidoglycan recognition protein (PGRP-S) with Maltose and N-Acetylglucosamine at 1.7 A Resolution"
"ST_0454","PGRP","3NNO","Camelus dromedarius","Crystal structure of the complex of peptidoglycan recognition protein (PGRP-S) with Alpha-Rhamnose at 2.9 A resolution"
"ST_0455","PGRP","3NW3","Camelus dromedarius","Crystal structure of the complex of peptidoglycan recognition protein (PGRP-S) with the PGN Fragment at 2.5 A resolution"
"ST_0456","PGRP","3O4K","Camelus dromedarius","Crystal structure of the complex of peptidoglycan recognition protein (PGRP-S) and lipoteichoic acid at 2.1 A resolution"
"ST_0457","PGRP","3OGX","Camelus dromedarius","Crystal structure of the complex of Peptidoglycan Recognition protein (PGRP-s) with Heparin-Dissacharide at 2.8 A resolution"
"ST_0458","PGRP","3QJ1","Camelus dromedarius","Crystal structure of camel peptidoglycan recognition protein, PGRP-S with a trapped diethylene glycol in the ligand diffusion channel at 3.2 A resolut"
"ST_0459","PGRP","3QS0","Camelus dromedarius","Crystal structure of the complex of peptidoglycan recognition protein (PGRP-S) with a bound N-acetylglucosamine in the diffusion channel at 2.5 A reso"
"ST_0460","PGRP","3QV4","Camelus dromedarius","Crystal structure of the complex of peptidoglycan recognition protein (PGRP-S) with dipeptide L-ALA D-GLU at 2.7 A resolution"
"ST_0461","PGRP","3T2V","Camelus dromedarius","Crystal structure of the complex of peptidoglycan recognition protein-short (CPGRP-S) with mycolic acid at 2.5 A resolution"
"ST_0462","PGRP","3T39","Camelus dromedarius","Crystal structure of the complex of camel peptidoglycan recognition protein(CPGRP-S) with a mycobacterium metabolite shikimate at 2.7 A resolution"
"ST_0463","PGRP","3TRU","Camelus dromedarius","Crystal structure of the complex of peptidoglycan recognition protein with cellular metabolite chorismate at 3.2 A resolution"
"ST_0464","PGRP","3UMQ","Camelus dromedarius","Crystal structure of peptidoglycan recognition protein-S complexed with butyric acid at 2.2 A resolution"
"ST_0465","PGRP","4OUG","Camelus dromedarius","Crystal structure of the ternary complex of camel peptidoglycan recognition protein, PGRP-S with lipopolysaccharide and palmitic acid at 2.46 A resolu"
"ST_0466","PGRP","4Q8S","Camelus dromedarius","Crystal structure of mammalian Peptidoglycan recognition protein PGRP-S with paranitrophenyl palmitate and N-acetyl glucosamine at 2.09 A resolution"
"ST_0467","PGRP","4Q9E","Camelus dromedarius","Structure of the ternary complex of peptidoglycan recognition protein, PGRP-S with N-acetyl glucosamine and paranitro benzaldehyde at 2.3 A resolution"
"ST_0468","PGRP","5DWF","Camelus dromedarius","Crystal structure of the complex of Peptidoglycan recognition protein, PGRP-S from camel with ethylene glycol at 1.83 A resolution"
"ST_0469","PGRP","5E0A","Camelus dromedarius","Crystal Structure of the complex of Camel Peptidoglycan Recognition Protein (CPGRP-S) and N-Acetylglucosamine at 2.6 A"
"ST_0470","PGRP","5E0B","Camelus dromedarius","Crystal structure of the complex of Peptidoglycan recognition protein PGRP-S with N-Acetyl Muramic acid at 2.6 A resolution"
"ST_0471","PGRP","4GF9","Camelus dromedarius","Structural insights into the dual strategy of recognition of peptidoglycan recognition protein, PGRP-S: ternary complex of PGRP-S with LPS and fatty a"
"ST_0472","PGRP","4ZXM","Branchiostoma belcheri tsingtauense","Crystal structure of PGRP domain from Branchiostoma belcheri tsingtauense peptidoglycan recognition protein 3"
"ST_0473","PGRP","2APH","Homo Sapiens","Crystal structure of human PGRP-IalphaC in complex with muramyl pentapeptide"
"ST_0474","PGRP","4OPP","Camelus dromedarius","Crystal structure of the ternary complex of camel peptidoglycan recognition protein PGRP-S with 11-cyclohexylundecanoic acid and N- acetylglucosamine "
"ST_0475","PGRP","4ORV","Camelus dromedarius","Crystal structure of the ternary complex of camel peptidoglycan recognition protein PGRP-S with 7- phenylheptanoic acid and N- acetylglucosamine at 2."
"ST_0476","PGRP","2BG1","Streptococcus pneumoniae","Active site restructuring regulates ligand recognition in classA Penicillin-binding proteins (PBPs)"
"ST_0477","PGRP","3UIL","Camelus dromedarius","Crystal Structure of the complex of PGRP-S with lauric acid at 2.2 A resolution"
"ST_0478","PGRP","3USX","Camelus dromedarius","Crystal structure of PGRP-S complexed with Myristic Acid at 2.28 A resolution"
"ST_0479","PGRP","4FNN","Camelus dromedarius","Crystal structure of the complex of CPGRP-S with stearic acid at 2.2 A RESOLUTION"
"ST_0480","PGRP","3UML","Camelus dromedarius","Crystal structure of PGRP-S complexed with chorismate at 2.15 A resolution"
"ST_0481","PGRP","2UWX","Streptococcus pneumoniae (strain ATCC BAA-255 / R6)","Active site restructuring regulates ligand recognition in class A penicillin-binding proteins"
"ST_0482","PGRP","2XD1","Streptococcus pneumoniae (strain ATCC BAA-255 / R6)","ACTIVE SITE RESTRUCTURING REGULATES LIGAND RECOGNITION IN CLASS A PENICILLIN-BINDING PROTEINS"
"ST_0483","PGRP","2F2L","Drosophila melanogaster","Crystal structure of tracheal cytotoxin (TCT) bound to the ectodomain complex of peptidoglycan recognition proteins LCa (PGRP-LCa) and LCx (PGRP-LCx)"
"ST_0484","PGRP","1S2J","Drosophila melanogaster","Crystal structure of the Drosophila pattern-recognition receptor PGRP-SA"
"ST_0485","PGRP","2MKX","Enterococcus faecalis (strain ATCC 700802 / V583)","Solution structure of LysM the peptidoglycan binding domain of autolysin AtlA from Enterococcus faecalis"
"ST_0486","PGRP","2AIZ","Haemophilus influenzae (strain ATCC 51907 / DSM 11121 / KW20 / Rd)","Solution structure of peptidoglycan associated lipoprotein from Haemophilus influenza bound to UDP-N-acetylmuramoyl-L-alanyl-D-glutamyl-meso-2,6-diami"
"ST_0487","PGRP","2EAX","Homo Sapiens","Crystal structure of human PGRP-IBETAC in complex with glycosamyl muramyl pentapeptide"
"ST_0488","PGRP","5OAU","Streptococcus pneumoniae (strain ATCC BAA-255 / R6)","Penicillin-Binding Protein 2X (PBP2X) from Streptococcus pneumoniae"
"ST_0489","PGRP","5OIZ","Streptococcus pneumoniae (strain ATCC BAA-255 / R6)","Penicillin-Binding Protein 2X (PBP2X) from Streptococcus pneumoniae in complex with oxacillin"
"ST_0490","PGRP","5OJ0","Streptococcus pneumoniae (strain ATCC BAA-255 / R6)","Penicillin-Binding Protein 2X (PBP2X) from Streptococcus pneumoniae in complex with Cefepime"
"ST_0491","PGRP","5OJ1","Streptococcus pneumoniae (strain ATCC BAA-255 / R6)","Penicillin Binding Protein 2x (PBP2x) from S.pneumoniae in complex with Oxacillin and a tetrasaccharide"
"ST_0492","PGRP","1Z6I","Drosophila melanogaster","Crystal structure of the ectodomain of Drosophila transmembrane receptor PGRP-LCa"
"ST_0493","PGRP","2LBT","Mycobacterium tuberculosis (strain ATCC 25618 / H37Rv)","Solution structure of the C domain of RV0899(D236A) from mycobacterium tuberculosis"
"ST_0494","PGRP","2LCA","Mycobacterium tuberculosis (strain ATCC 25618 / H37Rv)","Solution structure of the C domain of RV0899 from mycobacterium tuberculosis"
"ST_0495","PGRP","4JID","Bacillus anthracis","Crystal structure of BaLdcB / VanY-like L,D-carboxypeptidase Zinc(II)-free"
"ST_0496","PGRP","4MPH","Bacillus anthracis","Crystal structure of BaLdcB / VanY-like L,D-carboxypeptidase Zinc(II)-bound"
"ST_0497","PGRP","4NSR","Vibrio cholerae serotype O1 (strain ATCC 39315 / El Tor Inaba N16961)","Crystal structure of the Immunity protein"
"ST_0498","PGRP","4NSO","Vibrio cholerae serotype O1 (strain ATCC 39315 / El Tor Inaba N16961)","Crystal structure of the effector-immunity protein complex"
"ST_0499","PGRP","3CYP","Helicobacter pylori (strain ATCC 700392 / 26695)","The crystal structure of the C-terminal domain of Helicobacter pylori MotB (residues 125-256)."
"ST_0500","PGRP","3CYQ","Helicobacter pylori (strain ATCC 700392 / 26695)","The crystal structure of the complex of the C-terminal domain of Helicobacter pylori MotB (residues 125-256) with N-acetylmuramic acid"
"ST_0501","PGRP","3EP1","Alvinella pompejana","Structure of the PGRP-Hd from Alvinella pompejana"
"ST_0502","PGRP","4Q6M","Helicobacter pylori (strain ATCC 700392 / 26695)","Structural analysis of the apo-form of Helicobacter pylori Csd4, a D,L-carboxypeptidase"
"ST_0503","PGRP","4Q6N","Helicobacter pylori (strain ATCC 700392 / 26695)","Structural analysis of the tripeptide-bound form of Helicobacter pylori Csd4, a D,L-carboxypeptidase"
"ST_0504","PGRP","4Q6O","Helicobacter pylori (strain ATCC 700392 / 26695)","Structural analysis of the mDAP-bound form of Helicobacter pylori Csd4, a D,L-carboxypeptidase"
"ST_0505","PGRP","4Q6P","Helicobacter pylori (strain ATCC 700392 / 26695)","Structural analysis of the Zn-form I of Helicobacter pylori Csd4, a D,L-carboxypeptidase"
"ST_0506","PGRP","4Q6Q","Helicobacter pylori (strain ATCC 700392 / 26695)","Structural analysis of the Zn-form II of Helicobacter pylori Csd4, a D,L-carboxypeptidase"
"ST_0507","PGRP","5MKC","Streptococcus pneumoniae serotype 4 (strain ATCC BAA-334 / TIGR4)","Crystal structure of the RrgA Jo.In complex"
"ST_0508","TLR1","1FYV","Homo sapiens","CRYSTAL STRUCTURE OF THE TIR DOMAIN OF HUMAN TLR1"
"ST_0509","TLR1","2Z7X","Homo sapiens","Crystal structure of the TLR1-TLR2 heterodimer induced by binding of a tri-acylated lipopeptide"
"ST_0510","TLR1","2Z80","Homo sapiens","Crystal structure of the TLR1-TLR2 heterodimer induced by binding of a tri-acylated lipopeptide"
"ST_0511","TLR1","2Z81","Mus musculus","Crystal structure of the TLR1-TLR2 heterodimer induced by binding of a tri-acylated lipopeptide"
"ST_0512","TLR1","2Z82","Mus musculus","Crystal structure of the TLR1-TLR2 heterodimer induced by binding of a tri-acylated lipopeptide"
"ST_0513","Complement factor C3-like protein ","5O35","Homo sapiens","Structure of complement proteins complex"
"ST_0514","Complement factor C3-like protein ","4ZH1","Homo sapiens","Complement factor H in complex with the GM1 glycan"
"ST_0515","Complement factor C3-like protein ","2WII","Homo sapiens","Complement C3b in complex with factor H domains 1-4"
"ST_0516","Complement factor C3-like protein ","6EHG","Homo sapiens","complement component C3b in complex with a nanobody"
"ST_0517","Complement factor C3-like protein ","2XQW","Homo sapiens","Structure of Factor H domains 19-20 in complex with complement C3d"
"ST_0518","Complement factor C3-like protein ","5O32","Homo sapiens","The structure of complement complex"
"ST_0519","Complement factor C3-like protein ","3OXU","Homo sapiens","Complement components factor H CCP19-20 and C3d in complex"
"ST_0520","Complement factor C3-like protein ","3PVM","Naja kaouthia, Homo sapiens","Structure of Complement C5 in Complex with CVF"
"ST_0521","Complement factor C3-like protein ","3PRX","Staphylococcus aureus, Naja kaouthia, Homo sapiens","Structure of Complement C5 in Complex with CVF and SSL7"
"ST_0522","Complement factor C3-like protein ","5FOA","Homo sapiens","Crystal Structure of Human Complement C3b in complex with DAF (CCP2-4)"
"ST_0523","Complement factor C3-like protein ","3RJ3","Homo sapiens","Complement components factor H CCP19-20 (S1191L mutant) and C3D in complex"
"ST_0524","Complement factor C3-like protein ","5NBQ","Homo sapiens, Borreliella burgdorferi","The structure of the tripartite complex between OspE, the C-terminal domains of factor H and C3dg"
"ST_0525","Complement factor C3-like protein ","4M76","Homo sapiens","Integrin I domain of complement receptor 3 in complex with C3d"
"ST_0526","Complement factor C3-like protein ","5M6W","Homo sapiens, Staphylococcus aureus (strain MRSA252)","Properdin in complex with alternative pathway C3 convertase"
"ST_0527","DC-SIGN","1K9I","Homo sapiens","Complex of DC-SIGN and GlcNAc2Man3"
"ST_0528","DC-SIGN","1SL4","Homo sapiens","Crystal Structure of DC-SIGN carbohydrate recognition domain complexed with Man4"
"ST_0529","DC-SIGN","2B6B","Homo sapiens, Dengue virus 2","Cryo EM structure of Dengue complexed with CRD of DC-SIGN"
"ST_0530","DC-SIGN","1K9J","Homo sapiens","Complex of DC-SIGNR and GlcNAc2Man3"
"ST_0531","DC-SIGN","1XAR","Homo sapiens","Crystal Structure of a fragment of DC-SIGNR (containing the carbohydrate recognition domain and two repeats of the neck)."
"ST_0532","DC-SIGN","1SL5","Homo sapiens","Crystal Structure of DC-SIGN carbohydrate recognition domain complexed with LNFP III (Dextra L504)."
"ST_0533","DC-SIGN","2XR5","Homo sapiens","Crystal structure of the complex of the carbohydrate recognition domain of human DC-SIGN with pseudo dimannoside mimic."
"ST_0534","DC-SIGN","2XR6","Homo sapiens","Crystal structure of the complex of the carbohydrate recognition domain of human DC-SIGN with pseudo trimannoside mimic"
"ST_0535","DC-SIGN","4C9F","Mus musculus","Structure of SIGN-R1 in complex with Sulfodextran"
"ST_0536","DC-SIGN","4CAJ","Mus musculus","Crystallographic structure of the mouse SIGN-R1 CRD domain in complex with sialic acid"
"ST_0537","DC-SIGN","1SL6","Homo sapiens","Crystal Structure of a fragment of DC-SIGNR (containg the carbohydrate recognition domain and two repeats of the neck) complexed with Lewis-x"
"ST_0538","DC-SIGN","3ZHG","Mus musculus","Crystallographic structure of the native mouse SIGN-R1 CRD domain"
"ST_0539","DC-SIGN","2IT5","Homo sapiens","Crystal Structure of DCSIGN-CRD with man6"
"ST_0540","DC-SIGN","2IT6","Homo sapiens","Crystal Structure of DCSIGN-CRD with man2"
"ST_0541","DC-SIGN","5G6U","Homo sapiens","Crystal structure of langerin carbohydrate recognition domain with GlcNS6S"
"ST_0542","DC-SIGN","3P7F","Homo sapiens","Structure of the human Langerin carbohydrate recognition domain"
"ST_0543","DC-SIGN","3P7G","Homo sapiens","Structure of the human Langerin carbohydrate recognition domain in complex with mannose"
"ST_0544","DC-SIGN","3P7H","Homo sapiens","Structure of the human Langerin carbohydrate recognition domain in complex with maltose"
"ST_0545","DC-SIGN","3JQH","Homo sapiens","Structure of the neck region of the glycan-binding receptor DC-SIGNR"
"ST_0546","DC-SIGN","1XPH","Homo sapiens","Structure of DC-SIGNR and a portion of repeat domain 8"
"ST_0547","DC-SIGN","4AK8","Homo sapiens","Structure of F241L mutant of langerin carbohydrate recognition domain"
"ST_0548","DCIR","5B1W","Homo sapiens","Crystal structure of human dendritic cell inhibitory receptor (DCIR) C-type lectin domain in ligand-free form"
"ST_0549","DCIR","5B1X","Homo sapiens","Crystal structure of human dendritic cell inhibitory receptor (DCIR) C-type lectin domain in complex with biantennary glycan"
"ST_0550","DCIR2","3VYJ","Mus musculus","Crystal structure of C-type lectin domain of murine dendritic cell inhibitory receptor 2 (apo form)"
"ST_0551","DCIR2","3VYK","Mus musculus","Crystal structure of C-type lectin domain of murine dendritic cell inhibitory receptor 2 in complex with N-glycan"
"ST_0552","DEC205","2NAN","Homo sapiens","NMR structure of human DCL-1 (CD302) extracellular domain"
"ST_0553","Dectin-1","2BPD","Mus musculus","STRUCTURE OF MURINE DECTIN-1"
"ST_0554","Dectin-1","2BPE","Mus musculus","STRUCTURE OF MURINE DECTIN-1"
"ST_0555","Dectin-1","2BPH","Mus musculus","STRUCTURE OF MURINE DECTIN-1"
"ST_0556","Dectin-1","2CL8","Mus musculus","Dectin-1 in complex with beta-glucan"
"ST_0557","Dectin-1","5TUD","Escherichia coli, Homo sapiens","Structural Insights into the Extracellular Recognition of the Human Serotonin 2B Receptor by an Antibody"
"ST_0558","Dectin-1","5VYB","Homo sapiens","Structure of the carbohydrate recognition domain of Dectin-2 complexed with a mammalian-type high mannose Man9GlcNAc2 oligosaccharide"
"ST_0559","Dectin-2","5VYB","Homo sapiens","Structure of the carbohydrate recognition domain of Dectin-2 complexed with a mammalian-type high mannose Man9GlcNAc2 oligosaccharide"
"ST_0560","NKR-P1 ","5F2Q","Bothrops jararacussu","C-type lectin from Bothrops jararacussu"
"ST_0561","NKR-P1 ","5MGT","Homo sapiens","Complex of human NKR-P1 and LLT1 in deglycosylated forms"
"ST_0562","NKR-P1 ","5MGR","Homo sapiens","Human receptor NKR-P1 in glycosylated form, extracellular domain"
"ST_0563","NKR-P1 ","5MGS","Homo sapiens","Human receptor NKR-P1 in deglycosylated form, extracellular domain"
"ST_0564","GNBP","2RQE","Bombyx mori","Solution structure of the silkworm bGRP/GNBP3 N-terminal domain reveals the mechanism for b-1,3-glucan specific recognition"
"ST_0565","GNBP","3IE4","Drosophila melanogaster","b-glucan binding domain of Drosophila GNBP3 defines a novel family of pattern recognition receptor"
"ST_0566","GNBP","3AQX","Bombyx mori","Crystal structure of Bombyx mori beta-GRP/GNBP3 N-terminal domain with laminarihexaoses"
"ST_0567","GNBP","3AQY","Plodia interpunctella","Crystal structure of Plodia interpunctella beta-GRP/GNBP3 N-terminal domain"
"ST_0568","GNBP","3AQZ","Plodia interpunctella","Crystal structure of Plodia interpunctella beta-GRP/GNBP3 N-terminal domain with laminarihexaoses"
"ST_0569","ERGIC-53","1GV9","Rattus norvegicus","p58/ERGIC-53"
"ST_0570","ERGIC-53","3A4U","Homo sapiens","Crystal structure of MCFD2 in complex with carbohydrate recognition domain of ERGIC-53"
"ST_0571","ERGIC-53","3WHT","Homo sapiens","Crystal structure of ERGIC-53/MCFD2, Calcium-free form"
"ST_0572","ERGIC-53","3WHU","Homo sapiens","Crystal structure of ERGIC-53/MCFD2, Calcium/Man2-bound form"
"ST_0573","ERGIC-53","3WNX","Homo sapiens","Crystal structure of ERGIC-53/MCFD2, Calcium/Man3-bound form"
"ST_0574","ERGIC-53","4YGB","Homo sapiens","Crystal structure of ERGIC-53/MCFD2, monoclinic calcium-free form"
"ST_0575","ERGIC-53","4YGC","Homo sapiens","Crystal structure of ERGIC-53/MCFD2, monoclinic calcium-bound form 1"
"ST_0576","ERGIC-53","4YGD","Homo sapiens","Crystal structure of ERGIC-53/MCFD2, monoclinic calcium-bound form 2"
"ST_0577","ERGIC-53","4YGE","Homo sapiens","Crystal structure of ERGIC-53/MCFD2, trigonal calcium-bound form 2"
"ST_0578","ERGIC-53","5VNJ","Homo sapiens, Mus musculus","Crystal structure of Sec23a/Sec24a/Sec22 complexed with a C-terminal FF sorting motif (ERGIC-53)"
"ST_0579","ERGIC-53","1R1Z","Rattus norvegicus","The Crystal structure of the Carbohydrate recognition domain of the glycoprotein sorting receptor p58/ERGIC-53 reveals a novel metal binding site and "
"ST_0580","ERGIC-53","4GKX","Homo sapiens","Crystal structure of a carbohydrate-binding domain"
"ST_0581","ERGIC-53","4GKY","Homo sapiens","Crystal structure of a carbohydrate-binding domain"
"ST_0582","ERGIC-53","3LCP","Homo sapiens","Crystal structure of the carbohydrate recognition domain of LMAN1 in complex with MCFD2"
"ST_0583","FLS2","4MN8","Arabidopsis thaliana","Crystal structure of flg22 in complex with the FLS2 and BAK1 ectodomains"
"ST_0584","FLS2","4MNA","Arabidopsis thaliana","Crystal structure of the free FLS2 ectodomains"
"ST_0585","Farnesoid X receptor ","5Q0I","Homo sapiens","Ligand binding to FARNESOID-X-RECEPTOR"
"ST_0586","Farnesoid X receptor ","5Q0J","Homo sapiens","Ligand binding to FARNESOID-X-RECEPTOR"
"ST_0587","Farnesoid X receptor ","5Q0K","Homo sapiens","Ligand binding to FARNESOID-X-RECEPTOR"
"ST_0588","Farnesoid X receptor ","5Q0L","Homo sapiens","Ligand binding to FARNESOID-X-RECEPTOR"
"ST_0589","Farnesoid X receptor ","5Q0M","Homo sapiens","Ligand binding to FARNESOID-X-RECEPTOR"
"ST_0590","Farnesoid X receptor ","5Q0N","Homo sapiens","Ligand binding to FARNESOID-X-RECEPTOR"
"ST_0591","Farnesoid X receptor ","5Q0O","Homo sapiens","Ligand binding to FARNESOID-X-RECEPTOR"
"ST_0592","Farnesoid X receptor ","5Q0P","Homo sapiens","Ligand binding to FARNESOID-X-RECEPTOR"
"ST_0593","Farnesoid X receptor ","5Q0Q","Homo sapiens","Ligand binding to FARNESOID-X-RECEPTOR"
"ST_0594","Farnesoid X receptor ","5Q0R","Homo sapiens","Ligand binding to FARNESOID-X-RECEPTOR"
"ST_0595","Farnesoid X receptor ","5Q0S","Homo sapiens","Ligand binding to FARNESOID-X-RECEPTOR"
"ST_0596","Farnesoid X receptor ","5Q0T","Homo sapiens","Ligand binding to FARNESOID-X-RECEPTOR"
"ST_0597","Farnesoid X receptor ","5Q0U","Homo sapiens","Ligand binding to FARNESOID-X-RECEPTOR"
"ST_0598","Farnesoid X receptor ","5Q0V","Homo sapiens","Ligand binding to FARNESOID-X-RECEPTOR"
"ST_0599","Farnesoid X receptor ","5Q0W","Homo sapiens","Ligand binding to FARNESOID-X-RECEPTOR"
"ST_0600","Farnesoid X receptor ","5Q0X","Homo sapiens","Ligand binding to FARNESOID-X-RECEPTOR"
"ST_0601","Farnesoid X receptor ","5Q0Y","Homo sapiens","Ligand binding to FARNESOID-X-RECEPTOR"
"ST_0602","Farnesoid X receptor ","5Q0Z","Homo sapiens","Ligand binding to FARNESOID-X-RECEPTOR"
"ST_0603","Farnesoid X receptor ","5Q10","Homo sapiens","Ligand binding to FARNESOID-X-RECEPTOR"
"ST_0604","Farnesoid X receptor ","5Q11","Homo sapiens","Ligand binding to FARNESOID-X-RECEPTOR"
"ST_0605","Farnesoid X receptor ","5Q12","Homo sapiens","Ligand binding to FARNESOID-X-RECEPTOR"
"ST_0606","Farnesoid X receptor ","5Q13","Homo sapiens","Ligand binding to FARNESOID-X-RECEPTOR"
"ST_0607","Farnesoid X receptor ","5Q14","Homo sapiens","Ligand binding to FARNESOID-X-RECEPTOR"
"ST_0608","Farnesoid X receptor ","5Q15","Homo sapiens","Ligand binding to FARNESOID-X-RECEPTOR"
"ST_0609","Farnesoid X receptor ","5Q16","Homo sapiens","Ligand binding to FARNESOID-X-RECEPTOR"
"ST_0610","Farnesoid X receptor ","5Q17","Homo sapiens","Ligand binding to FARNESOID-X-RECEPTOR"
"ST_0611","Farnesoid X receptor ","5Q18","Homo sapiens","Ligand binding to FARNESOID-X-RECEPTOR"
"ST_0612","Farnesoid X receptor ","5Q19","Homo sapiens","Ligand binding to FARNESOID-X-RECEPTOR"
"ST_0613","Farnesoid X receptor ","5Q1A","Homo sapiens","Ligand binding to FARNESOID-X-RECEPTOR"
"ST_0614","Farnesoid X receptor ","5Q1B","Homo sapiens","Ligand binding to FARNESOID-X-RECEPTOR"
"ST_0615","Farnesoid X receptor ","5Q1C","Homo sapiens","Ligand binding to FARNESOID-X-RECEPTOR"
"ST_0616","Farnesoid X receptor ","5Q1D","Homo sapiens","Ligand binding to FARNESOID-X-RECEPTOR"
"ST_0617","Farnesoid X receptor ","5Q1E","Homo sapiens","Ligand binding to FARNESOID-X-RECEPTOR"
"ST_0618","Farnesoid X receptor ","5Q1F","Homo sapiens","Ligand binding to FARNESOID-X-RECEPTOR"
"ST_0619","Farnesoid X receptor ","5Q1G","Homo sapiens","Ligand binding to FARNESOID-X-RECEPTOR"
"ST_0620","Farnesoid X receptor ","5Q1H","Homo sapiens","Ligand binding to FARNESOID-X-RECEPTOR"
"ST_0621","Farnesoid X receptor ","5Q1I","Homo sapiens","Ligand binding to FARNESOID-X-RECEPTOR"
"ST_0622","Farnesoid X receptor ","3GD2","Homo sapiens","isoxazole ligand bound to farnesoid X receptor (FXR)"
"ST_0623","Farnesoid X receptor ","3FLI","Homo sapiens","Discovery of XL335, a Highly Potent, Selective and Orally-Active Agonist of the Farnesoid X Receptor (FXR)"
"ST_0624","Farnesoid X receptor ","3P88","Homo sapiens","FXR bound to isoquinolinecarboxylic acid"
"ST_0625","Farnesoid X receptor ","3P89","Homo sapiens","FXR bound to a quinolinecarboxylic acid"
"ST_0626","Farnesoid X receptor ","3RUT","Homo sapiens","FXR with SRC1 and GSK359"
"ST_0627","Farnesoid X receptor ","3RUU","Homo sapiens","FXR with SRC1 and GSK237"
"ST_0628","Farnesoid X receptor ","3RVF","Homo sapiens","FXR with SRC1 and GSK2034"
"ST_0629","Farnesoid X receptor ","3DCT","Homo sapiens","FXR with SRC1 and GW4064"
"ST_0630","Farnesoid X receptor ","3DCU","Homo sapiens","FXR with SRC1 and GSK8062"
"ST_0631","Farnesoid X receptor ","1OSH","Homo sapiens","A Chemical, Genetic, and Structural Analysis of the nuclear bile acid receptor FXR"
"ST_0632","Farnesoid X receptor ","3OLF","Homo sapiens","Crystal structure of human FXR in complex with 4-({(2S)-2-[2-(4-chlorophenyl)-5,6-difluoro-1H-benzimidazol-1-yl]-2-cyclohexylacetyl}amino)-3-methylben"
"ST_0633","Farnesoid X receptor ","3OMK","Homo sapiens","Crystal structure of human FXR in complex with (2S)-2-[2-(4-chlorophenyl)-5,6-difluoro-1H-benzimidazol-1-yl]-2-cyclohexyl-N-(2-methylphenyl)ethanamide"
"ST_0634","Farnesoid X receptor ","3OMM","Homo sapiens","Crystal structure of human FXR in complex with 4-({(2S)-2-[2-(4-chlorophenyl)-5,6-difluoro-1H-benzimidazol-1-yl]-2-cyclohexylacetyl}amino)-3-fluoroben"
"ST_0635","Farnesoid X receptor ","3OOF","Homo sapiens","Crystal structure of human FXR in complex with 4-({(2S)-2-[2-(4-chlorophenyl)-5,6-difluoro-1H-benzimidazol-1-yl]-2-cyclohexylacetyl}amino)benzoic acid"
"ST_0636","Farnesoid X receptor ","3OOK","Homo sapiens","Crystal structure of human FXR in complex with 4-({(2S)-2-[2-(4-chlorophenyl)-5,6-difluoro-1H-benzimidazol-1-yl]-2-cyclohexylacetyl}amino)-3,5-difluor"
"ST_0637","Farnesoid X receptor ","3L1B","Homo sapiens","Complex Structure of FXR Ligand-binding domain with a tetrahydroazepinoindole compound"
"ST_0638","Farnesoid X receptor ","5WZX","Homo sapiens","Structural basis for a pentacyclic oleanane-type triterpenoid as a ligand of FXR"
"ST_0639","Farnesoid X receptor ","1OT7","Homo sapiens","Structural Basis for 3-deoxy-CDCA Binding and Activation of FXR"
"ST_0640","Farnesoid X receptor ","4OIV","Homo sapiens","Structural basis for small molecule NDB as a selective antagonist of FXR"
"ST_0641","Farnesoid X receptor ","1OSV","Homo sapiens","STRUCTURAL BASIS FOR BILE ACID BINDING AND ACTIVATION OF THE NUCLEAR RECEPTOR FXR"
"ST_0642","Farnesoid X receptor ","3HC5","Homo sapiens","FXR with SRC1 and GSK826"
"ST_0643","Farnesoid X receptor ","3HC6","Homo sapiens","FXR with SRC1 and GSK088"
"ST_0644","Farnesoid X receptor ","4WVD","Homo sapiens","Identification of a novel FXR ligand that regulates metabolism"
"ST_0645","Farnesoid X receptor ","5IAW","Homo sapiens","Novel natural FXR modulator with a unique binding mode"
"ST_0646","Farnesoid X receptor ","5Z12","Homo sapiens","A structure of FXR/RXR"
"ST_0647","Farnesoid X receptor ","3OKH","Homo sapiens","Crystal structure of human FXR in complex with 2-(4-chlorophenyl)-1-[(1S)-1-cyclohexyl-2-(cyclohexylamino)-2-oxoethyl]-1H-benzimidazole-6-carboxylic a"
"ST_0648","Farnesoid X receptor ","3OKI","Homo sapiens","Crystal structure of human FXR in complex with (2S)-2-[2-(4-chlorophenyl)-1H-benzimidazol-1-yl]-N,2-dicyclohexylethanamide"
"ST_0649","Farnesoid X receptor ","3BEJ","Homo sapiens","Structure of human FXR in complex with MFA-1 and co-activator peptide"
"ST_0650","Farnesoid X receptor ","4QE6","Homo sapiens","FXR with CDCA and NCoA-2 peptide"
"ST_0651","Farnesoid X receptor ","4QE8","Homo sapiens","FXR with DM175 and NCoA-2 peptide"
"ST_0652","IFIH1 ","3GA3","Homo sapiens","Crystal structure of the C-terminal domain of human MDA5"
"ST_0653","IFIH1 ","4GL2","Homo sapiens","Structural Basis for dsRNA duplex backbone recognition by MDA5"
"ST_0654","IFIH1 ","3TS9","Mus musculus","Crystal Structure of the MDA5 Helicase Insert Domain"
"ST_0655","IFIH1 ","2RQB","Homo sapiens","Solution structure of MDA5 CTD"
"ST_0656","IFIH1 ","3B6E","Homo sapiens","Crystal structure of human DECH-box RNA Helicase MDA5 (Melanoma differentiation-associated protein 5), DECH-domain"
"ST_0657","IL4R","3BPN","Homo sapiens","Crystal structure of the IL4-IL4R-IL13Ra ternary complex"
"ST_0658","IL4R","3BPO","Homo sapiens","Crystal structure of the IL13-IL4R-IL13Ra ternary complex"
"ST_0659","IL4R","3BPL","Homo sapiens","Crystal structure of the IL4-IL4R-Common Gamma ternary complex"
"ST_0660","IL4R","5E4E","Homo sapiens","Engineered Interleukin-13 bound to receptor"
"ST_0661","IPAF","4KXF","Mus musculus","Crystal structure of NLRC4 reveals its autoinhibition mechanism"
"ST_0662","IPAF","3JBL","Mus musculus","Cryo-EM Structure of the Activated NAIP2/NLRC4 Inflammasome Reveals Nucleated Polymerization"
"ST_0663","IPAF","5AJ2","Mus musculus","Cryo electron tomography of the Naip5-Nlrc4 inflammasome"
"ST_0664","IPAF","6B5B","Legionella pneumophila subsp. pneumophila (strain Philadelphia 1 / ATCC 33152 / DSM 7513), Mus muscu","Cryo-EM structure of the NAIP5-NLRC4-flagellin inflammasome"
"ST_0665","Sialic acid-binding lectins","1DBN","Maackia amurensis","MAACKIA AMURENSIS LEUKOAGGLUTININ (LECTIN) WITH SIALYLLACTOSE"
"ST_0666","Sialic acid-binding lectins","2DRY","Earthworm","Crystal structure of the earthworm lectin C-terminal domain mutant"
"ST_0667","Sialic acid-binding lectins","2DRZ","Earthworm","Crystal structure of the earthworm lectin C-terminal domain mutant in complex with lactose"
"ST_0668","Sialic acid-binding lectins","1KRI","Rotavirus A","NMR Solution Structures of the Rhesus Rotavirus VP4 Sialic Acid Binding Domain without Ligand"
"ST_0669","Sialic acid-binding lectins","1KQR","Rotavirus A","\nCrystal Structure of the Rhesus Rotavirus VP4 Sialic Acid Binding Domain in Complex with 2-O-methyl-alpha-D-N-acetyl neuraminic acid"
"ST_0670","Sialic acid-binding lectins","1M07","Lithobates catesbeiana","RESIDUES INVOLVED IN THE CATALYSIS AND BASE SPECIFICITY OF CYTOTOXIC RIBONUCLEASE FROM BULLFROG (RANA CATESBEIANA)"
"ST_0671","Sialic acid-binding lectins","1OD7","Mus musculus","N-terminal of Sialoadhesin in complex with Me-a-9-N-(naphthyl-2-carbonyl)-amino-9-deoxy-Neu5Ac (NAP compound)"
"ST_0672","Sialic acid-binding lectins","1OD9","Mus musculus","N-terminal of Sialoadhesin in complex with Me-a-9-N-benzoyl-amino-9-deoxy-Neu5Ac (BENZ compound)"
"ST_0673","Sialic acid-binding lectins","1ODA","Mus musculus","N-terminal of Sialoadhesin in complex with Me-a-9-N-(biphenyl-4-carbonyl)-amino-9-deoxy-Neu5Ac (BIP compound)"
"ST_0674","Sialic acid-binding lectins","1URL","Mus musculus","N-TERMINAL DOMAIN OF SIALOADHESIN (MOUSE) IN COMPLEX WITH GLYCOPEPTIDE"
"ST_0675","Sialic acid-binding lectins","2BVE","Mus musculus","Structure of the N-terminal of Sialoadhesin in complex with 2-Phenyl- Prop5Ac"
"ST_0676","Sialic acid-binding lectins","5IHB","Homo Sapiens","Structure of the immune receptor CD33"
"ST_0677","Sialic acid-binding lectins","5J06","Homo Sapiens","Structure of the immune receptor CD33 in complex with 3'-sialyllactose"
"ST_0678","Sialic acid-binding lectins","5J0B","Homo Sapiens","Structure of the immune receptor CD33 in complex with 6'-sialyllactose"
"ST_0679","Sialic acid-binding lectins","2DS0","Lumbricus terrestris","Crystal structure of the earthworm lectin C-terminal domain mutant in complex with 6'-sialyllactose"
"ST_0680","Sialic acid-binding lectins","2N7A","Homo Sapiens","Solution structure of the human Siglec-8 lectin domain"
"ST_0681","Sialic acid-binding lectins","3A0D","Polygonatum cyrtonema","Crystal Structure of Polygonatum cyrtonema lectin (PCL) complexed with monomannoside"
"ST_0682","Sialic acid-binding lectins","3A0E","Polygonatum cyrtonema","Crystal Structure of Polygonatum cyrtonema lectin (PCL) complexed with dimannoside"
"ST_0683","Sialic acid-binding lectins","1N1Y","Trypanosoma rangeli","Trypanosoma rangeli sialidase in complex with sialic acid"
"ST_0684","Sialic acid-binding lectins","2JHL","Homo Sapiens","Structure of globular heads of M-ficolin complexed with sialic acid"
"ST_0685","Sialic acid-binding lectins","3A0C","Polygonatum cyrtonema","Crystal Structure of an anti-HIV mannose-binding lectin from Polygonatum cyrtonema Hua"
"ST_0686","Sialic acid-binding lectins","5AJC","Ralstonia solanacearum","X-ray structure of RSL lectin in complex with sialyl lewis X tetrasaccharide"
"ST_0687","Sialic acid-binding lectins","4USO","Coprinopsis cinerea","X-ray structure of the CCL2 lectin in complex with sialyl lewis X"
"ST_0688","Sialic acid-binding lectins","2C25","Lacrymaria velutina","1.8A Crystal Structure of Psathyrella velutina lectin in complex with N-acetylneuraminic acid"
"ST_0689","Sialic acid-binding lectins","1G1T","Homo Sapiens","CRYSTAL STRUCTURE OF E-SELECTIN LECTIN/EGF DOMAINS COMPLEXED WITH SLEX"
"ST_0690","Sialic acid-binding lectins","1NKO","Homo Sapiens","Energetic and structural basis of sialylated oligosaccharide recognition by the natural killer cell inhibitory receptor p75/AIRM1 or Siglec-7"
"ST_0691","Sialic acid-binding lectins","2ZG2","Homo Sapiens","Crystal Structure of Two N-terminal Domains of Native Siglec-5"
"ST_0692","Sialic acid-binding lectins","1G1R","Homo Sapiens","Crystal structure of P-selectin lectin/EGF domains complexed with SLeX"
"ST_0693","Sialic acid-binding lectins","2ZG1","Homo Sapiens","Crystal Structure of Two N-terminal Domains of Siglec-5 in Complex with 6'-Sialyllactose"
"ST_0694","Sialic acid-binding lectins","2DF3","Homo Sapiens","The structure of Siglec-7 in complex with alpha(2,3)/alpha(2,6) disialyl lactotetraosyl 2-(trimethylsilyl)ethyl"
"ST_0695","Sialic acid-binding lectins","2G5R","Homo Sapiens","Crystal structure of Siglec-7 in complex with methyl-9-(aminooxalyl-amino)-9-deoxyNeu5Ac (oxamido-Neu5Ac)"
"ST_0696","Sialic acid-binding lectins","5N11","Human coronavirus OC43","Crystal structure of Human beta1-coronavirus OC43 NL/A/2005 Hemagglutinin-Esterase"
"ST_0697","Sialic acid-binding lectins","1G1S","Homo Sapiens","P-SELECTIN LECTIN/EGF DOMAINS COMPLEXED WITH PSGL-1 PEPTIDE"
"ST_0698","Sialic acid-binding lectins","1O7S","Homo Sapiens","High resolution structure of Siglec-7"
"ST_0699","Sialic acid-binding lectins","1O7V","Homo Sapiens","High resolution structure of Siglec-7"
"ST_0700","Sialic acid-binding lectins","2HRL","Homo Sapiens","Siglec-7 in complex with GT1b"
"ST_0701","Sialic acid-binding lectins","2ZG3","Homo Sapiens","Crystal Structure of Two N-terminal Domains of Native Siglec-5 in Complex with 3'-Sialyllactose"
"ST_0702","Sialic acid-binding lectins","2KMB","Rattus norvegicus","COMPLEX OF 3'-NEUAC-LEWIS-X WITH A SELECTIN-LIKE MUTANT OF MANNOSE-BINDING PROTEIN A"
"ST_0703","Sialic acid-binding lectins","2ZQN"," Lumbricus terrestris","Crystal structure of the earthworm R-type lectin C-half in complex with Lactose"
"ST_0704","Sialic acid-binding lectins","2ZQO","Lumbricus terrestris","Crystal structure of the earthworm R-type lectin C-half in complex with GalNAc"
"ST_0705","Sialic acid-binding lectins","2PHZ","Polyporus squamosus","Crystal Structure Analysis of Polyporus squamosus lectin bound to human-type influenza-binding epitope Neu5Aca2-6Galb1-4GlcNAc"
"ST_0706","Sialic acid-binding lectins","4CSY","Homo Sapiens","E-selectin lectin, EGF-like and two SCR domains complexed with Sialyl Lewis X"
"ST_0707","Sialic acid-binding lectins","4Z3F","Escherichia coli","Crystal structure of the lectin domain of PapG from E. coli BI47 in complex with SSEA4 in space group P21"
"ST_0708","Sialic acid-binding lectins","1LGC","Lathyrus ochrus","NTERACTION OF A LEGUME LECTIN WITH THE N2 FRAGMENT OF HUMAN LACTOTRANSFERRIN OR WITH THE ISOLATED BIANTENNARY GLYCOPEPTIDE: ROLE OF THE FUCOSE MOIETY"
"ST_0709","Sialic acid-binding lectins","4LBO","Homo Sapiens","Crystal structure of Human galectin-3 CRD in complex with a-GM3"
"ST_0710","Sialic acid-binding lectins","4LBL","Homo Sapiens","Crystal structure of Human galectin-3 CRD K176L mutant in complex with a-GM3"
"ST_0711","Sialic acid-binding lectins","1BC4","Lithobates catesbeiana","THE SOLUTION STRUCTURE OF A CYTOTOXIC RIBONUCLEASE FROM THE OOCYTES OF RANA CATESBEIANA (BULLFROG), NMR, 15 STRUCTURES"
"ST_0712","Sialic acid-binding lectins","3AYC","Homo Sapiens","Crystal structure of galectin-3 CRD domian complexed with GM1 pentasaccharide"
"ST_0713","Sialic acid-binding lectins","3WSR","Homo Sapiens","Crystal structure of CLEC-2 in complex with O-glycosylated podoplanin"
"ST_0714","Sialic acid-binding lectins","1WGC","Triticum aestivum","2.2 ANGSTROMS RESOLUTION STRUCTURE ANALYSIS OF TWO REFINED N-ACETYLNEURAMINYLLACTOSE-WHEAT GERM AGGLUTININ ISOLECTIN COMPLEXES"
"ST_0715","Sialic acid-binding lectins","2WGC","Triticum aestivum","2.2 ANGSTROMS RESOLUTION STRUCTURE ANALYSIS OF TWO REFINED N-ACETYLNEURAMINYLLACTOSE-WHEAT GERM AGGLUTININ ISOLECTIN COMPLEXES"
"ST_0716","Sialic acid-binding lectins","4Y20","Homo Sapiens","Complex of human Galectin-1 and NeuAcalpha2-3Galbeta1-4Glc"
"ST_0717","Sialic acid-binding lectins","5IUC","Streptococcus gordonii","Crystal structure of the GspB siglec domain with sialyl T antigen bound"
"ST_0718","Sialic acid-binding lectins","2CWG","Triticum aestivum","CRYSTALLOGRAPHIC REFINEMENT AND STRUCTURE ANALYSIS OF THE COMPLEX OF WHEAT GERM AGGLUTININ WITH A BIVALENT SIALOGLYCOPEPTIDE FROM GLYCOPHORIN A"
"ST_0719","Sialic acid-binding lectins","5TPB","Clostridium botulinum","Binding domain of BoNT/A complexed with ganglioside variant"
"ST_0720","Sialic acid-binding lectins","5TPC","Clostridium botulinum","Binding domain of BoNT/A complexed with ganglioside"
"ST_0721","Sialic acid-binding lectins","4ZH1","Homo Sapiens","Complement factor H in complex with the GM1 glycan"
"ST_0722","Sialic acid-binding lectins","3SIT","Rotavirus A","Crystal structure of porcine CRW-8 Rotavirus VP8* in complex with aceramido-GM3"
"ST_0723","Sialic acid-binding lectins","4AVV","Homo Sapiens","Structure of CPHPC bound to Serum Amyloid P Component"
"ST_0724","Sialic acid-binding lectins","3F5A","Toxoplasma gondii","Crystal structure of Toxoplasma gondii micronemal protein 1 bound to 3'SiaLacNAc1-3"
"ST_0725","Sialic acid-binding lectins","3F53","Toxoplasma gondii","Crystal structure of Toxoplasma gondii micronemal protein 1 bound to 2F-3'SiaLacNAc"
"ST_0726","Sialic acid-binding lectins","3F5E","Toxoplasma gondii","Crystal structure of Toxoplasma gondii micronemal protein 1 bound to 2'F-3'SiaLacNAc1-3"
"ST_0727","Sialic acid-binding lectins","4WVW","Gallus gallus","Chicken Galectin-8 N-terminal domain complexed with 3'-sialyl-lactose"
"ST_0728","Sialic acid-binding lectins","1QTJ","Limulus Polyphemus","CRYSTAL STRUCTURE OF LIMULUS POLYPHEMUS SAP"
"ST_0729","PGRP","1OHT","Drosophila melanogaster","Peptidoglycan recognition protein LB"
"ST_0730","PGRP","1SXR","Drosophila melanogaster","Drosophila Peptidoglycan Recognition Protein (PGRP)-SA"
"ST_0731","PGRP","3C2X","Camelus dromedarius","Crystal structure of peptidoglycan recognition protein at 1.8A resolution"
"ST_0732","PGRP","1YCK","Homo Sapiens","Crystal structure of human peptidoglycan recognition protein (PGRP-S)"
"ST_0733","PGRP","2R2K","Camelus dromedarius","Crystal structure of the complex of camel peptidoglycan recognition protein with disaccharide at 3.2A resolution"
"ST_0734","PGRP","2R90","Camelus dromedarius","Crystal structure of cameline peptidoglycan recognition protein at 2.8A resolution"
"ST_0735","PGRP","2RKQ","Drosophila melanogaster","Crystal structure of drosophila peptidoglycan recognition protein SD (PGRP-SD)"
"ST_0736","PGRP","2XZ4","Drosophila melanogaster","Crystal structure of the LFZ ectodomain of the peptidoglycan recognition protein LF"
"ST_0737","PGRP","2XZ8","Drosophila melanogaster","CRYSTAL STRUCTURE OF THE LFW ECTODOMAIN OF THE PEPTIDOGLYCAN RECOGNITION PROTEIN LF"
"ST_0738","PGRP","2Z9N","Camelus dromedarius","Crystal structure of cameline peptidoglycan recognition protein at 3.2 A resolution"
"ST_0739","PGRP","4Z8I","Branchiostoma belcheri tsingtauense","Crystal structure of Branchiostoma belcheri tsingtauense peptidoglycan recognition protein 3"
"ST_0740","PGRP","5XGY","Camelus dromedarius","Crystal structure of peptidoglycan recognition protein (PGRP-S) at 2.45 A resolution"
"ST_0741","PGRP","1SK3","Homo Sapiens","Crystal structure of the C-terminal peptidoglycan-binding domain of human peptidoglycan recognition protein Ialpha"
"ST_0742","PGRP","1SK4","Homo Sapiens","crystal structure of the C-terminal peptidoglycan-binding domain of human peptidoglycan recognition protein Ialpha"
"ST_0743","PGRP","2CB3","Drosophila melanogaster","Crystal structure of peptidoglycan recognition protein-LE in complex with tracheal cytotoxin (monomeric diaminopimelic acid-type peptidoglycan)"
"ST_0744","PGRP","2EAV","Homo Sapiens","Crystal structure of the C-terminal peptidoglycan-binding domain of human peptidoglycan recognition protein Ibeta"
"ST_0745","PGRP","1TWQ","Homo Sapiens","Crystal structure of the C-terminal PGN-binding domain of human PGRP-Ialpha in complex with PGN analog muramyl tripeptide"
"ST_0746","PGRP","3RT4","Camelus dromedarius","Structural Basis of Recognition of Pathogen-associated Molecular Patterns and Inhibition of Proinflammatory Cytokines by Camel Peptidoglycan Recogniti"
"ST_0747","PGRP","3CG9","Camelus dromedarius","Crystal structure of the complex of peptidoglycan recognition protein with methyloxane-2,3,4,5-tetrol at 2.9 A resolution"
"ST_0748","PGRP","3COR","Camelus dromedarius","Crystal structure of the complex of peptidoglycan recognition protein (PGRP-S) with N-acetylgalactosamine at 3.1 A resolution"
"ST_0749","PGRP","3CXA","Camelus dromedarius","Crystal structure of the complex of peptidoglycan recognition protein with alpha-D-glucopyranosyl alpha-D-glucopyranoside at 3.4 A resolution"
"ST_0750","PGRP","3NG4","Camelus dromedarius","Ternary complex of peptidoglycan recognition protein (PGRP-S) with Maltose and N-Acetylglucosamine at 1.7 A Resolution"
"ST_0751","PGRP","3NNO","Camelus dromedarius","Crystal structure of the complex of peptidoglycan recognition protein (PGRP-S) with Alpha-Rhamnose at 2.9 A resolution"
"ST_0752","PGRP","3NW3","Camelus dromedarius","Crystal structure of the complex of peptidoglycan recognition protein (PGRP-S) with the PGN Fragment at 2.5 A resolution"
"ST_0753","PGRP","3O4K","Camelus dromedarius","Crystal structure of the complex of peptidoglycan recognition protein (PGRP-S) and lipoteichoic acid at 2.1 A resolution"
"ST_0754","PGRP","3OGX","Camelus dromedarius","Crystal structure of the complex of Peptidoglycan Recognition protein (PGRP-s) with Heparin-Dissacharide at 2.8 A resolution"
"ST_0755","PGRP","3QJ1","Camelus dromedarius","Crystal structure of camel peptidoglycan recognition protein, PGRP-S with a trapped diethylene glycol in the ligand diffusion channel at 3.2 A resolut"
"ST_0756","PGRP","3QS0","Camelus dromedarius","Crystal structure of the complex of peptidoglycan recognition protein (PGRP-S) with a bound N-acetylglucosamine in the diffusion channel at 2.5 A reso"
"ST_0757","PGRP","3QV4","Camelus dromedarius","Crystal structure of the complex of peptidoglycan recognition protein (PGRP-S) with dipeptide L-ALA D-GLU at 2.7 A resolution"
"ST_0758","PGRP","3T2V","Camelus dromedarius","Crystal structure of the complex of peptidoglycan recognition protein-short (CPGRP-S) with mycolic acid at 2.5 A resolution"
"ST_0759","PGRP","3T39","Camelus dromedarius","Crystal structure of the complex of camel peptidoglycan recognition protein(CPGRP-S) with a mycobacterium metabolite shikimate at 2.7 A resolution"
"ST_0760","PGRP","3TRU","Camelus dromedarius","Crystal structure of the complex of peptidoglycan recognition protein with cellular metabolite chorismate at 3.2 A resolution"
"ST_0761","PGRP","3UMQ","Camelus dromedarius","Crystal structure of peptidoglycan recognition protein-S complexed with butyric acid at 2.2 A resolution"
"ST_0762","PGRP","4OUG","Camelus dromedarius","Crystal structure of the ternary complex of camel peptidoglycan recognition protein, PGRP-S with lipopolysaccharide and palmitic acid at 2.46 A resolu"
"ST_0763","PGRP","4Q8S","Camelus dromedarius","Crystal structure of mammalian Peptidoglycan recognition protein PGRP-S with paranitrophenyl palmitate and N-acetyl glucosamine at 2.09 A resolution"
"ST_0764","PGRP","4Q9E","Camelus dromedarius","Structure of the ternary complex of peptidoglycan recognition protein, PGRP-S with N-acetyl glucosamine and paranitro benzaldehyde at 2.3 A resolution"
"ST_0765","PGRP","5DWF","Camelus dromedarius","Crystal structure of the complex of Peptidoglycan recognition protein, PGRP-S from camel with ethylene glycol at 1.83 A resolution"
"ST_0766","PGRP","5E0A","Camelus dromedarius","Crystal Structure of the complex of Camel Peptidoglycan Recognition Protein (CPGRP-S) and N-Acetylglucosamine at 2.6 A"
"ST_0767","PGRP","5E0B","Camelus dromedarius","Crystal structure of the complex of Peptidoglycan recognition protein PGRP-S with N-Acetyl Muramic acid at 2.6 A resolution"
"ST_0768","PGRP","4GF9","Camelus dromedarius","Structural insights into the dual strategy of recognition of peptidoglycan recognition protein, PGRP-S: ternary complex of PGRP-S with LPS and fatty a"
"ST_0769","PGRP","4ZXM","Branchiostoma belcheri tsingtauense","Crystal structure of PGRP domain from Branchiostoma belcheri tsingtauense peptidoglycan recognition protein 3"
"ST_0770","PGRP","2APH","Homo Sapiens","Crystal structure of human PGRP-IalphaC in complex with muramyl pentapeptide"
"ST_0771","PGRP","4OPP","Camelus dromedarius","Crystal structure of the ternary complex of camel peptidoglycan recognition protein PGRP-S with 11-cyclohexylundecanoic acid and N- acetylglucosamine "
"ST_0772","PGRP","4ORV","Camelus dromedarius","Crystal structure of the ternary complex of camel peptidoglycan recognition protein PGRP-S with 7- phenylheptanoic acid and N- acetylglucosamine at 2."
"ST_0773","PGRP","2BG1","Streptococcus pneumoniae","Active site restructuring regulates ligand recognition in classA Penicillin-binding proteins (PBPs)"
"ST_0774","PGRP","3UIL","Camelus dromedarius","Crystal Structure of the complex of PGRP-S with lauric acid at 2.2 A resolution"
"ST_0775","PGRP","3USX","Camelus dromedarius","Crystal structure of PGRP-S complexed with Myristic Acid at 2.28 A resolution"
"ST_0776","PGRP","4FNN","Camelus dromedarius","Crystal structure of the complex of CPGRP-S with stearic acid at 2.2 A RESOLUTION"
"ST_0777","PGRP","3UML","Camelus dromedarius","Crystal structure of PGRP-S complexed with chorismate at 2.15 A resolution"
"ST_0778","PGRP","2UWX","Streptococcus pneumoniae (strain ATCC BAA-255 / R6)","Active site restructuring regulates ligand recognition in class A penicillin-binding proteins"
"ST_0779","PGRP","2XD1","Streptococcus pneumoniae (strain ATCC BAA-255 / R6)","ACTIVE SITE RESTRUCTURING REGULATES LIGAND RECOGNITION IN CLASS A PENICILLIN-BINDING PROTEINS"
"ST_0780","PGRP","2F2L","Drosophila melanogaster","Crystal structure of tracheal cytotoxin (TCT) bound to the ectodomain complex of peptidoglycan recognition proteins LCa (PGRP-LCa) and LCx (PGRP-LCx)"
"ST_0781","PGRP","1S2J","Drosophila melanogaster","Crystal structure of the Drosophila pattern-recognition receptor PGRP-SA"
"ST_0782","PGRP","2MKX","Enterococcus faecalis (strain ATCC 700802 / V583)","Solution structure of LysM the peptidoglycan binding domain of autolysin AtlA from Enterococcus faecalis"
"ST_0783","PGRP","2AIZ","Haemophilus influenzae (strain ATCC 51907 / DSM 11121 / KW20 / Rd)","Solution structure of peptidoglycan associated lipoprotein from Haemophilus influenza bound to UDP-N-acetylmuramoyl-L-alanyl-D-glutamyl-meso-2,6-diami"
"ST_0784","PGRP","2EAX","Homo Sapiens","Crystal structure of human PGRP-IBETAC in complex with glycosamyl muramyl pentapeptide"
"ST_0785","PGRP","5OAU","Streptococcus pneumoniae (strain ATCC BAA-255 / R6)","Penicillin-Binding Protein 2X (PBP2X) from Streptococcus pneumoniae"
"ST_0786","PGRP","5OIZ","Streptococcus pneumoniae (strain ATCC BAA-255 / R6)","Penicillin-Binding Protein 2X (PBP2X) from Streptococcus pneumoniae in complex with oxacillin"
"ST_0787","PGRP","5OJ0","Streptococcus pneumoniae (strain ATCC BAA-255 / R6)","Penicillin-Binding Protein 2X (PBP2X) from Streptococcus pneumoniae in complex with Cefepime"
"ST_0788","PGRP","5OJ1","Streptococcus pneumoniae (strain ATCC BAA-255 / R6)","Penicillin Binding Protein 2x (PBP2x) from S.pneumoniae in complex with Oxacillin and a tetrasaccharide"
"ST_0789","PGRP","1Z6I","Drosophila melanogaster","Crystal structure of the ectodomain of Drosophila transmembrane receptor PGRP-LCa"
"ST_0790","PGRP","2LBT","Mycobacterium tuberculosis (strain ATCC 25618 / H37Rv)","Solution structure of the C domain of RV0899(D236A) from mycobacterium tuberculosis"
"ST_0791","PGRP","2LCA","Mycobacterium tuberculosis (strain ATCC 25618 / H37Rv)","Solution structure of the C domain of RV0899 from mycobacterium tuberculosis"
"ST_0792","PGRP","4JID","Bacillus anthracis","Crystal structure of BaLdcB / VanY-like L,D-carboxypeptidase Zinc(II)-free"
"ST_0793","PGRP","4MPH","Bacillus anthracis","Crystal structure of BaLdcB / VanY-like L,D-carboxypeptidase Zinc(II)-bound"
"ST_0794","PGRP","4NSR","Vibrio cholerae serotype O1 (strain ATCC 39315 / El Tor Inaba N16961)","Crystal structure of the Immunity protein"
"ST_0795","PGRP","4NSO","Vibrio cholerae serotype O1 (strain ATCC 39315 / El Tor Inaba N16961)","Crystal structure of the effector-immunity protein complex"
"ST_0796","PGRP","3CYP","Helicobacter pylori (strain ATCC 700392 / 26695)","The crystal structure of the C-terminal domain of Helicobacter pylori MotB (residues 125-256)."
"ST_0797","PGRP","3CYQ","Helicobacter pylori (strain ATCC 700392 / 26695)","The crystal structure of the complex of the C-terminal domain of Helicobacter pylori MotB (residues 125-256) with N-acetylmuramic acid"
"ST_0798","PGRP","3EP1","Alvinella pompejana","Structure of the PGRP-Hd from Alvinella pompejana"
"ST_0799","PGRP","4Q6M","Helicobacter pylori (strain ATCC 700392 / 26695)","Structural analysis of the apo-form of Helicobacter pylori Csd4, a D,L-carboxypeptidase"
"ST_0800","PGRP","4Q6N","Helicobacter pylori (strain ATCC 700392 / 26695)","Structural analysis of the tripeptide-bound form of Helicobacter pylori Csd4, a D,L-carboxypeptidase"
"ST_0801","PGRP","4Q6O","Helicobacter pylori (strain ATCC 700392 / 26695)","Structural analysis of the mDAP-bound form of Helicobacter pylori Csd4, a D,L-carboxypeptidase"
"ST_0802","PGRP","4Q6P","Helicobacter pylori (strain ATCC 700392 / 26695)","Structural analysis of the Zn-form I of Helicobacter pylori Csd4, a D,L-carboxypeptidase"
"ST_0803","PGRP","4Q6Q","Helicobacter pylori (strain ATCC 700392 / 26695)","Structural analysis of the Zn-form II of Helicobacter pylori Csd4, a D,L-carboxypeptidase"
"ST_0804","PGRP","5MKC","Streptococcus pneumoniae serotype 4 (strain ATCC BAA-334 / TIGR4)","Crystal structure of the RrgA Jo.In complex"
"ST_0805","Advanced Glycation Endproducts (RAGE)","2L7U","Bos taurus, Homo sapiens","Structure of CEL-PEP-RAGE V domain complex"
"ST_0806","Advanced Glycation Endproducts (RAGE)","2LMB","Homo Sapiens","Solution Structure of C-terminal RAGE (ctRAGE)"
"ST_0807","Advanced Glycation Endproducts (RAGE)","3CJJ","Homo Sapiens","Crystal structure of human rage ligand-binding domain"
"ST_0808","Advanced Glycation Endproducts (RAGE)","4IM8","Mus musculus","low resolution crystal structure of mouse RAGE"
"ST_0809","Advanced Glycation Endproducts (RAGE)","4OF5","Homo Sapiens","Refinement of RAGE-DNA complex in 3S59 without DNA"
"ST_0810","Advanced Glycation Endproducts (RAGE)","4OFV","Homo Sapiens","Refinement of RAGE-DNA complex in 3S58 without DNA"
"ST_0811","Advanced Glycation Endproducts (RAGE)","3O3U","Homo sapiens, Escherichia coli (strain K12)","Crystal Structure of Human Receptor for Advanced Glycation Endproducts (RAGE)"
"ST_0812","Advanced Glycation Endproducts (RAGE)","4LP4","Homo Sapiens","Crystal structure of the human RAGE VC1 fragment in space group P62"
"ST_0813","Advanced Glycation Endproducts (RAGE)","4LP5","Homo Sapiens","Crystal structure of the full-length human RAGE extracellular domain (VC1C2 fragment)"
"ST_0814","Advanced Glycation Endproducts (RAGE)","4OI7","Homo Sapiens","RAGE recognizes nucleic acids and promotes inflammatory responses to DNA"
"ST_0815","Advanced Glycation Endproducts (RAGE)","4OI8","Homo Sapiens","RAGE is a nucleic acid receptor that promotes inflammatory responses to DNA."
"ST_0816","Advanced Glycation Endproducts (RAGE)","4P2Y","Homo sapiens, Mus musculus","Crystal structure of the human RAGE ectodomain (fragment VC1C2) in complex with mouse S100A6"
"ST_0817","Advanced Glycation Endproducts (RAGE)","4YBH","Homo Sapiens","Crystal structure of the human RAGE ectodomain (VC1C2 fragment) in complex with human S100A6"
"ST_0818","Advanced Glycation Endproducts (RAGE)","2H61","Homo Sapiens","X-ray structure of human Ca2+-loaded S100B"
"ST_0819","Advanced Glycation Endproducts (RAGE)","4XYN","Homo Sapiens","X-ray structure of Ca(2+)-S100B with human RAGE-derived W61 peptide"
"ST_0820","Advanced Glycation Endproducts (RAGE)","2M1K","Homo Sapiens","Interaction of Human S100A6 (C3S) with V domain of Receptor for Advanced Glycation End products (RAGE)"
"ST_0821","Advanced Glycation Endproducts (RAGE)","2MJW","Homo Sapiens","Structural Insights into Calcium Bound S100P - V Domain of the receptor for advanced glycation end products (RAGE) Complex"
"ST_0822","Advanced Glycation Endproducts (RAGE)","2MOV","Homo Sapiens","Receptor for Advanced Glycation End Products (RAGE) Specifically Recognizes Methylglyoxal Derived AGEs."
"ST_0823","Advanced Glycation Endproducts (RAGE)","5D7F","Homo Sapiens","X-ray structure of Ca(2+)-S100B with human RAGE-derived W72 peptide"
"ST_0824","Advanced Glycation Endproducts (RAGE)","2LE9","Homo Sapiens","RAGEC2-S100A13 tetrameric complex"
"ST_0825","Advanced Glycation Endproducts (RAGE)","5I8N","Homo Sapiens","Solution Structure of human calcium-binding S100A9 (C3S) protein"
"ST_0826","Advanced Glycation Endproducts (RAGE)","2M9G","Homo Sapiens","Solution structure of calcium-bound human S100A12"
"ST_0827","Mannan-binding protein (MBP)","2BGO","Cellvibrio japonicus","Mannan Binding Module from Man5C"
"ST_0828","Mannan-binding protein (MBP)","2BGP","Cellvibrio japonicus","Mannan Binding Module from Man5C in bound conformation"
"ST_0829","Mannan-binding protein (MBP)","1KWT","Rattus norvegicus","Rat mannose binding protein A (native, MPD)"
"ST_0830","Mannan-binding protein (MBP)","1KWU","Rattus norvegicus","Rat mannose binding protein A complexed with a-Me-Man"
"ST_0831","Mannan-binding protein (MBP)","1KWV","Rattus norvegicus","Rat mannose binding protein A complexed with a-Me-GlcNAc"
"ST_0832","Mannan-binding protein (MBP)","1KWW","Rattus norvegicus","Rat mannose protein A complexed with a-Me-Fuc."
"ST_0833","Mannan-binding protein (MBP)","1KWX","Rattus norvegicus","Rat mannose protein A complexed with b-Me-Fuc."
"ST_0834","Mannan-binding protein (MBP)","1KWY","Rattus norvegicus","Rat mannose protein A complexed with man-a13-man."
"ST_0835","Mannan-binding protein (MBP)","1KX1","Rattus norvegicus","Rat mannose protein A complexed with Man6-GlcNAc2-Asn"
"ST_0836","Mannan-binding protein (MBP)","1FIF","Rattus norvegicus","N-ACETYLGALACTOSAMINE-SELECTIVE MUTANT OF MANNOSE-BINDING PROTEIN-A (QPDWG-HDRPY)"
"ST_0837","Mannan-binding protein (MBP)","1KWZ","Rattus norvegicus","Rat mannose protein A (H189V) complexed with Man-a13-Man"
"ST_0838","Mannan-binding protein (MBP)","1KX0","Rattus norvegicus","Rat mannose protein A (H189V I207V) complexed with man-a13-man"
"ST_0839","Mannan-binding protein (MBP)","1FIH","Rattus norvegicus","N-ACETYLGALACTOSAMINE BINDING MUTANT OF MANNOSE-BINDING PROTEIN A (QPDWG-HDRPY), COMPLEX WITH N-ACETYLGALACTOSAMINE"
"ST_0840","Mannan-binding protein (MBP)","2KV3","Homo Sapiens","Human Regenerating Gene Type IV (REG IV) PROTEIN, P91S mutant"
"ST_0841","Mannan-binding protein (MBP)","1SZB","Homo Sapiens","Crystal structure of the human MBL-associated protein 19 (MAp19)"
"ST_0842","Mannan-binding protein (MBP)","5CKQ","Rattus norvegicus","CUB1-EGF-CUB2 domains of rat MASP-1"
"ST_0843","Mannan-binding protein (MBP)","1KZA","Rattus norvegicus","Complex of MBP-C and Man-a13-Man"
"ST_0844","Mannan-binding protein (MBP)","1KZB","Rattus norvegicus","Complex of MBP-C and trimannosyl core"
"ST_0845","Mannan-binding protein (MBP)","1KZC","Rattus norvegicus","Complex of MBP-C and high-affinity linear trimannose"
"ST_0846","Mannan-binding protein (MBP)","1KZD","Rattus norvegicus","Complex of MBP-C and GlcNAc-terminated core"
"ST_0847","Mannan-binding protein (MBP)","1KZE","Rattus norvegicus","Complex of MBP-C and bivalent Man-terminated glycopeptide"
"ST_0848","Mannan-binding protein (MBP)","3POD","NA","Crystal structure of MBL collagen-like peptide"
"ST_0849","Mannan-binding protein (MBP)","3POE","Rattus norvegicus","Crystal structure of the MASP-1 CUB2 domain bound to Ca2+"
"ST_0850","Mannan-binding protein (MBP)","3POF","Rattus norvegicus","Crystal structure of MASP-1 CUB2 domain bound to Ca2+"
"ST_0851","Mannan-binding protein (MBP)","3POG","Rattus norvegicus","Crystal structure of the MASP-1 CUB2 domain bound to Ca2+"
"ST_0852","Mannan-binding protein (MBP)","3POI","Rattus norvegicus","Crystal structure of MASP-1 CUB2 domain bound to Methylamine"
"ST_0853","Mannan-binding protein (MBP)","3POJ","Rattus norvegicus","Crystal structure of MASP-1 CUB2 domain bound to Ethylamine"
"ST_0854","Mannan-binding protein (MBP)","3POB","Rattus norvegicus","Crystal structure of MASP-1 CUB2 domain in complex with the collagen-like domain of MBL"
"ST_0855","Mannan-binding protein (MBP)","3PON","NA","Crystal structure of MBL collagen-like peptide"
"ST_0856","Mannan-binding protein (MBP)","2Y1S","Microcystis aeruginosa PCC 7806","Microvirin lectin"
"ST_0857","Mannan-binding protein (MBP)","3TVJ","Homo sapiens, Schistocerca gregaria","Catalytic fragment of MASP-2 in complex with its specific inhibitor developed by directed evolution on SGCI scaffold"
"ST_0858","Mannan-binding protein (MBP)","4AQB","Homo Sapiens","MBL-Ficolin Associated Protein-1, MAP-1 aka MAP44"
"ST_0859","Mannan-binding protein (MBP)","4DJZ","Homo Sapiens","Catalytic fragment of masp-1 in complex with its specific inhibitor developed by directed evolution on sgci scaffold"
"ST_0860","Mannan-binding protein (MBP)","2YHH","Microcystis aeruginosa PCC 7806","Microvirin:mannobiose complex"
"ST_0861","Mannan-binding protein (MBP)","1ZHQ","Microcystis viridis","Crystal structure of apo MVL"
"ST_0862","Mannan-binding protein (MBP)","4IGD","Homo Sapiens","Crystal structure of the zymogen catalytic region of Human MASP-1"
"ST_0863","Mannan-binding protein (MBP)","1ZHS","Microcystis viridis","Crystal structure of MVL bound to Man3GlcNAc2"
"ST_0864","Mannan-binding protein (MBP)","1ZJK","Homo Sapiens","Crystal structure of the zymogen catalytic region of human MASP-2"
"ST_0865","Mannan-binding protein (MBP)","4R9F","Caldanaerobius polysaccharolyticus","CpMnBP1 with Mannobiose Bound"
"ST_0866","Mannan-binding protein (MBP)","4R9G","Caldanaerobius polysaccharolyticus","CpMnBP1 with Mannotriose Bound"
"ST_0867","Mannan-binding protein (MBP)","4KKD","Homo Sapiens","The X-ray crystal structure of Mannose-binding lectin-associated serine proteinase-3 reveals the structural basis for enzyme inactivity associated wit"
"ST_0868","Mannan-binding protein (MBP)","1Q3X","Homo Sapiens","Crystal structure of the catalytic region of human MASP-2"
"ST_0869","Mannan-binding protein (MBP)","5JPM","Homo Sapiens","Structure of the complex of human complement C4 with MASP-2 rebuilt using iMDFF"
"ST_0870","Mannan-binding protein (MBP)","3GOV","Homo Sapiens","Crystal structure of the catalytic region of human MASP-1"
"ST_0871","Mannan-binding protein (MBP)","4FXG","Homo Sapiens","Complement C4 in complex with MASP-2"
"ST_0872","Mannan-binding protein (MBP)","2WHK","Bacillus subtilis (strain 168)","Structure of Bacillus subtilis mannanase man26"
"ST_0873","Mannan-binding protein (MBP)","4MU9","Bacteroides thetaiotaomicron (strain ATCC 29148 / DSM 2079 / NCTC 10582 / E50 / VPI-5482)","Crystal structure of a putative glycosylhydrolase (BT_3782) from Bacteroides thetaiotaomicron VPI-5482 at 1.89 A resolution"
"ST_0874","Mannan-binding protein (MBP)","4C1R","Bacteroides thetaiotaomicron (strain ATCC 29148 / DSM 2079 / NCTC 10582 / E50 / VPI-5482)","Bacteroides thetaiotaomicron VPI-5482 mannosyl-6-phosphatase Bt3783"
"ST_0875","TIFA","4ZGI","Homo Sapiens","Structure of Truncated Human TIFA"
"ST_0876","TIFA","4YM4","Homo Sapiens","Truncated Human TIFA in complex with its Thr9 phosphorylated N-terminal peptide 1-15"
"ST_0877","TLR8","3W3G","Homo Sapiens","Crystal structure of human TLR8 (unliganded form)"
"ST_0878","TLR8","3W3J","Homo Sapiens","Crystal structure of human TLR8 in complex with CL097"
"ST_0879","TLR8","3W3K","Homo Sapiens","Crystal structure of human TLR8 in complex with CL075"
"ST_0880","TLR8","3WN4","Homo Sapiens","Crystal structure of human TLR8 in complex with DS-877"
"ST_0881","TLR8","4QBZ","Homo Sapiens","Crystal structure of human TLR8 in complex with DS-802"
"ST_0882","TLR8","4R07","Homo Sapiens","Crystal structure of human TLR8 in complex with ORN06"
"ST_0883","TLR8","4R08","Homo Sapiens","Crystal structure of human TLR8 in complex with ssRNA40"
"ST_0884","TLR8","4R09","Homo Sapiens","Crystal structure of human TLR8 in complex with ORN06S"
"ST_0885","TLR8","4R0A","Homo Sapiens","Crystal structure of human TLR8 in complex with uridine mononucleoside"
"ST_0886","TLR8","4R6A","Homo Sapiens","Crystal structure of human TLR8 in complex with Hybrid-2"
"ST_0887","TLR8","5AWA","Homo Sapiens","Crystal structure of human TLR8 in complex with MB-568"
"ST_0888","TLR8","5AWC","Homo Sapiens","Crystal structure of human TLR8 in complex with MB-564"
"ST_0889","TLR8","5AZ5","Homo Sapiens","Crystal structure of human TLR8 in complex with MB-343"
"ST_0890","TLR8","5HDH","Homo Sapiens","Crystal structure of human TLR8 with an uncleaved Z-loop"
"ST_0891","TLR8","5WYX","Homo Sapiens","Crystal structure of human TLR8 in complex with CU-CPT8m"
"ST_0892","TLR8","5WYZ","Homo Sapiens","Crystal structure of human TLR8 in complex with CU-CPT9b"
"ST_0893","TLR8","5Z14","Homo Sapiens","Crystal structure of human TLR8 in complex with CU-CPT9a"
"ST_0894","TLR8","5Z15","Homo Sapiens","Crystal structure of human TLR8 in complex with CU-CPT9c"
"ST_0895","TLR8","4QC0","Homo Sapiens","Crystal structure of human TLR8 in complex with XG-1-236"
"ST_0896","TLR8","3W3L","Homo Sapiens","Crystal structure of human TLR8 in complex with Resiquimod (R848) crystal form 1"
"ST_0897","TLR8","3W3M","Homo Sapiens","Crystal structure of human TLR8 in complex with Resiquimod (R848) crystal form 2"
"ST_0898","TLR8","3W3N","Homo Sapiens","Crystal structure of human TLR8 in complex with Resiquimod (R848) crystal form 3"
"ST_0899","TLR8","5AWB","Homo Sapiens","Crystal structure of human TLR8 in complex with N1-3-aminomethylbenzyl (meta-amine)"
"ST_0900","TLR8","5AWD","Homo Sapiens","Crystal structure of human TLR8 in complex with N1-4-aminomethylbenzyl (IMDQ)"
"ST_0901","TLR9","3WPB","Equus caballus","Crystal structure of horse TLR9 (unliganded form)"
"ST_0902","TLR9","3WPC","Equus caballus","Crystal structure of horse TLR9 in complex with agonistic DNA1668_12mer"
"ST_0903","TLR9","3WPD","Equus caballus","Crystal structure of horse TLR9 in complex with inhibitory DNA4084"
"ST_0904","TLR9","3WPE","Bos taurus","Crystal structure of bovine TLR9 in complex with agonistic DNA1668_12mer"
"ST_0905","TLR9","3WPF","Mus musculus","Crystal structure of mouse TLR9 (unliganded form)"
"ST_0906","TLR9","3WPI","Mus musculus","Crystal structure of mouse TLR9 in complex with inhibitory DNA_super"
"ST_0907","TLR9","4QDH","Mus musculus, Eptatretus burgeri","Crystal Structure of the C-terminal Domain of Mouse TLR9"
"ST_0908","TLR9","3WPG","Mus musculus","Crystal structure of mouse TLR9 in complex with inhibitory DNA4084 (form 1)"
"ST_0909","TLR9","3WPH","Mus musculus","Crystal structure of mouse TLR9 in complex with inhibitory DNA4084 (form 2)"
"ST_0910","TLR9","5Y3J","Equus caballus","Crystal structure of horse TLR9 in complex with two DNAs (CpG DNA and TCGCAC DNA)"
"ST_0911","TLR9","5Y3K","Equus caballus","Crystal structure of horse TLR9 in complex with two DNAs (CpG DNA and GCGCAC DNA)"
"ST_0912","TLR9","5Y3L","Equus caballus","Crystal structure of horse TLR9 in complex with two DNAs (CpG DNA and CCGCAC DNA)"
"ST_0913","TLR9","5Y3M","Bos taurus","Crystal structure of bovine TLR9 in complex with two DNAs (CpG DNA and TCGTTT DNA)"
"ST_0914","TLR9","5ZLN","Mus musculus","Crystal structure of mouse TLR9 in complex with two DNAs (CpG DNA and TCGCCA DNA)"
"ST_0915","TLR9","5D3I","Mus musculus, Staphylococcus aureus (strain NCTC 8325)","Crystal structure of the SSL3-TLR2 complex"
"ST_0916","TLR2","1FYW","Homo Sapiens","CRYSTAL STRUCTURE OF THE TIR DOMAIN OF HUMAN TLR2"
"ST_0917","Toll like receptor (TLR)","3A79","Eptatretus burgeri, Mus musculus","Crystal structure of TLR2-TLR6-Pam2CSK4 complex"
"ST_0918","TLR2","3A7C","Eptatretus burgeri, Mus musculus","Crystal structure of TLR2-PE-DTPA complex"
"ST_0919","TLR2","1FYX","Homo Sapiens","CRYSTAL STRUCTURE OF P681H MUTANT OF TIR DOMAIN OF HUMAN TLR2"
"ST_0920","TLR2","1O77","Homo Sapiens","CRYSTAL STRUCTURE OF THE C713S MUTANT OF THE TIR DOMAIN OF HUMAN TLR2"
"ST_0921","Toll like receptor (TLR)","2Z7X","Homo Sapiens","Crystal structure of the TLR1-TLR2 heterodimer induced by binding of a tri-acylated lipopeptide"
"ST_0922","Toll like receptor (TLR)","2Z80","Homo Sapiens","Crystal structure of the TLR1-TLR2 heterodimer induced by binding of a tri-acylated lipopeptide"
"ST_0923","Toll like receptor (TLR)","2Z81","Mus musculus","Crystal structure of the TLR1-TLR2 heterodimer induced by binding of a tri-acylated lipopeptide"
"ST_0924","Toll like receptor (TLR)","2Z82","Mus musculus","Crystal structure of the TLR1-TLR2 heterodimer induced by binding of a tri-acylated lipopeptide"
"ST_0925","TLR2","3A7B","Eptatretus burgeri, Mus musculus","Crystal structure of TLR2-Streptococcus Pneumoniae lipoteichoic acid complex"
"ST_0926","Toll like receptor (TLR)","5D3D","Staphylococcus aureus (strain NCTC 8325)","Crystal structure of Staphylococcal Superantigen-Like protein 3"
"ST_0927","Toll like receptor (TLR)","3WI4","Neisseria meningitidis serogroup B (strain MC58)","Crystal structure of wild-type PorB from Neisseria meningitidis serogroup B"
"ST_0928","Toll like receptor (TLR)","3WI5","Neisseria meningitidis serogroup B (strain MC58)","Crystal structure of the Loop 7 mutant PorB from Neisseria meningitidis serogroup B"
"ST_0929","TLR4","2Z62","Homo sapiens, Eptatretus burgeri","Crystal structure of the TV3 hybrid of human TLR4 and hagfish VLRB.61"
"ST_0930","TLR4","2Z63","Homo sapiens, Eptatretus burgeri","Crystal structure of the TV8 hybrid of human TLR4 and hagfish VLRB.61"
"ST_0931","TLR4","2Z64","Mus musculus","Crystal structure of mouse TLR4 and mouse MD-2 complex"
"ST_0932","TLR4","2Z65","Homo sapiens, Eptatretus burgeri","Crystal structure of the human TLR4 TV3 hybrid-MD-2-Eritoran complex"
"ST_0933","TLR4","2Z66","Homo sapiens, Eptatretus burgeri","Crystal structure of the VT3 hybrid of human TLR4 and hagfish VLRB.61"
"ST_0934","TLR4","3VQ1","Mus musculus","Crystal structure of mouse TLR4/MD-2/lipid IVa complex"
"ST_0935","TLR4","3VQ2","Mus musculus","Crystal structure of mouse TLR4/MD-2/LPS complex"
"ST_0936","TLR4","5IJB","Mus musculus, Eptatretus burgeri","The ligand-free structure of the mouse TLR4/MD-2 complex"
"ST_0937","TLR4","5IJC","Mus musculus, Eptatretus burgeri","The crystal structure of mouse TLR4/MD-2/neoseptin-3 complex"
"ST_0938","TLR4","5IJD","Mus musculus, Eptatretus burgeri","The crystal structure of mouse TLR4/MD-2/lipid A complex"
"ST_0939","TLR4","5NAM","Homo Sapiens","NMR structure of TLR4 transmembrane domain (624-670) in DMPG/DHPC bicelles"
"ST_0940","TLR4","5NAO","Homo Sapiens","NMR structure of TLR4 transmembrane domain (624-657) in DPC micelles"
"ST_0941","TLR4","3FXI","Homo Sapiens","Crystal structure of the human TLR4-human MD-2-E.coli LPS Ra complex"
"ST_0942","TLR4","4G8A","Homo Sapiens","Crystal structure of human TLR4 polymorphic variant D299G and T399I in complex with MD-2 and LPS"
"ST_0943","Toll like receptor (TLR)","2Z5V","Homo Sapiens","Solution structure of the TIR domain of human MyD88"
"ST_0944","Toll like receptor (TLR)","3RG1","Homo Sapiens","Crystal structure of the RP105/MD-1 complex"
"ST_0945","Toll like receptor (TLR)","3UB2","Homo Sapiens","TIR domain of Mal/TIRAP"
"ST_0946","Toll like receptor (TLR)","3UB3","Homo Sapiens","D96N variant of TIR domain of Mal/TIRAP"
"ST_0947","Toll like receptor (TLR)","3UB4","Homo Sapiens","S180L variant of TIR domain of Mal/TIRAP"
"ST_0948","Toll like receptor (TLR)","5UC8","Homo Sapiens","Crystal structure of human Heme Oxygenase-2"
"ST_0949","Toll like receptor (TLR)","5UC9","Homo Sapiens","Crystal structure of human Heme Oxygenase-2 in complex with Myristate"
"ST_0950","Toll like receptor (TLR)","5UCA","Homo Sapiens","Crystal structure of human Heme Oxygenase-2 in complex with Laurate"
"ST_0951","Toll like receptor (TLR)","3UL7","Homo sapiens, Eptatretus burgeri","Crystal structure of the TV3 mutant F63W"
"ST_0952","Toll like receptor (TLR)","3UL8","Homo sapiens, Eptatretus burgeri","Crystal structure of the TV3 mutant V134L"
"ST_0953","Toll like receptor (TLR)","3UL9","Homo sapiens, Eptatretus burgeri","structure of the TV3 mutant M41E"
"ST_0954","Toll like receptor (TLR)","3ULA","Homo sapiens, Eptatretus burgeri","Crystal structure of the TV3 mutant F63W-MD-2-Eritoran complex"
"ST_0955","Toll like receptor (TLR)","4C7M","Escherichia coli BL21(DE3)","The crystal structure of TcpB or BtpA TIR domain"
"ST_0956","Toll like receptor (TLR)","5UZB","Homo Sapiens","Cryo-EM structure of the MAL TIR domain filament"
"ST_0957","Toll like receptor (TLR)","4R7D","Homo Sapiens","Fab Hu 15C1"
"ST_0958","Toll like receptor (TLR)","4R7N","Cricetulus griseus","Fab C2E3"
"ST_0959","TLR1","1FYV","TLR1","CRYSTAL STRUCTURE OF THE TIR DOMAIN OF HUMAN TLR1"
"ST_0960","TLR10","2J67","Homo Sapiens","The TIR domain of human Toll-Like Receptor 10 (TLR10)"
"ST_0961","TLR13","4Z0C","Mus musculus","Crystal structure of TLR13-ssRNA13 complex"
"ST_0962","TLR3","3CIG","Mus musculus","Crystal structure of mouse TLR3 ectodomain"
"ST_0963","TLR3","3QPQ","Homo Sapiens","Crystal structure of ANTI-TLR3 antibody C1068 FAB"
"ST_0964","TLR3","5GS0","Homo Sapiens","Crystal structure of the complex of TLR3 and bi-specific diabody"
"ST_0965","TLR3","1ZIW","Homo Sapiens","Human Toll-like Receptor 3 extracellular domain structure"
"ST_0966","Toll like receptor (TLR)","3ULS","Homo Sapiens","Crystal structure of Fab12"
"ST_0967","TLR3","3ULU","Homo Sapiens","Structure of quaternary complex of human TLR3ecd with three Fabs (Form1)"
"ST_0968","TLR3","3ULV","Homo Sapiens","Structure of quaternary complex of human TLR3ecd with three Fabs (Form2)"
"ST_0969","TLR3","2MK9","Homo Sapiens","Spatial structure of the dimeric transmembrane domain of Toll-like receptor 3"
"ST_0970","TLR3","2MKA","Homo Sapiens","Spatial structure of the Toll-like receptor 3 transmembrane domain in the trimeric state"
"ST_0971","TLR3","3CIY","Mus musculus","Mouse Toll-like receptor 3 ectodomain complexed with double-stranded RNA"
"ST_0972","TLR3","2A0Z","Homo Sapiens","The molecular structure of toll-like receptor 3 ligand binding domain"
"ST_0973","TLR7","5GMF","Macaca mulatta, Homo sapiens","Crystal structure of monkey TLR7 in complex with guanosine and polyU"
"ST_0974","TLR7","5GMG","Homo sapiens, Macaca mulatta","Crystal structure of monkey TLR7 in complex with loxoribine and polyU"
"ST_0975","TLR7","5GMH","Macaca mulatta","Crystal structure of monkey TLR7 in complex with R848"
"ST_0976","TLR8","4QC0","Homo Sapiens","Crystal structure of human TLR8 in complex with XG-1-236"
"ST_0977","TLR8","4QBZ","Homo Sapiens","Crystal structure of human TLR8 in complex with DS-802"
"ST_0978","TLR5","3V44","Eptatretus burgeri, Danio rerio","Crystal structure of the N-terminal fragment of zebrafish TLR5"
"ST_0979","TLR5","3V47","Salmonella dublin, Eptatretus burgeri, Danio rerio","Crystal structure of the N-terminal fragment of zebrafish TLR5 in complex with Salmonella flagellin"
"ST_0980","TLR5","5GY2","Bacillus subtilis subsp. spizizenii (strain ATCC 23059 / NRRL B-14472 / W23), Eptatretus burgeri, Da","Crystal structure of a complex between Bacillus subtilis flagellin and zebrafish Toll-like receptor 5"
"ST_0981","TLR5","6BXA","Eptatretus burgeri, Danio rerio","Crystal structure of N-terminal fragment of Zebrafish Toll-Like Receptor 5 (TLR5) with Lamprey Variable Lymphocyte Receptor 2 (VLR2) bound"
"ST_0982","TLR5","6BXC","Eptatretus burgeri, Danio rerio","Crystal structure of N-terminal fragment of Zebrafish Toll-Like Receptor 5 (TLR5) with Lamprey Variable Lymphocyte Receptor 9 (VLR9) bound"
"ST_0983","Toll like receptor (TLR)","4NX9","Pseudomonas aeruginosa","Crystal structure of Pseudomonas aeruginosa flagellin FliC"
"ST_0984","Toll like receptor (TLR)","6BXD","Spodoptera frugiperda","Crystal structure of Variable Lymphocyte Receptor 2 (VLR2)"
"ST_0985","Toll like receptor (TLR)","6BXE","Petromyzon marinus","Crystal structure of Variable Lymphocyte Receptor 9 (VLR9)"
"ST_0986","Toll like receptor (TLR)","3J0A","Homo sapiens","Homology model of human Toll-like receptor 5 fitted into an electron microscopy single particle reconstruction"
"ST_0987","TRPA1","3J9P","Homo sapiens, Escherichia coli (strain K12)","Structure of the TRPA1 ion channel determined by electron cryo-microscopy"
"ST_0988","TRPA1","2M9L","Thrixopelma pruriens","Solution structure of protoxin-1"
"ST_0989","TRPA1","5LAH","sea anemone","NMR structure of the sea anemone peptide tau-AnmTx Ueq 12-1 with an uncommon fold"
"ST_0990","GRP2","2MA2","Homo Sapiens","Solution structure of RasGRP2 EF hands bound to calcium"
"ST_0991","GRP2","6AXF","Homo Sapiens","Structure of RasGRP2 in complex with Rap1B"
"ST_0992","GRP4","6AXG","Homo Sapiens","Structure of RasGRP4 in complex with Hras"
"ST_0993","GRP1","4L9M","Homo Sapiens","Autoinhibited state of the Ras-specific exchange factor RasGRP1"
"ST_0994","GRP1","4L9U","Homo Sapiens","Structure of C-terminal coiled coil of RasGRP1"
"ST_0995","GNBP","2RQE","Bombyx mori","Solution structure of the silkworm bGRP/GNBP3 N-terminal domain reveals the mechanism for b-1,3-glucan specific recognition"
"ST_0996","GNBP","3IE4","Drosophila melanogaster","b-glucan binding domain of Drosophila GNBP3 defines a novel family of pattern recognition receptor"
"ST_0997","GNBP","3AQX","Bombyx mori","Crystal structure of Bombyx mori beta-GRP/GNBP3 N-terminal domain with laminarihexaoses"
"ST_0998","GNBP","3AQY","Plodia interpunctella","Crystal structure of Plodia interpunctella beta-GRP/GNBP3 N-terminal domain"
"ST_0999","GNBP","3AQZ","Plodia interpunctella","Crystal structure of Plodia interpunctella beta-GRP/GNBP3 N-terminal domain with laminarihexaoses"
"ST_1000","VIP36","2DUO","Canis lupus familiaris","Crystal structure of VIP36 exoplasmic/lumenal domain, Ca2+-bound form"
"ST_1001","VIP36","2DUP","Canis lupus familiaris","Crystal structure of VIP36 exoplasmic/lumenal domain, metal-free form"
"ST_1002","VIP36","2DUQ","Canis lupus familiaris","Crystal structure of VIP36 exoplasmic/lumenal domain, Ca2+/Man-bound form"
"ST_1003","VIP36","2DUR","Canis lupus familiaris","Crystal structure of VIP36 exoplasmic/lumenal domain, Ca2+/Man2-bound form"
"ST_1004","VIP36","2E6V","Canis lupus familiaris","Crystal structure of VIP36 exoplasmic/lumenal domain, Ca2+/Man3GlcNAc-bound form"
"ST_1005","VIP36","3WHT","Homo Sapiens","Crystal structure of ERGIC-53/MCFD2, Calcium-free form"
"ST_1006","VIP36","3WHU","Homo Sapiens","Crystal structure of ERGIC-53/MCFD2, Calcium/Man2-bound form"
"ST_1007","VIP36","3WNX","Homo Sapiens","Crystal structure of ERGIC-53/MCFD2, Calcium/Man3-bound form"
"ST_1008","ZBP1","3EYI","Homo Sapiens","The crystal structure of the second Z-DNA binding domain of human DAI (ZBP1) in complex with Z-DNA"
"ST_1009","ZBP1","4KA4","Homo Sapiens","Crystal structure of a proteolytically defined Zbeta domain of human DAI (ZBP1, DLM-1)"
"ST_1010","ZBP1","3KRM","Homo Sapiens","Imp1 kh34"
"ST_1011","ZBP1","2LNB","Homo Sapiens","Solution NMR structure of N-terminal domain (6-74) of human ZBP1 protein, Northeast Structural Genomics Consortium Target HR8174A."
"ST_1012","ZBP1","2N8L","Gallus gallus","Zipcode-binding-protein-1 KH3KH4(DD) domains in complex with the KH3 RNA target"
"ST_1013","ZBP1","2N8M","Gallus gallus","Zipcode-binding-protein-1 KH3(DD)KH4 domains in complex with the KH4 RNA target"
"ST_1014","ZBP1","2L4M","Homo Sapiens","Solution structure of the Zbeta domain of human DAI and its binding modes to B- and Z-DNA"
"ST_1015","ZBP1","2HEO","Mus musculus","General Structure-Based Approach to the Design of Protein Ligands: Application to the Design of Kv1.2 Potassium Channel Blockers."
"ST_1016","b-1,3-glucan recognition proteins","2J0Y","Homo Sapiens","L-ficolin complexed to b-1,3-D-glucan"
"ST_1017","b-1,3-glucan recognition proteins","2RQE","Bombyx mori","Solution structure of the silkworm bGRP/GNBP3 N-terminal domain reveals the mechanism for b-1,3-glucan specific recognition"
"ST_1018","b-1,3-glucan recognition proteins","3AQX","Bombyx mori","Crystal structure of Bombyx mori beta-GRP/GNBP3 N-terminal domain with laminarihexaoses"
"ST_1019","b-1,3-glucan recognition proteins","3AQZ","Plodia interpunctella","Crystal structure of Plodia interpunctella beta-GRP/GNBP3 N-terminal domain with laminarihexaoses"
"ST_1020","b-1,3-glucan recognition proteins","3AQY","Plodia interpunctella","Crystal structure of Plodia interpunctella beta-GRP/GNBP3 N-terminal domain"
"ST_1021","b-1,3-glucan recognition proteins","5T7A","Bacillus halodurans (strain ATCC BAA-125 / DSM 18197 / FERM 7344 / JCM 9153 / C-125)","Crystal structure of Br derivative BhCBM56"
"ST_1022","cav","4QKV","Mus musculus","Crystal structure of the mouse cavin1 HR1 domain"
"ST_1023","cav","5V2Q","Homo sapiens, Rattus norvegicus","CaV beta2a subunit: CaV1.2 AID-CEN complex"
"ST_1024","cav","5V2P","Homo sapiens, Rattus norvegicus","CaV beta2a subunit: CaV1.2 AID-CAP complex"
"ST_1025","cav","1UTG","Oryctolagus cuniculus","REFINEMENT OF THE C2221 CRYSTAL FORM OF OXIDIZED UTEROGLOBIN AT 1.34 ANGSTROMS RESOLUTION"
"ST_1026","cav","1SZM","Bos taurus","DUAL BINDING MODE OF BISINDOLYLMALEIMIDE 2 TO PROTEIN KINASE A (PKA)"
"ST_1027","cav","2J1K","Homo sapiens, Canine adenovirus serotype 2 (strain Toronto A 26-61)","CAV-2 fibre head in complex with CAR D1"
"ST_1028","SR-BI ","3NGH","Mus musculus","Molecular Analysis of the Interaction of the HDL Receptor SR-BI with the Adaptor Protein PDZK1"
"ST_1029","SR-BI ","3R69","Mus musculus","Molecular analysis of the interaction of the HDL-receptor SR-BI with the PDZ3 domain of its adaptor protein PDZK1"
"ST_1030","PDZK1","3R68","Mus musculus","Molecular Analysis of the PDZ3 domain of PDZK1"
"ST_1031","PDZK1","4WEB","Hepatitis C virus subtype 2a","Structure of the core ectodomain of the hepatitis C virus envelope glycoprotein 2"
"ST_1032","Collectin Kidney","4YLI","Homo Sapiens","CL-K1 trimer"
"ST_1033","Collectin Kidney","4YMD","Homo Sapiens","CL-K1 trimer bound to man(alpha1-2)man"
"ST_1034","GNBP","4C6Y","Escherichia coli BL21(DE3)","Ancestral PNCA (last common ancestors of Gram-positive and Gram- negative bacteria) beta-lactamase class A"
"ST_1035","GNBP","4XGS","Escherichia coli (strain K12)","Crystal structure analysis of novel iron uptake mechanism of Gram-negative bacterial ferritin"
"ST_1036","GNBP","5XU7"," Escherichia coli (strain K12)","Crystal structure of Escherichia coli holo-[acyl-carrier-protein] synthase (AcpS)"
"ST_1037","GNBP","5XUM","Thermotoga maritima (strain ATCC 43589 / MSB8 / DSM 3109 / JCM 10099)","Crystal structure of Thermotoga maritima holo-[acyl-carrier-protein] synthase (AcpS)"
"ST_1038","GNBP","4OON","Pseudomonas aeruginosa (strain ATCC 15692 / DSM 22644 / CIP 104116 / JCM 14847 / LMG 12228 / 1C / PR","Crystal structure of PBP1a in complex with compound 17 ((4Z,8S,11E,14S)-5-(2-amino-1,3-thiazol-4-yl)-14-(5,6-dihydroxy-1,3-dioxo-1,3-dihydro-2H-isoind"
"ST_1039","GNBP","4OOL","Escherichia coli","Crystal structure of PBP3 in complex with compound 14 ((2E)-2-({[(2S)-2-{[(2Z)-2-(2-amino-1,3-thiazol-4-yl)-2-{[(1,5-dihydroxy-4-oxo-1,4-dihydropyridi"
"ST_1040","GNBP","4OOM","Escherichia coli","Crystal structure of PBP3 in complex with BAL30072 ((2Z)-2-(2-amino-1,3-thiazol-4-yl)-2-{[(1,5-dihydroxy-4-oxo-1,4-dihydropyridin-2-yl)methoxy]imino}-"
"ST_1041","GNBP","5XUK","Helicobacter pylori (strain ATCC 700392 / 26695)","Crystal structure of Helicobacter pylori holo-[acyl-carrier-protein] synthase (AcpS) in complex with coenzyme A"
"ST_1042","GNBP","5XUH","Escherichia coli (strain K12)","Crystal structure of Escherichia coli holo-[acyl-carrier-protein] synthase (AcpS) D9A mutant in complex with CoA"
"ST_1043","GNBP","1D9V","Haemophilus influenzae (strain ATCC 51907 / DSM 11121 / KW20 / Rd)","HAEMOPHILUS INFLUENZAE FERRIC-BINDING PROTEIN APO FORM"
"ST_1044","GNBP","3UB1","Clostridium perfringens","Ntf2 like protein involved in plasmid conjugation"
"ST_1045","GNBP","5C22","Escherichia coli","Crystal structure of Zn-bound HlyD from E. coli"
"ST_1046","GNBP","5O77","Klebsiella pneumoniae","Klebsiella pneumoniae OmpK35"
"ST_1047","GNBP","5O79","Klebsiella pneumoniae","Klebsiella pneumoniae OmpK36"
"ST_1048","GNBP","5F3F","Escherichia coli (strain K12)","Crystal structure of para-biphenyl-2-methyl-3'-methyl amide mannoside bound to FimH lectin domain"
"ST_1049","GNBP","3ZJT","Escherichia coli (strain K12), Escherichia coli K-12","Ternary complex of E.coli leucyl-tRNA synthetase, tRNA(Leu)574 and the benzoxaborole AN3017 in the editing conformation"
"ST_1050","GNBP","3ZJU","Escherichia coli (strain K12), Escherichia coli K-12","Ternary complex of E .coli leucyl-tRNA synthetase, tRNA(Leu) and the benzoxaborole AN3016 in the editing conformation"
"ST_1051","GNBP","1EGZ","Dickeya dadantii (strain 3937)","CELLULASE CEL5 FROM ERWINIA CHRYSANTHEMI, A FAMILY GH 5-2 ENZYME"
"ST_1052","GNBP","4DMZ"," Pseudomonas aeruginosa (strain UCBPP-PA14)","PelD 156-455 from Pseudomonas aeruginosa PA14, apo form"
"ST_1053","GNBP","4RHB","Escherichia coli (strain K12)","Crystal structure of the lipopolysaccharide assembly complex LptD-LptE from the Escherichia coli outer membrane"
"ST_1054","GNBP","1D9Y","Neisseria gonorrhoeae","NEISSERIA GONORRHOEAE FERRIC BINDING PROTEIN"
"ST_1055","GNBP","1OPD","Escherichia coli (strain K12)","HISTIDINE-CONTAINING PROTEIN (HPR), MUTANT WITH SER 46 REPLACED BY ASP (S46D)"
"ST_1056","GNBP","1F1H","Salmonella typhimurium (strain LT2 / SGSC1412 / ATCC 700720)","CRYSTAL STRUCTURE OF GLUTAMINE SYNTHETASE FROM SALMONELLA TYPHIMURIUM WITH THALLIUM IONS"
"ST_1057","Lactosylceramide","1SX6","Homo Sapiens","Crystal structure of human Glycolipid Transfer protein in lactosylceramide-bound form"
"ST_1058","Lactosylceramide","2EUM","Homo Sapiens","Crystal structure of human Glycolipid Transfer Protein complexed with 8:0 Lactosylceramide"
"ST_1059","Lactosylceramide","2EVD","Homo Sapiens","Crystal structure of human Glycolipid Transfer Protein complexed with 12:0 Lactosylceramide"
"ST_1060","Lactosylceramide","3SDD","Mus musculus, Homo sapiens","Crystal structure of autoreactive-Valpha14-Vbeta6 NKT TCR in complex with CD1d-beta-lactosylceramide"
"ST_1061","HSL","3IX3","Pseudomonas aeruginosa (strain ATCC 15692 / DSM 22644 / CIP 104116 / JCM 14847 / LMG 12228 / 1C / PR","LasR-OC12 HSL complex"
"ST_1062","HSL","3AIK","Sulfolobus tokodaii (strain DSM 16993 / JCM 10545 / NBRC 100140 / 7)","Crystal structure of a HSL-like carboxylesterase from Sulfolobus tokodaii"
"ST_1063","HSL","3AIL","Sulfolobus tokodaii (strain DSM 16993 / JCM 10545 / NBRC 100140 / 7)","Crystal structure of a HSL-like carboxylesterase from Sulfolobus tokodaii complexed with paraoxon"
"ST_1064","HSL","3AIM","Sulfolobus tokodaii (strain DSM 16993 / JCM 10545 / NBRC 100140 / 7)","R267E mutant of a HSL-like carboxylesterase from Sulfolobus tokodaii"
"ST_1065","HSL","3AIN","Sulfolobus tokodaii (strain DSM 16993 / JCM 10545 / NBRC 100140 / 7)","R267G mutant of a HSL-like carboxylesterase from Sulfolobus tokodaii"
"ST_1066","HSL","3AIO","Sulfolobus tokodaii (strain DSM 16993 / JCM 10545 / NBRC 100140 / 7)","R267K mutant of a HSL-like carboxylesterase from Sulfolobus tokodaii"
"ST_1067","HSL","3K6K","uncultured bacterium","Crystal structure at 2.2 angstrom of HSL-homolog EstE7 from a metagenome library"
"ST_1068","HSL","3QP2","Chromobacterium violaceum","Crystal structure of CviR ligand-binding domain bound to C8-HSL"
"ST_1069","HSL","3QP4","Chromobacterium violaceum","Crystal structure of CviR ligand-binding domain bound to C10-HSL"
"ST_1070","HSL","3QP6","Chromobacterium violaceum (strain ATCC 12472 / DSM 30191 / JCM 1249 / NBRC 12614 / NCIMB 9131 / NCTC","Crystal structure of CviR (Chromobacterium violaceum 12472) bound to C6-HSL"
"ST_1071","HSL","4XVC","Escherichia coli 'BL21-Gold(DE3)pLysS AG'","Crystal structure of an esterase from the bacterial hormone-sensitive lipase (HSL) family"
"ST_1072","HSL","3QP1","Chromobacterium violaceum","Crystal structure of CviR ligand-binding domain bound to the native ligand C6-HSL"
"ST_1073","HSL","3QP8","Chromobacterium violaceum (strain ATCC 12472 / DSM 30191 / JCM 1249 / NBRC 12614 / NCIMB 9131 / NCTC","Crystal structure of CviR (Chromobacterium violaceum 12472) ligand-binding domain bound to C10-HSL"
"ST_1074","HSL","5UBK","Pseudomonas aeruginosa (strain ATCC 15692 / DSM 22644 / CIP 104116 / JCM 14847 / LMG 12228 / 1C / PR","Inactive S1A/N269D-cpPvdQ mutant in complex with the pyoverdine precursor PVDIq reveals a specific binding pocket for the D-Tyr of this substrate"
"ST_1075","HSL","5UBL","Pseudomonas aeruginosa (strain ATCC 15692 / DSM 22644 / CIP 104116 / JCM 14847 / LMG 12228 / 1C / PR","A circularly permuted version of PvdQ (cpPvdQ)"
"ST_1076","HSL","4WKS","Pseudomonas aeruginosa (strain ATCC 15692 / DSM 22644 / CIP 104116 / JCM 14847 / LMG 12228 / 1C / PR","n-Alkylboronic Acid Inhibitors Reveal Determinants of Ligand Specificity in the Quorum-Quenching and Siderophore Biosynthetic Enzyme PvdQ"
"ST_1077","HSL","4WKT","Pseudomonas aeruginosa (strain ATCC 15692 / DSM 22644 / CIP 104116 / JCM 14847 / LMG 12228 / 1C / PR","n-Alkylboronic Acid Inhibitors Reveal Determinants of Ligand Specificity in the Quorum-Quenching and Siderophore Biosynthetic Enzyme PvdQ"
"ST_1078","HSL","4WKU","Pseudomonas aeruginosa (strain ATCC 15692 / DSM 22644 / CIP 104116 / JCM 14847 / LMG 12228 / 1C / PR","n-Alkylboronic Acid Inhibitors Reveal Determinants of Ligand Specificity in the Quorum-Quenching and Siderophore Biosynthetic Enzyme PvdQ"
"ST_1079","HSL","4WKV","Pseudomonas aeruginosa (strain ATCC 15692 / DSM 22644 / CIP 104116 / JCM 14847 / LMG 12228 / 1C / PR","n-Alkylboronic Acid Inhibitors Reveal Determinants of Ligand Specificity in the Quorum-Quenching and Siderophore Biosynthetic Enzyme PvdQ"
"ST_1080","HSL","4BTH","Pseudomonas aeruginosa (strain ATCC 15692 / DSM 22644 / CIP 104116 / JCM 14847 / LMG 12228 / 1C / PR","The LeuA146Trp,PheB24Tyr Double Mutant of the Quorum Quenching N-acyl Homoserine Lactone Acylase PvdQ Has an Altered Substrate Specificity Towards Sma"
"ST_1081","HSL","3H17","uncultured bacterium","Crystal structure of EstE5-PMSF (I)"
"ST_1082","HSL","3H18","uncultured bacterium","Crystal structure of EstE5-PMSF (II)"
"ST_1083","HSL","3L1H","uncultured bacterium","Crystal structure of EstE5, was soaked by FeCl3"
"ST_1084","HSL","3L1I","uncultured bacterium","Crystal structure of EstE5, was soaked by CuSO4"
"ST_1085","HSL","3L1J","uncultured bacterium","Crystal structure of EstE5, was soaked by ZnSO4"
"ST_1086","HSL","2WYB","Pseudomonas aeruginosa (strain ATCC 15692 / DSM 22644 / CIP 104116 / JCM 14847 / LMG 12228 / 1C / PR","The quorum quenching N-acyl homoserine lactone acylase PvdQ with a covalently bound dodecanoic acid"
"ST_1087","HSL","2WYC","Pseudomonas aeruginosa (strain ATCC 15692 / DSM 22644 / CIP 104116 / JCM 14847 / LMG 12228 / 1C / PR","The quorum quenching N-acyl homoserine lactone acylase PvdQ in complex with 3-oxo-lauric acid"
"ST_1088","HSL","2WYD","Pseudomonas aeruginosa (strain ATCC 15692 / DSM 22644 / CIP 104116 / JCM 14847 / LMG 12228 / 1C / PR","The quorum quenching N-acyl homoserine lactone acylase PvdQ in complex with dodecanoic acid"
"ST_1089","HSL","2WYE","Pseudomonas aeruginosa (strain ATCC 15692 / DSM 22644 / CIP 104116 / JCM 14847 / LMG 12228 / 1C / PR","The quorum quenching N-acyl homoserine lactone acylase PvdQ is an Ntn- Hydrolase with an unusual substrate-binding pocket"
"ST_1090","HSL","3L91","Pseudomonas aeruginosa (strain ATCC 15692 / DSM 22644 / CIP 104116 / JCM 14847 / LMG 12228 / 1C / PR","Structure of Pseudomonas aerugionsa PvdQ bound to octanoate"
"ST_1091","HSL","3L94","Pseudomonas aeruginosa (strain ATCC 15692 / DSM 22644 / CIP 104116 / JCM 14847 / LMG 12228 / 1C / PR","Structure of PvdQ covalently acylated with myristate"
"ST_1092","HSL","3SRA","Pseudomonas aeruginosa (strain ATCC 15692 / DSM 22644 / CIP 104116 / JCM 14847 / LMG 12228 / 1C / PR","Structure of Pseudomonas aerugionsa PvdQ covalently acylated with myristic acid from PVDIq"
"ST_1093","HSL","3SRB","Pseudomonas aeruginosa (strain ATCC 15692 / DSM 22644 / CIP 104116 / JCM 14847 / LMG 12228 / 1C / PR","Structure of Pseudomonas aeruginosa PvdQ bound to SMER28"
"ST_1094","HSL","3SRC","Pseudomonas aeruginosa (strain ATCC 15692 / DSM 22644 / CIP 104116 / JCM 14847 / LMG 12228 / 1C / PR","Structure of Pseudomonas aeruginosa PvdQ bound to NS2028"
"ST_1095","HSL","4K2F","Pseudomonas aeruginosa (strain ATCC 15692 / DSM 22644 / CIP 104116 / JCM 14847 / LMG 12228 / 1C / PR","Structure of Pseudomonas aeruginosa PvdQ bound to BRD-A08522488"
"ST_1096","HSL","4K2G","Pseudomonas aeruginosa (strain ATCC 15692 / DSM 22644 / CIP 104116 / JCM 14847 / LMG 12228 / 1C / PR","Structure of Pseudomonas aeruginosa PvdQ bound to BRD-A33442372"
"ST_1097","HSL","4M1J","Pseudomonas aeruginosa (strain ATCC 15692 / DSM 22644 / CIP 104116 / JCM 14847 / LMG 12228 / 1C / PR","Crystal structure of Pseudomonas aeruginosa PvdQ in complex with a transition state analogue"
"ST_1098","HSL","1HQY","Escherichia coli (strain K12)","Nucleotide-Dependent Conformational Changes in a Protease-Associated ATPase HslU"
"ST_1099","HSL","1HT1","Escherichia coli (strain K12)","Nucleotide-Dependent Conformational Changes in a Protease-Associated ATPase HslU"
"ST_1100","HSL","1HT2","Escherichia coli (strain K12)","Nucleotide-Dependent Conformational Changes in a Protease-Associated ATPase HslU"
"ST_1101","HSL","3FAK","uncultured bacterium","Structural and Functional Analysis of a Hormone-Sensitive Lipase like EstE5 from a Metagenome Library"
"ST_1102","HSL","3G9T","uncultured bacterium","Crystal structure of EstE5, was soaked by p-nitrophenyl butyrate for 5sec"
"ST_1103","HSL","3G9U","uncultured bacterium","Crystal structure of EstE5, was soaked by p-nitrophenyl butyrate for 5min"
"ST_1104","HSL","3G9Z","uncultured bacterium","Crystal structure of EstE5, was soaked by p-nitrophenyl caprylate"
"ST_1105","HSL","3H19","uncultured bacterium","Crystal structure of EstE5, was soaked by methyl alcohol"
"ST_1106","HSL","3H1A","uncultured bacterium","Crystal structure of EstE5, was soaked by ethyl alcohol"
"ST_1107","HSL","3H1B","uncultured bacterium","Crystal structure of EstE5, was soaked by isopropyl alcohol"
"ST_1108","HSL","2C7B","uncultured bacterium","The Crystal Structure of EstE1, a New Thermophilic and Thermostable Carboxylesterase Cloned from a Metagenomic Library"
"ST_1109","HSL","4OB6","Pseudomonas sp. ECU1011","Complex structure of esterase rPPE S159A/W187H and substrate (S)-Ac-CPA"
"ST_1110","HSL","4OB7","Pseudomonas sp. ECU1011","Crystal structure of esterase rPPE mutant W187H"
"ST_1111","HSL","4OB8","Pseudomonas sp. ECU1011","Crystal structure of a novel thermostable esterase from Pseudomonas putida ECU1011"
"ST_1112","HSL","4OU4","Pseudomonas sp. ECU1011","Crystal structure of esterase rPPE mutant S159A complexed with (S)-Ac-CPA"
"ST_1113","HSL","4OU5","Pseudomonas sp. ECU1011","Crystal structure of esterase rPPE mutant S159A/W187H"
"ST_1114","HSL","1G4A","Escherichia coli (strain K12)","CRYSTAL STRUCTURES OF THE HSLVU PEPTIDASE-ATPASE COMPLEX REVEAL AN ATP-DEPENDENT PROTEOLYSIS MECHANISM"
"ST_1115","HSL","1G4B","Escherichia coli (strain K12)","CRYSTAL STRUCTURES OF THE HSLVU PEPTIDASE-ATPASE COMPLEX REVEAL AN ATP-DEPENDENT PROTEOLYSIS MECHANISM"
"ST_1116","HSL","1IM2","Haemophilus influenzae (strain ATCC 51907 / DSM 11121 / KW20 / Rd)","HslU, Haemophilus Influenzae, Selenomethionine Variant"
"ST_1117","HSL","1YYF","Escherichia coli (strain K12), Bacillus subtilis (strain 168)","Correction of X-ray Intensities from an HslV-HslU co-crystal containing lattice translocation defects"
"ST_1118","HSL","2BR6","Bacillus thuringiensis subsp. Kurstaki","Crystal Structure of Quorum-Quenching N-Acyl Homoserine Lactone Lactonase"
"ST_1119","HSL","3SZT","Pseudomonas aeruginosa","Quorum Sensing Control Repressor, QscR, Bound to N-3-oxo-dodecanoyl-L-Homoserine Lactone"
"ST_1120","HSL","1OFH","Haemophilus influenzae (strain ATCC 51907 / DSM 11121 / KW20 / Rd)","Asymmetric complex between HslV and I-domain deleted HslU (H. influenzae)"
"ST_1121","HSL","1KYI","Haemophilus influenzae (strain ATCC 51907 / DSM 11121 / KW20 / Rd)","HslUV (H. influenzae)-NLVS Vinyl Sulfone Inhibitor Complex"
"ST_1122","HSL","1OFI","Haemophilus influenzae (strain ATCC 51907 / DSM 11121 / KW20 / Rd)","Asymmetric complex between HslV and I-domain deleted HslU (H. influenzae)"
"ST_1123","HSL","1G3I","Haemophilus influenzae (strain ATCC 51907 / DSM 11121 / KW20 / Rd)","CRYSTAL STRUCTURE OF THE HSLUV PROTEASE-CHAPERONE COMPLEX"
"ST_1124","HSL","1H0M","Rhizobium radiobacter","Three-dimensional structure of the quorum sensing protein TraR bound to its autoinducer and to its target DNA"
"ST_1125","HSL","5HJM","Pyrococcus abyssi (strain GE5 / Orsay)","Crystal Structure of Pyrococcus abyssi Trm5a complexed with MTA"
"ST_1126","mu opioid receptors","6DDE","Mus musculus, Homo sapiens","Mu Opioid Receptor-Gi Protein Complex"
"ST_1127","mu opioid receptors","6DDF","Mus musculus, Homo sapiens","Mu Opioid Receptor-Gi Protein Complex"
"ST_1128","mu opioid receptors","4DKL","Mus musculus, Enterobacteria phage T4","Crystal structure of the mu-opioid receptor bound to a morphinan antagonist"
"ST_1129","mu opioid receptors","5C1M","Mus musculus","Crystal structure of active mu-opioid receptor bound to the agonist BU72"
"ST_1130","mu opioid receptors","4EJ4","Enterobacteria phage T4, Mus musculus","Structure of the delta opioid receptor bound to naltrindole"
"ST_1131","mu opioid receptors","1ZV4","Homo Sapiens","Structure of the Regulator of G-Protein Signaling 17 (RGSZ2)"
"ST_1132","ZRANB","4S1Z","Homo sapiens, Bos taurus","Crystal structure of TRABID NZF1 in complex with K29 linked di-Ubiquitin"
"ST_1133","ZRANB","3ZRH","Homo Sapiens","Crystal structure of the Lys29, Lys33-linkage-specific TRABID OTU deubiquitinase domain reveals an Ankyrin-repeat ubiquitin binding domain (AnkUBD)"
"ST_1134","ZRANB","2K1P","Homo Sapiens","Solution structure of the second zinc finger domain of ZRANB2/ZNF265"
"ST_1135","ZRANB","3G9Y","Homo Sapiens","Crystal structure of the second zinc finger from ZRANB2/ZNF265 bound to 6 nt ssRNA sequence AGGUAA"
"ST_1136","NOS","4NOS","Homo Sapiens","HUMAN INDUCIBLE NITRIC OXIDE SYNTHASE WITH INHIBITOR"
"ST_1137","NOS","5TP6","Homo Sapiens","Solution structure of the CaM34 with the iNOS CaM binding domain peptide"
"ST_1138","NOS","3E65","Mus musculus","Murine INOS dimer with HEME, pterin and inhibitor AR-C120011"
"ST_1139","NOS","3E67","Mus musculus","Murine inos dimer with inhibitor 4-MAP bound"
"ST_1140","NOS","3E68","Mus musculus","Structure of murine INOS oxygenase domain with inhibitor AR-C130232"
"ST_1141","NOS","3E6N","Mus musculus","Structure of murine INOS oxygenase domain with inhibitor AR-C125813"
"ST_1142","NOS","2LL6","Homo Sapiens","Solution NMR structure of CaM bound to iNOS CaM binding domain peptide"
"ST_1143","NOS","4JS9","Mus musculus","Structural Characterization of Inducible Nitric Oxide Synthase Substituted With Mesoheme"
"ST_1144","NOS","1QW4","Mus musculus","Crystal Structure of Murine Inducible Nitric Oxide Synthase Oxygenase Domain in complex with N-omega-propyl-L-arginine."
"ST_1145","NOS","1QW5","Mus musculus","Murine inducible nitric oxide synthase oxygenase domain in complex with W1400 inhibitor."
"ST_1146","NOS","1R35","Mus musculus","MURINE INDUCIBLE NITRIC OXIDE SYNTHASE OXYGENASE DIMER, TETRAHYDROBIOPTERIN AND 4R-FLUORO-N6-ETHANIMIDOYL-L-LYSINE"
"ST_1147","NOS","1VAF","Mus musculus","Inducible nitric oxide synthase oxygenase domain complexed with the inhibitor AR-R17477"
"ST_1148","NOS","2ORO","Mus musculus","Murine inducible nitric oxide synthase oxygenase domain (delta 114) (r)-1-(2-imidazol-1-yl-6-methyl-pyrimidin-4-yl)-pyrrolidine-2-carboxylic acid (2-b"
"ST_1149","NOS","2ORP","Mus musculus","Murine inducible nitric oxide synthase oxygenase domain (delta 114) 2-[4-(2-Imidazol-1-yl-6-methyl-pyrimidin-4-yl)-1-isobutyryl-piperazin-2-yl]-N-[2-("
"ST_1150","NOS","2ORQ","Mus musculus","Murine Inducible Nitric Oxide Synthase Oxygenase Domain (DELTA 114) 4-(imidazol-1-yl)phenol and piperonylamine Complex"
"ST_1151","NOS","2ORR","Mus musculus","Murine Inducible Nitric Oxide Synthase Oxygenase Domain (Delta 114) 4-(Benzo[1,3]dioxol-5-yloxy)-2-(4-imidazol-1-yl-phenoxy)-pyrimidine Complex"
"ST_1152","NOS","2ORS","Mus musculus","Murine Inducible Nitric Oxide Synthase Oxygenase Domain (DELTA 114) 4-(Benzo[1,3]dioxol-5-yloxy)-2-(4-imidazol-1-yl-phenoxy)-6-methyl-pyrimidine Compl"
"ST_1153","NOS","2ORT","Mus musculus","Murine Inducible Nitric Oxide Synthase Oxygenase Domain (Delta 114) 1-Benzo[1,3]dioxol-5-ylmethyl-3S-(4-imidazol-1-yl-phenoxy)-piperidine Complex"
"ST_1154","NOS","3DWJ","Mus musculus","Heme-proximal W188H mutant of inducible nitric oxide synthase"
"ST_1155","NOS","3E7I","Mus musculus","Structure of murine inos oxygenase domain with inhibitor AR-C94864"
"ST_1156","NOS","3E7M","Mus musculus","Structure of murine iNOS oxygenase domain with inhibitor AR-C95791"
"ST_1157","NOS","3E7T","Mus musculus","Structure of murine iNOS oxygenase domain with inhibitor AR-C102222"
"ST_1158","NOS","3EAI","Mus musculus","Structure of inhibited murine iNOS oxygenase domain"
"ST_1159","NOS","3EBD","Mus musculus","Structure of inhibited murine iNOS oxygenase domain"
"ST_1160","NOS","3EBF","Mus musculus","Structure of inhibited murine iNOS oxygenase domain"
"ST_1161","NOS","3EJ8","Homo Sapiens","Structure of double mutant of human iNOS oxygenase domain with bound immidazole"
"ST_1162","NOS","3NQS","Mus musculus","Crystal Structure of Inducible Nitric Oxide Synthase with N-Nitrosated-pterin"
"ST_1163","NOS","4CX7","Homo Sapiens","Structure of human iNOS heme domain in complex with (R)-6-(3-AMINO-2-(5-(2-(6-AMINO-4- METHYLPYRIDIN-2-YL)ETHYL)PYRIDIN-3-YL)PROPYL)-4- METHYLPYRIDIN-"
"ST_1164","NOS","4UX6","Mus musculus","The discovery of novel, potent and highly selective inhibitors of inducible nitric oxide synthase (iNOS)"
"ST_1165","NOS","5XN3","Homo Sapiens","Crystal structure of SPSB2 in complex with a rational designed RGD containing cyclic peptide inhibitor of SPSB2-iNOS interaction"
"ST_1166","NOS","3HR4","Homo sapiens","Human iNOS Reductase and Calmodulin Complex"
"ST_1167","CCL5","5CMD","Homo Sapiens","Oligomer crystal structure of CC chemokine 5 (CCL5)"
"ST_1168","CCL5","5COY","Homo Sapiens","Crystal structure of CC chemokine 5 (CCL5)"
"ST_1169","CCL5","5L2U","Homo Sapiens","Oligomer crystal structure of CC chemokine 5 (CCL5)"
"ST_1170","CCL5","2L9H","Homo Sapiens","Oligomeric Structure of the Chemokine CCL5/RANTES from NMR, MS, and SAXS Data"
"ST_1171","CCL5","5DNF","Homo Sapiens","Crystal structure of CC chemokine 5 (CCL5) oligomer in complex with heparin"
"ST_1172","CCL5","5COR","Homo Sapiens","X-RAY STRUCTURE OF MACROPHAGE INFLAMMATORY PROTEIN-1 ALPHA (CCL3) N-TERMINAL-SWITCH POLYMER"
"ST_1173","CCL5","5D65","Homo Sapiens","X-RAY STRUCTURE OF MACROPHAGE INFLAMMATORY PROTEIN-1 ALPHA (CCL3) WITH HEPARIN COMPLEX"
"ST_1174","CCL5","5UIW","Homo sapiens, Clostridium pasteurianum","Crystal Structure of CC Chemokine Receptor 5 (CCR5) in complex with high potency HIV entry inhibitor 5P7-CCL5"
"ST_1175","CCL5","6FGP","Homo Sapiens","NMR solution structure of monomeric CCL5 in complex with a doubly-sulfated N-terminal segment of CCR5"
"ST_1176","CCL5","1U4L","Homo Sapiens","human RANTES complexed to heparin-derived disaccharide I-S"
"ST_1177","CCL5","1U4M","Homo Sapiens","human RANTES complexed to heparin-derived disaccharide III-S"
"ST_1178","CCL5","1U4P","Homo Sapiens","Crystal Structure of human RANTES mutant K45E"
"ST_1179","CCL5","1U4R","Homo Sapiens","Crystal Structure of human RANTES mutant 44-AANA-47"
"ST_1180","VDR","5OW7","Homo sapiens, Danio rerio","VDR complex"
"ST_1181","VDR","3M7R","Homo Sapiens","Crystal structure of VDR H305Q mutant"
"ST_1182","VDR","1S0Z","Homo Sapiens","Crystal structure of the VDR LBD complexed to seocalcitol."
"ST_1183","VDR","3B0T","Homo Sapiens","Human VDR ligand binding domain in complex with maxacalcitol"
"ST_1184","VDR","3VT3","Rattus norvegicus","Crystal structures of rat VDR-LBD with R270L mutation"
"ST_1185","VDR","3VT4","Rattus norvegicus","Crystal structures of rat VDR-LBD with R270L mutation"
"ST_1186","VDR","3VT5","Rattus norvegicus","Crystal structures of rat VDR-LBD with R270L mutation"
"ST_1187","VDR","3VT7","Rattus norvegicus","Crystal structures of rat VDR-LBD with W282R mutation"
"ST_1188","VDR","3VT8","Rattus norvegicus","Crystal structures of rat VDR-LBD with W282R mutation"
"ST_1189","VDR","3VT9","Rattus norvegicus","Crystal structures of rat VDR-LBD with W282R mutation"
"ST_1190","VDR","5GIC","Homo sapiens, Rattus norvegicus","Crystal structure of VDR in complex with DLAM-2P"
"ST_1191","VDR","5MX7","Homo sapiens, Danio rerio","1a,20S-dihydroxyvitamin D3 VDR complex"
"ST_1192","VDR","1YNW","Homo Sapiens","Crystal Structure of Vitamin D Receptor and 9-cis Retinoic Acid Receptor DNA-Binding Domains Bound to a DR3 Response Element"
"ST_1193","VDR","1S19","Homo Sapiens","Crystal structure of VDR ligand binding domain complexed to calcipotriol."
"ST_1194","VDR","1TXI","Homo Sapiens","Crystal structure of the vdr ligand binding domain complexed to TX522"
"ST_1195","VDR","2HAM","Homo Sapiens","Crystal structure of VDR LBD complexed to 2alpha-propyl-calcitriol"
"ST_1196","VDR","2HAS","Homo Sapiens","Crystal structure of VDR LBD in complex with 2alpha-(1-propoxy) calcitriol"
"ST_1197","VDR","2HB8","Homo Sapiens","Crystal structure of VDR LBD in complex with 2alpha-methyl calcitriol"
"ST_1198","VDR","2HC4","Homo sapiens, Danio rerio","Crystal structure of the LBD of VDR of Danio rerio in complex with calcitriol"
"ST_1199","VDR","5AWJ","Homo sapiens, Rattus norvegicus","Crystal structure of VDR-LBD/partial agonist complex: 22S-hexyl analogue"
"ST_1200","VDR","5AWK","Homo sapiens, Rattus norvegicus","Crystal structure of VDR-LBD/partial agonist complex: 22S-ethyl analogue"
"ST_1201","VDR","5GID","Homo sapiens, Rattus norvegicus","Crystal structure of VDR in complex with DLAM-4 (C2 form)"
"ST_1202","VDR","5GIE","Homo sapiens, Rattus norvegicus","Crystal structure of VDR in complex with DLAM-4P (P21 form)"
"ST_1203","VDR","1KB2","Homo Sapiens","Crystal Structure of VDR DNA-binding Domain Bound to Mouse Osteopontin (SPP) Response Element"
"ST_1204","VDR","1KB4","Homo Sapiens","Crystal Structure of VDR DNA-binding Domain Bound to a Canonical Direct Repeat with Three Base Pair Spacer (DR3) Response Element"
"ST_1205","VDR","1KB6","Homo Sapiens","Crystal Structure of VDR DNA-binding Domain Bound to Rat Osteocalcin (OC) Response Element"
"ST_1206","VDR","2HAR","Homo Sapiens","Crystal structure of VDR LBD in complex with 2 alpha-(3-hydroxy-1-propoxy) calcitriol"
"ST_1207","VDR","2HB7","Homo Sapiens","Crystal structure of VDR LBD in complex with 2alpha(3-hydroxy-1-propyl) calcitriol"
"ST_1208","VDR","3A3Z","Homo Sapiens","Crystal structure of the human VDR ligand binding domain bound to the synthetic agonist compound 2alpha-methyl-AMCR277A(C23S)"
"ST_1209","VDR","3A40","Homo Sapiens","Crystal structure of the human VDR ligand binding domain bound to the synthetic agonist compound 2alpha-methyl-AMCR277B(C23R)"
"ST_1210","VDR","3AFR","Xenopus tropicalis, Rattus norvegicus","Crystal Structure of VDR-LBD/22S-Butyl-1a,24R-dihydroxyvitamin D3 complex"
"ST_1211","VDR","3VRT","Rattus norvegicus, Homo sapiens","VDR ligand binding domain in complex with 2-Mehylidene-19,25,26,27-tetranor-1alpha,24-dihydroxyvitaminD3"
"ST_1212","VDR","3VRU","Rattus norvegicus, Homo sapiens","VDR ligand binding domain in complex with 2-Methylidene-19,24-dinor-1alpha,25-dihydroxy vitaminD3"
"ST_1213","VDR","3VRV","Rattus norvegicus, Homo sapiens","VDR ligand binding domain in complex with 2-Methylidene-26,27-dimethyl-19,24-dinor-1alpha,25-dihydroxyvitamin D3"
"ST_1214","VDR","3W0G","Rattus norvegicus, Homo sapiens","Crystal Structure of Rat VDR Ligand Binding Domain in Complex with Novel Nonsecosteroidal Ligands"
"ST_1215","VDR","3W0H","Rattus norvegicus, Homo sapiens","Crystal Structure of Rat VDR Ligand Binding Domain in Complex with Novel Nonsecosteroidal Ligands"
"ST_1216","VDR","3W0I","Rattus norvegicus, Homo sapiens","Crystal Structure of Rat VDR Ligand Binding Domain in Complex with Novel Nonsecosteroidal Ligands"
"ST_1217","VDR","3W0J","Rattus norvegicus, Homo sapiens","Crystal Structure of Rat VDR Ligand Binding Domain in Complex with Novel Nonsecosteroidal Ligands"
"ST_1218","VDR","3WTQ","Rattus norvegicus, Homo sapiens","Crystal structure of VDR-LBD complexed with 22S-butyl-2-methylidene-19-nor-1a,25-dihydroxyvitamin D3"
"ST_1219","VDR","5B41","Rattus norvegicus, Homo sapiens","Crystal structure of VDR-LBD complexed with 2-methylidene-19-nor-1a,25-dihydroxyvitamin D3"
"ST_1220","VDR","5B5B","Rattus norvegicus, Homo sapiens","Crystal structure of VDR-LBD complexed with 2-methylidene-26,27-diphenyl-19-nor-1,25-dihydroxyvitamin D3"
"ST_1221","VDR","5XPO","Rattus norvegicus, Homo sapiens","Crystal structure of VDR-LBD complexed with 25-(hydroxyphenyl)-2-methylidene-19,26,27-trinor-25-oxo-1-hydroxyvitamin D3"
"ST_1222","VDR","5XPP","Rattus norvegicus, Homo sapiens","Crystal structure of VDR-LBD complexed with 25RS-(Hydroxyphenyl)-2-methylidene-19,26,27-trinor-1,25-dihydroxyvitamin D3"
"ST_1223","VDR","1DB1","Homo Sapiens","CRYSTAL STRUCTURE OF THE NUCLEAR RECEPTOR FOR VITAMIN D COMPLEXED TO VITAMIN D"
"ST_1224","VDR","2ZFX","Rattus norvegicus, Homo sapiens","Crystal structure of the rat vitamin D receptor ligand binding domain complexed with YR301 and a synthetic peptide containing the NR2 box of DRIP 205"
"ST_1225","VDR","5V39","Homo Sapiens","Crystal structure of human vitamin D receptor ligand binding domain in complex with a VDRM"
"ST_1226","VDR","3A78","Homo Sapiens","Crystal structure of the human VDR ligand binding domain bound to the natural metabolite 1alpha,25-dihydroxy-3-epi-vitamin D3"
"ST_1227","VDR","3VRW","Rattus norvegicus, Homo sapiens","VDR ligand binding domain in complex with 22S-Butyl-2-methylidene-26,27-dimethyl-19,24-dinor-1alpha,25-dihydroxyvitamin D3"
"ST_1228","VDR","3VT6","Rattus norvegicus","Crystal structure of rat VDR-LBD with 2-Substituted-16-ene-22-thia-1alpha,25-dihydroxy-26,27-dimethyl-19-norvitamin D3"
"ST_1229","VDR","3WT7","Rattus norvegicus, Homo sapiens","Crystal structure of VDR-LBD complexed with 22R-Butyl-2-methylidene-26,27-dimethyl-19,24-dinor-1 ,25-dihydroxyvitamin D3"
"ST_1230","VDR","5XPL","Homo sapiens, Rattus norvegicus","Crystal structure of VDR-LBD complexed with 22S-butyl-25-hydroxyphenyl-2-methylidene-19,26,27-trinor-25-oxo-1-hydroxyvitamin D3"
"ST_1231","VDR","5XPM","Homo sapiens, Rattus norvegicus","Crystal structure of VDR-LBD complexed with 22S-Butyl-25RS-(hydroxyphenyl)-25-methoxy-2-methylidene-19,26,27-trinor-1-hydroxyvitamin D3"
"ST_1232","VDR","5XUQ","Homo sapiens, Rattus norvegicus","Crystal structure of VDR-LBD complexed with an antagonist, 2-methylidene-19,26,27-trinor-22-(S)-butyl-1-hydroxy-25-oxo-25-(1H-pyrrol-2-yl)- vitamin D3"
"ST_1233","VDR","2O4J","Homo sapiens, Rattus norvegicus","Crystal Structure of Rat Vitamin D Receptor Ligand Binding Domain Complexed with VitIII 17-20Z and the NR2 Box of DRIP 205"
"ST_1234","VDR","2O4R","Homo sapiens, Rattus norvegicus","Crystal Structure of Rat Vitamin D Receptor Ligand Binding Domain Complexed with VitIII 17-20E and the NR2 Box of DRIP 205"
"ST_1235","VDR","1IE8","Homo Sapiens","Crystal Structure Of The Nuclear Receptor For Vitamin D Ligand Binding Domain Bound to KH1060"
"ST_1236","VDR","1IE9","Homo Sapiens","Crystal Structure Of The Nuclear Receptor For Vitamin D Ligand Binding Domain Bound to MC1288"
"ST_1237","VDR","3AUQ","Homo Sapiens","Crystal structure of the human vitamin D receptor ligand binding domain complexed with Yne-diene type analog of active 14-epi-2alpha-methyl-19-norvita"
"ST_1238","VDR","3AUR","Homo Sapiens","Crystal structure of the human vitamin D receptor ligand binding domain complexed with Yne-diene type analog of active 14-epi-2beta-methyl-19-norvitam"
"ST_1239","VDR","3AX8","Homo Sapiens","Crystal structure of the human vitamin D receptor ligand binding domain complexed with 15alpha-methoxy-1alpha,25-dihydroxyvitamin D3"
"ST_1240","VDR","3AZ1","Homo Sapiens","Crystal Structure Analysis of Vitamin D receptor"
"ST_1241","VDR","3AZ2","Homo Sapiens","Crystal Structure Analysis of Vitamin D receptor"
"ST_1242","VDR","3AZ3","Homo Sapiens","Crystal Structure Analysis of Vitamin D receptor"
"ST_1243","VDR","3VHW","Homo Sapiens","Crystal structure of the human vitamin D receptor ligand binding domain complexed with 4-MP"
"ST_1244","VDR","3X31","Homo Sapiens","Crystal structure of the human vitamin D receptor ligand binding domain complexed with 7,8-cis-14-epi-1a,25-Dihydroxy-19-norvitamin D3"
"ST_1245","VDR","3X36","Homo Sapiens","Crystal structure of the human vitamin D receptor ligand binding domain complexed with 7,8-cis-1a,25-Dihydroxy-19-norvitamin D3"
"ST_1246","VDR","4ITE","Homo Sapiens","Crystal structure of the human vitamin D receptor ligand binding domain complexed with 1alpha,25-Dihydroxy-2alpha-[2-(2H-tetrazol-2-yl)ethyl]vitamin D"
"ST_1247","VDR","4ITF","Homo Sapiens","Crystal structure of the human vitamin D receptor ligand binding domain complexed with 1alpha,25-Dihydroxy-2alpha-[2-(1H-tetrazole-1-yl)ethyl]vitamin "
"ST_1248","VDR","5YSY","Homo Sapiens","Crystal structure of the human vitamin D receptor ligand binding domain complexed with (1R,2R,3R)-5-[(E)-2-{(1R,3aS,7aR)-1-[(R)-6-hydroxy-6-methylhept"
"ST_1249","VDR","5YT2","Homo Sapiens","Crystal structure of the human vitamin D receptor ligand binding domain complexed with (1R,2S,3R)-5-[(E)-2-{(1R,3aS,7aR)-1-[(R)-6-hydroxy-6-methylhept"
"ST_1250","VDR","4YNK","Homo sapiens, Rattus norvegicus","Crystal structure of vitamin D receptor ligand binding domain complexed with a 19-norvitamin D compound"
"ST_1251","VDR","3CS4","Homo Sapiens","Structure-based design of a superagonist ligand for the vitamin D nuclear receptor"
"ST_1252","VDR","3CS6","Homo Sapiens","Structure-based design of a superagonist ligand for the vitamin D nuclear receptor"
"ST_1253","VDR","3OGT","Homo Sapiens","Design, Chemical synthesis, Functional characterization and Crystal structure of the sidechain analogue of 1,25-dihydroxyvitamin D3."
"ST_1254","VDR","3TKC","Homo Sapiens","Design, Synthesis, Evaluation and Structure of Vitamin D Analogues with Furan Side Chains"
"ST_1255","VDR","3VJS","Homo sapiens, Rattus norvegicus","Vitamin D receptor complex with a carborane compound"
"ST_1256","VDR","3VJT","Homo sapiens, Rattus norvegicus","Vitamin D receptor complex with a carborane compound"
"ST_1257","VDR","3W5R","Homo sapiens, Rattus norvegicus","Crystal structure of complexes of vitamin D receptor ligand binding domain with lithocholic acid derivatives"
"ST_1258","VDR","3WT5","Homo sapiens, Rattus norvegicus","A mixed population of antagonist and agonist binding conformers in a single crystal explains partial agonism against vitamin D receptor: Active vitami"
"ST_1259","VDR","3WT6","Homo sapiens, Rattus norvegicus","A mixed population of antagonist and agonist binding conformers in a single crystal explains partial agonism against vitamin D receptor: Active vitami"
"ST_1260","VDR","4G2I","Homo Sapiens","Structural basis for the accommodation of bis- and tris-aromatic derivatives in Vitamin D Nuclear Receptor"
"ST_1261","VDR","5E7V","Homo sapiens, Danio rerio","Potent Vitamin D Receptor Agonist"
"ST_1262","VDR","5GT4","Homo Sapiens","Crystal structure of the human vitamin D receptor ligand binding domain complexed with (1R,2S,3R,5Z,7E,14beta,17alpha)-2-cyanopropoxy-9,10-secocholest"
"ST_1263","VDR","5H1E","Rattus norvegicus, Homo sapiens","Interaction between vitamin D receptor and coactivator peptide SRC2-3"
"ST_1264","VDR","5NKY","Homo sapiens, Danio rerio","Structure-activity relationship study of vitamin D analogs with oxolane group in their side chain"
"ST_1265","VDR","5NMA","Homo sapiens, Danio rerio","Structure-activity relationship study of vitamin D analogs with oxolane group in their side chain"
"ST_1266","VDR","5NMB","Homo sapiens, Danio rerio","Structure-activity relationship study of vitamin D analogs with oxolane group in their side chain"
"ST_1267","VDR","3A2H","Homo sapiens, Rattus norvegicus","Crystal structure of the rat vitamin D receptor ligand binding domain complexed with TEI-9647 and a synthetic peptide containing the NR2 box of DRIP 2"
"ST_1268","VDR","3A2I","Homo Sapiens","Crystal structure of the human vitamin D receptor (H305F) ligand binding domain complexed with TEI-9647"
"ST_1269","VDR","3A2J","Homo Sapiens","Crystal structure of the human vitamin D receptor (H305F/H397F) ligand binding domain complexed with TEI-9647"
"ST_1270","VDR","3P8X","Homo Sapiens","Synthesis, Structure, and Biological Activity of des-Side Chain Analogues of 1alpha,25-Dihydroxyvitamin D3 with Substituents at C-18"
"ST_1271","VDR","3W0A","Homo Sapiens","Crystal Structure Analysis of Vitamin D receptor"
"ST_1272","VDR","3W0C","Homo Sapiens","Crystal Structure Analysis of Vitamin D receptor"
"ST_1273","VDR","3W0Y","Homo Sapiens","Crystal Structure Analysis of Vitamin D receptor"
"ST_1274","VDR","3WWR","Homo Sapiens","Crystal structure of the human vitamin D receptor ligand binding domain complexed with 1-((((1S,2R,6R,Z)-2,6-dihydroxy-4-((E)-2-((1R,3aS,7aR)-1-((R)-6"
"ST_1275","VDR","3KPZ","Homo Sapiens","Crystal structure of a novel vitamin D3 analogue, ZK203278 showing dissociated profile"
"ST_1276","VDR","3VTB","Rattus norvegicus","Crystal structure of rat vitamin D receptor bound to a partial agonist 25-adamantyl-23-yne-19-norvitammin D ADTK1"
"ST_1277","VDR","3VTC","Rattus norvegicus","Crystal structure of rat vitamin D receptor bound to a partial agonist 26-adamantyl-23-yne-19-norvitammin D ADTK3"
"ST_1278","VDR","3VTD","Rattus norvegicus","Crystal structure of rat vitamin D receptor bound to a partial agonist 26-adamantyl-23-yne-19-norvitammin D ADTK4"
"ST_1279","VDR","3W5P","Homo sapiens, Rattus norvegicus","Crystal structure of complexes of vitamin D receptor ligand binding domain with lithocholic acid derivatives"
"ST_1280","VDR","3W5Q","Homo sapiens, Rattus norvegicus","Crystal structure of complexes of vitamin D receptor ligand binding domain with lithocholic acid derivatives"
"ST_1281","VDR","3W5T","Homo sapiens, Rattus norvegicus","Crystal structure of complexes of vitamin D receptor ligand binding domain with lithocholic acid derivatives"
"ST_1282","VDR","3WGP","Homo Sapiens","Crystal Structure Analysis of Vitamin D receptor"
"ST_1283","VDR","5LGA","Danio rerio, Homo sapiens","Structural analysis and biological activities of BXL0124, a Gemini analog of Vitamin D"
"ST_1284","VDR","6FO8","Danio rerio","Vitamin D nuclear receptor complex 4"
"ST_1285","VDR","6FO9","Danio rerio","Vitamin D nuclear receptor complex 2"
"ST_1286","VDR","6FOB","Danio rerio","Vitamin D receptor complex 5"
"ST_1287","VDR","6FOD","Danio rerio","Vitamin D nuclear receptor complex 1"
"ST_1288","VDR","2ZL9","Rattus norvegicus","2-Substituted-16-ene-22-thia-1alpha,25-dihydroxy-26,27-dimethyl-19-norvitamin D3 analogs: Synthesis, biological evaluation and crystal structure"
"ST_1289","VDR","2ZLA","Rattus norvegicus","2-Substituted-16-ene-22-thia-1alpha,25-dihydroxy-26,27-dimethyl-19-norvitamin D3 analogs: Synthesis, biological evaluation and crystal structure"
"ST_1290","VDR","2ZLC","Rattus norvegicus","2-Substituted-16-ene-22-thia-1alpha,25-dihydroxy-26,27-dimethyl-19-norvitamin D3 analogs: Synthesis, biological evaluation and crystal structure"
"ST_1291","VDR","2ZMH","Rattus norvegicus","Crystal Structure of Rat Vitamin D Receptor Bound to Adamantyl Vitamin D Analogs: Structural Basis for Vitamin D Receptor Antagonism and/or Partial Ag"
"ST_1292","VDR","2ZMI","Rattus norvegicus","Crystal Structure of Rat Vitamin D Receptor Bound to Adamantyl Vitamin D Analogs: Structural Basis for Vitamin D Receptor Antagonism and/or Partial Ag"
"ST_1293","VDR","2ZMJ","Rattus norvegicus","Crystal Structure of Rat Vitamin D Receptor Bound to Adamantyl Vitamin D Analogs: Structural Basis for Vitamin D Receptor Antagonism and/or Partial Ag"
"ST_1294","VDR","2ZXM","Xenopus tropicalis, Rattus norvegicus","A New Class of Vitamin D Receptor Ligands that Induce Structural Rearrangement of the Ligand-binding Pocket"
"ST_1295","VDR","2ZXN","Xenopus tropicalis, Rattus norvegicus","A New Class of Vitamin D Receptor Ligands that Induce Structural Rearrangement of the Ligand-binding Pocket"
"ST_1296","VDR","3DR1","Danio rerio, Homo sapiens","Side-chain fluorine atoms of non-steroidal vitamin D3 analogs stabilize helix 12 of vitamin D receptor"
"ST_1297","VDR","4FHH","Homo sapiens, Danio rerio","Development of synthetically accessible non-secosteroidal hybrid molecules combining vitamin D receptor agonism and histone deacetylase inhibition"
"ST_1298","VDR","5OW9","Homo sapiens, Danio rerio","Vitamin D receptor complex"
"ST_1299","VDR","5OWD","Homo sapiens, Danio rerio","Vitamin D receptor complex"
"ST_1300","VDR","6FO7","Homo sapiens, Danio rerio","Vitamin D nuclear receptor complex 3"
"ST_1301","VDR","1RJK","Homo sapiens, Rattus norvegicus","crystal structure of the rat vitamin D receptor ligand binding domain complexed with 2MD and a synthetic peptide containing the NR2 box of DRIP 205"
"ST_1302","VDR","1RK3","Homo sapiens, Rattus norvegicus","crystal structure of the rat vitamin D receptor ligand binding domain complexed with 1,25-dihydroxyvitamin D3 and a synthetic peptide containing the N"
"ST_1303","VDR","1RKG","Homo sapiens, Rattus norvegicus","crystal structure of the rat vitamin D receptor ligand binding domain complexed with 2MbisP and a synthetic peptide containing the NR2 box of DRIP 205"
"ST_1304","VDR","1RKH","Homo sapiens, Rattus norvegicus","crystal structure of the rat vitamin D receptor ligand binding domain complexed with 2AM20R and a synthetic peptide containing the NR2 box of DRIP 205"
"ST_1305","VDR","3O1D","Danio rerio, Homo sapiens","Structure-function study of Gemini derivatives with two different side chains at C-20, Gemini-0072 and Gemini-0097."
"ST_1306","VDR","3O1E","Danio rerio, Homo sapiens","Structure-function of Gemini derivatives with two different side chains at C-20, Gemini-0072 and Gemini-0097."
"ST_1307","VDR","4G1D","Danio rerio, Homo sapiens","Structural basis for the accommodation of bis- and tris-aromatic derivatives in Vitamin D Nuclear Receptor"
"ST_1308","VDR","4G1Y","Danio rerio, Homo sapiens","Structural basis for the accommodation of bis- and tris-aromatic derivatives in Vitamin D Nuclear Receptor"
"ST_1309","VDR","4G1Z","Danio rerio, Homo sapiens","Structural basis for the accommodation of bis- and tris-aromatic derivatives in Vitamin D Nuclear Receptor"
"ST_1310","VDR","4G20","Danio rerio, Homo sapiens","Structural basis for the accommodation of bis- and tris-aromatic derivatives in Vitamin D Nuclear Receptor"
"ST_1311","VDR","4G21","Danio rerio, Homo sapiens","Structural basis for the accommodation of bis- and tris-aromatic derivatives in Vitamin D Nuclear Receptor"
"ST_1312","VDR","4G2H","Danio rerio, Homo sapiens","Structural basis for the accommodation of bis- and tris-aromatic derivatives in Vitamin D Nuclear Receptor"
"ST_1313","VDR","4IA1","Danio rerio, Homo sapiens","Diastereotopic and Deuterium Effects in Gemini"
"ST_1314","VDR","4IA2","Danio rerio, Homo sapiens","Diastereotopic and Deuterium Effects in Gemini"
"ST_1315","VDR","4IA3","Danio rerio, Homo sapiens","Diastereotopic and Deuterium Effects in Gemini"
"ST_1316","VDR","4IA7","Danio rerio, Homo sapiens","Diastereotopic and Deuterium Effects in Gemini"
"ST_1317","VDR","4Q0A","Danio rerio, Homo sapiens","Vitamin D Receptor complex with lithocholic acid"
"ST_1318","VDR","4RUJ","Danio rerio, Homo sapiens","Crystal structure of zVDR L337H mutant-VD complex"
"ST_1319","VDR","4RUO","Danio rerio, Homo sapiens","Crystal structure of zVDR L337H mutant-gemini complex"
"ST_1320","VDR","4RUP","Danio rerio, Homo sapiens","Crystal structure of zVDR L337H mutant-Gemini72 complex"
"ST_1321","VDR","3AUN","Rattus norvegicus, Homo sapiens","Crystal structure of the rat vitamin D receptor ligand binding domain complexed with YR335 and a synthetic peptide containing the NR2 box of DRIP 205"
"ST_1322","SR-A","1BY2","Homo Sapiens","STRUCTURE OF M2BP SCAVENGER RECEPTOR CYSTEINE-RICH DOMAIN"
"ST_1323","SR-A","2OX8","Homo Sapiens","Human Scavenger Receptor C-type Lectin carbohydrate-recognition domain."
"ST_1324","SR-A","2OX9","Mus musculus","Mouse Scavenger Receptor C-type Lectin carbohydrate-recognition domain."
"ST_1325","SR-A","5KTF","Mus musculus","Structure of the C-terminal transmembrane domain of scavenger receptor BI (SR-BI)"
"ST_1326","SR-A","5HRJ","Sus scrofa","Crystal structure of the scavenger receptor cysteine-rich domain 5 (SRCR5) from porcine CD163"
"ST_1327","SR-A","5JFB","Sus scrofa","Crystal structure of the scavenger receptor cysteine-rich domain 5 (SRCR5) from porcine CD163"
"ST_1328","SR-A","1P57","Homo Sapiens","Extracellular domain of human hepsin"
"ST_1329","SR-A","2JOP","Homo Sapiens","Solution structure of the N-terminal extracellular domain of the lymphocyte receptor CD5 (CD5 domain 1)"
"ST_1330","SR-A","2JP0","Homo Sapiens","Solution structure of the N-terminal extraceullular domain of the lymphocyte receptor CD5 calculated using inferential structure determination (ISD)"
"ST_1331","SR-A","2OY3","Mus musculus","Crystal structure analysis of the monomeric SRCR domain of mouse MARCO"
"ST_1332","SR-A","2OYA","Mus musculus","Crystal structure analysis of the dimeric form of the SRCR domain of mouse MARCO"
"ST_1333","SR-A","3NGH","Mus musculus","Molecular Analysis of the Interaction of the HDL Receptor SR-BI with the Adaptor Protein PDZK1"
"ST_1334","SR-A","3R68","Mus musculus","Molecular Analysis of the PDZ3 domain of PDZK1"
"ST_1335","SR-A","3R69","Mus musculus","Molecular analysis of the interaction of the HDL-receptor SR-BI with the PDZ3 domain of its adaptor protein PDZK1"
"ST_1336","SR-A","4TVZ","Homo Sapiens","Crystal Structure of SCARB2 in Neural Condition (pH7.5)"
"ST_1337","SR-A","4TW2","Homo Sapiens","Crystal Structure of SCARB2 in Neural Condition (pH7.5)"
"ST_1338","SR-A","5A2E","Homo Sapiens","Extracellular SRCR domains of human CD6"
"ST_1339","SR-A","4F7B","Homo Sapiens","Structure of the lysosomal domain of limp-2"
"ST_1340","SR-A","4Q4B","Homo Sapiens","Crystal structure of LIMP-2 (space group C2221)"
"ST_1341","SR-A","4Q4F","Homo Sapiens","Crystal structure of LIMP-2 (space group C2)"
"ST_1342","SR-A","5N86","Homo Sapiens","Crystal structure of FAS1 domain of hyaluronic acid receptor stabilin-2"
"ST_1343","SR-A","5UPH","Homo Sapiens","Lipids bound lysosomal integral membrane protein 2"
"ST_1344","SR-A","5XBM","Homo Sapiens","Structure of SCARB2-JL2 complex"
"ST_1345","SR-A","5LGD","Homo Sapiens","The CIDRa domain from MCvar1 PfEMP1 bound to CD36"
"ST_1346","SR-A","4TW0","Homo sapiens, Plasmodium falciparum","Crystal Structure of SCARB2 in Acidic Condition (pH4.8)"
"ST_1347","SR-A","1YXJ","Homo Sapiens","Crystal structure of human lectin-like oxidized low-density lipoprotein receptor 1 (LOX-1) at low pH"
"ST_1348","SR-A","1YXK","Homo Sapiens","Crystal structure of human lectin-like oxidized low-density lipoprotein receptor 1 (LOX-1) disulfide-linked dimer"
"ST_1349","SR-A","1O5E","Homo Sapiens","Dissecting and Designing Inhibitor Selectivity Determinants at the S1 site Using an Artificial Ala190 Protease (Ala190 uPA)"
"ST_1350","SR-A","1O5F","Homo Sapiens","Dissecting and Designing Inhibitor Selectivity Determinants at the S1 site Using an Artificial Ala190 Protease (Ala190 uPA)"
"ST_1351","SR-A","4WEB","Hepatitis C virus subtype 2a","Structure of the core ectodomain of the hepatitis C virus envelope glycoprotein 2"
"ST_1352","SR-A","3O3U","Homo sapiens, Escherichia coli (strain K12)","Crystal Structure of Human Receptor for Advanced Glycation Endproducts (RAGE)"
"ST_1353","SR-A","1I0U","Homo Sapiens","SOLUTION STRUCTURE AND BACKBONE DYNAMICS OF A CONCATEMER OF EGF-HOMOLOGY MODULES OF THE HUMAN LOW DENSITY LIPOPROTEIN RECEPTOR"
"ST_1354","SR-A","1HZ8","Homo Sapiens","SOLUTION STRUCTURE AND BACKBONE DYNAMICS OF A CONCATEMER OF EGF-HOMOLOGY MODULES OF THE HUMAN LOW DENSITY LIPOPROTEIN RECEPTOR"
"ST_1355","SR-A","1L0Q","Methanosarcina mazei","Tandem YVTN beta-propeller and PKD domains from an archaeal surface layer protein"
"ST_1356","Sialic acid-binding lectins","1DBN","Maackia amurensis","MAACKIA AMURENSIS LEUKOAGGLUTININ (LECTIN) WITH SIALYLLACTOSE"
"ST_1357","Sialic acid-binding lectins","2DRY","Earthworm","Crystal structure of the earthworm lectin C-terminal domain mutant"
"ST_1358","Sialic acid-binding lectins","2DRZ","Earthworm","Crystal structure of the earthworm lectin C-terminal domain mutant in complex with lactose"
"ST_1359","Sialic acid-binding lectins","1KRI","Rotavirus A","NMR Solution Structures of the Rhesus Rotavirus VP4 Sialic Acid Binding Domain without Ligand"
"ST_1360","Sialic acid-binding lectins","1KQR","Rotavirus A","\nCrystal Structure of the Rhesus Rotavirus VP4 Sialic Acid Binding Domain in Complex with 2-O-methyl-alpha-D-N-acetyl neuraminic acid"
"ST_1361","Sialic acid-binding lectins","1M07","Lithobates catesbeiana","RESIDUES INVOLVED IN THE CATALYSIS AND BASE SPECIFICITY OF CYTOTOXIC RIBONUCLEASE FROM BULLFROG (RANA CATESBEIANA)"
"ST_1362","Sialic acid-binding lectins","1OD7","Mus musculus","N-terminal of Sialoadhesin in complex with Me-a-9-N-(naphthyl-2-carbonyl)-amino-9-deoxy-Neu5Ac (NAP compound)"
"ST_1363","Sialic acid-binding lectins","1OD9","Mus musculus","N-terminal of Sialoadhesin in complex with Me-a-9-N-benzoyl-amino-9-deoxy-Neu5Ac (BENZ compound)"
"ST_1364","Sialic acid-binding lectins","1ODA","Mus musculus","N-terminal of Sialoadhesin in complex with Me-a-9-N-(biphenyl-4-carbonyl)-amino-9-deoxy-Neu5Ac (BIP compound)"
"ST_1365","Sialic acid-binding lectins","1URL","Mus musculus","N-TERMINAL DOMAIN OF SIALOADHESIN (MOUSE) IN COMPLEX WITH GLYCOPEPTIDE"
"ST_1366","Sialic acid-binding lectins","2BVE","Mus musculus","Structure of the N-terminal of Sialoadhesin in complex with 2-Phenyl- Prop5Ac"
"ST_1367","Sialic acid-binding lectins","5IHB","Homo Sapiens","Structure of the immune receptor CD33"
"ST_1368","Sialic acid-binding lectins","5J06","Homo Sapiens","Structure of the immune receptor CD33 in complex with 3'-sialyllactose"
"ST_1369","Sialic acid-binding lectins","5J0B","Homo Sapiens","Structure of the immune receptor CD33 in complex with 6'-sialyllactose"
"ST_1370","Sialic acid-binding lectins","2DS0","Lumbricus terrestris","Crystal structure of the earthworm lectin C-terminal domain mutant in complex with 6'-sialyllactose"
"ST_1371","Sialic acid-binding lectins","2N7A","Homo Sapiens","Solution structure of the human Siglec-8 lectin domain"
"ST_1372","Sialic acid-binding lectins","3A0D","Polygonatum cyrtonema","Crystal Structure of Polygonatum cyrtonema lectin (PCL) complexed with monomannoside"
"ST_1373","Sialic acid-binding lectins","3A0E","Polygonatum cyrtonema","Crystal Structure of Polygonatum cyrtonema lectin (PCL) complexed with dimannoside"
"ST_1374","Sialic acid-binding lectins","1N1Y","Trypanosoma rangeli","Trypanosoma rangeli sialidase in complex with sialic acid"
"ST_1375","Sialic acid-binding lectins","2JHL","Homo Sapiens","Structure of globular heads of M-ficolin complexed with sialic acid"
"ST_1376","Sialic acid-binding lectins","3A0C","Polygonatum cyrtonema","Crystal Structure of an anti-HIV mannose-binding lectin from Polygonatum cyrtonema Hua"
"ST_1377","Sialic acid-binding lectins","5AJC","Ralstonia solanacearum","X-ray structure of RSL lectin in complex with sialyl lewis X tetrasaccharide"
"ST_1378","Sialic acid-binding lectins","4USO","Coprinopsis cinerea","X-ray structure of the CCL2 lectin in complex with sialyl lewis X"
"ST_1379","Sialic acid-binding lectins","2C25","Lacrymaria velutina","1.8A Crystal Structure of Psathyrella velutina lectin in complex with N-acetylneuraminic acid"
"ST_1380","Sialic acid-binding lectins","1G1T","Homo Sapiens","CRYSTAL STRUCTURE OF E-SELECTIN LECTIN/EGF DOMAINS COMPLEXED WITH SLEX"
"ST_1381","Sialic acid-binding lectins","1NKO","Homo Sapiens","Energetic and structural basis of sialylated oligosaccharide recognition by the natural killer cell inhibitory receptor p75/AIRM1 or Siglec-7"
"ST_1382","Sialic acid-binding lectins","2ZG2","Homo Sapiens","Crystal Structure of Two N-terminal Domains of Native Siglec-5"
"ST_1383","Sialic acid-binding lectins","1G1R","Homo Sapiens","Crystal structure of P-selectin lectin/EGF domains complexed with SLeX"
"ST_1384","Sialic acid-binding lectins","2ZG1","Homo Sapiens","Crystal Structure of Two N-terminal Domains of Siglec-5 in Complex with 6'-Sialyllactose"
"ST_1385","Sialic acid-binding lectins","2DF3","Homo Sapiens","The structure of Siglec-7 in complex with alpha(2,3)/alpha(2,6) disialyl lactotetraosyl 2-(trimethylsilyl)ethyl"
"ST_1386","Sialic acid-binding lectins","2G5R","Homo Sapiens","Crystal structure of Siglec-7 in complex with methyl-9-(aminooxalyl-amino)-9-deoxyNeu5Ac (oxamido-Neu5Ac)"
"ST_1387","Sialic acid-binding lectins","5N11","Human coronavirus OC43","Crystal structure of Human beta1-coronavirus OC43 NL/A/2005 Hemagglutinin-Esterase"
"ST_1388","Sialic acid-binding lectins","1G1S","Homo Sapiens","P-SELECTIN LECTIN/EGF DOMAINS COMPLEXED WITH PSGL-1 PEPTIDE"
"ST_1389","Sialic acid-binding lectins","1O7S","Homo Sapiens","High resolution structure of Siglec-7"
"ST_1390","Sialic acid-binding lectins","1O7V","Homo Sapiens","High resolution structure of Siglec-7"
"ST_1391","Sialic acid-binding lectins","2HRL","Homo Sapiens","Siglec-7 in complex with GT1b"
"ST_1392","Sialic acid-binding lectins","2ZG3","Homo Sapiens","Crystal Structure of Two N-terminal Domains of Native Siglec-5 in Complex with 3'-Sialyllactose"
"ST_1393","Sialic acid-binding lectins","2KMB","Rattus norvegicus","COMPLEX OF 3'-NEUAC-LEWIS-X WITH A SELECTIN-LIKE MUTANT OF MANNOSE-BINDING PROTEIN A"
"ST_1394","Sialic acid-binding lectins","2ZQN"," Lumbricus terrestris","Crystal structure of the earthworm R-type lectin C-half in complex with Lactose"
"ST_1395","Sialic acid-binding lectins","2ZQO","Lumbricus terrestris","Crystal structure of the earthworm R-type lectin C-half in complex with GalNAc"
"ST_1396","Sialic acid-binding lectins","2PHZ","Polyporus squamosus","Crystal Structure Analysis of Polyporus squamosus lectin bound to human-type influenza-binding epitope Neu5Aca2-6Galb1-4GlcNAc"
"ST_1397","Sialic acid-binding lectins","4CSY","Homo Sapiens","E-selectin lectin, EGF-like and two SCR domains complexed with Sialyl Lewis X"
"ST_1398","Sialic acid-binding lectins","4Z3F","Escherichia coli","Crystal structure of the lectin domain of PapG from E. coli BI47 in complex with SSEA4 in space group P21"
"ST_1399","Sialic acid-binding lectins","1LGC","Lathyrus ochrus","NTERACTION OF A LEGUME LECTIN WITH THE N2 FRAGMENT OF HUMAN LACTOTRANSFERRIN OR WITH THE ISOLATED BIANTENNARY GLYCOPEPTIDE: ROLE OF THE FUCOSE MOIETY"
"ST_1400","Sialic acid-binding lectins","4LBO","Homo Sapiens","Crystal structure of Human galectin-3 CRD in complex with a-GM3"
"ST_1401","Sialic acid-binding lectins","4LBL","Homo Sapiens","Crystal structure of Human galectin-3 CRD K176L mutant in complex with a-GM3"
"ST_1402","Sialic acid-binding lectins","1BC4","Lithobates catesbeiana","THE SOLUTION STRUCTURE OF A CYTOTOXIC RIBONUCLEASE FROM THE OOCYTES OF RANA CATESBEIANA (BULLFROG), NMR, 15 STRUCTURES"
"ST_1403","Sialic acid-binding lectins","3AYC","Homo Sapiens","Crystal structure of galectin-3 CRD domian complexed with GM1 pentasaccharide"
"ST_1404","Sialic acid-binding lectins","3WSR","Homo Sapiens","Crystal structure of CLEC-2 in complex with O-glycosylated podoplanin"
"ST_1405","Sialic acid-binding lectins","1WGC","Triticum aestivum","2.2 ANGSTROMS RESOLUTION STRUCTURE ANALYSIS OF TWO REFINED N-ACETYLNEURAMINYLLACTOSE-WHEAT GERM AGGLUTININ ISOLECTIN COMPLEXES"
"ST_1406","Sialic acid-binding lectins","2WGC","Triticum aestivum","2.2 ANGSTROMS RESOLUTION STRUCTURE ANALYSIS OF TWO REFINED N-ACETYLNEURAMINYLLACTOSE-WHEAT GERM AGGLUTININ ISOLECTIN COMPLEXES"
"ST_1407","Sialic acid-binding lectins","4Y20","Homo Sapiens","Complex of human Galectin-1 and NeuAcalpha2-3Galbeta1-4Glc"
"ST_1408","Sialic acid-binding lectins","5IUC","Streptococcus gordonii","Crystal structure of the GspB siglec domain with sialyl T antigen bound"
"ST_1409","Sialic acid-binding lectins","2CWG","Triticum aestivum","CRYSTALLOGRAPHIC REFINEMENT AND STRUCTURE ANALYSIS OF THE COMPLEX OF WHEAT GERM AGGLUTININ WITH A BIVALENT SIALOGLYCOPEPTIDE FROM GLYCOPHORIN A"
"ST_1410","Sialic acid-binding lectins","5TPB","Clostridium botulinum","Binding domain of BoNT/A complexed with ganglioside variant"
"ST_1411","Sialic acid-binding lectins","5TPC","Clostridium botulinum","Binding domain of BoNT/A complexed with ganglioside"
"ST_1412","Sialic acid-binding lectins","4ZH1","Homo Sapiens","Complement factor H in complex with the GM1 glycan"
"ST_1413","Sialic acid-binding lectins","3SIT","Rotavirus A","Crystal structure of porcine CRW-8 Rotavirus VP8* in complex with aceramido-GM3"
"ST_1414","Sialic acid-binding lectins","4AVV","Homo Sapiens","Structure of CPHPC bound to Serum Amyloid P Component"
"ST_1415","Sialic acid-binding lectins","3F5A","Toxoplasma gondii","Crystal structure of Toxoplasma gondii micronemal protein 1 bound to 3'SiaLacNAc1-3"
"ST_1416","Sialic acid-binding lectins","3F53","Toxoplasma gondii","Crystal structure of Toxoplasma gondii micronemal protein 1 bound to 2F-3'SiaLacNAc"
"ST_1417","Sialic acid-binding lectins","3F5E","Toxoplasma gondii","Crystal structure of Toxoplasma gondii micronemal protein 1 bound to 2'F-3'SiaLacNAc1-3"
"ST_1418","Sialic acid-binding lectins","4WVW","Gallus gallus","Chicken Galectin-8 N-terminal domain complexed with 3'-sialyl-lactose"
"ST_1419","Sialic acid-binding lectins","1QTJ","Limulus Polyphemus","CRYSTAL STRUCTURE OF LIMULUS POLYPHEMUS SAP"
"ST_1420","PGRP","1OHT","Drosophila melanogaster","Peptidoglycan recognition protein LB"
"ST_1421","PGRP","1SXR","Drosophila melanogaster","Drosophila Peptidoglycan Recognition Protein (PGRP)-SA"
"ST_1422","PGRP","3C2X","Camelus dromedarius","Crystal structure of peptidoglycan recognition protein at 1.8A resolution"
"ST_1423","PGRP","1YCK","Homo Sapiens","Crystal structure of human peptidoglycan recognition protein (PGRP-S)"
"ST_1424","PGRP","2R2K","Camelus dromedarius","Crystal structure of the complex of camel peptidoglycan recognition protein with disaccharide at 3.2A resolution"
"ST_1425","PGRP","2R90","Camelus dromedarius","Crystal structure of cameline peptidoglycan recognition protein at 2.8A resolution"
"ST_1426","PGRP","2RKQ","Drosophila melanogaster","Crystal structure of drosophila peptidoglycan recognition protein SD (PGRP-SD)"
"ST_1427","PGRP","2XZ4","Drosophila melanogaster","Crystal structure of the LFZ ectodomain of the peptidoglycan recognition protein LF"
"ST_1428","PGRP","2XZ8","Drosophila melanogaster","CRYSTAL STRUCTURE OF THE LFW ECTODOMAIN OF THE PEPTIDOGLYCAN RECOGNITION PROTEIN LF"
"ST_1429","PGRP","2Z9N","Camelus dromedarius","Crystal structure of cameline peptidoglycan recognition protein at 3.2 A resolution"
"ST_1430","PGRP","4Z8I","Branchiostoma belcheri tsingtauense","Crystal structure of Branchiostoma belcheri tsingtauense peptidoglycan recognition protein 3"
"ST_1431","PGRP","5XGY","Camelus dromedarius","Crystal structure of peptidoglycan recognition protein (PGRP-S) at 2.45 A resolution"
"ST_1432","PGRP","1SK3","Homo Sapiens","Crystal structure of the C-terminal peptidoglycan-binding domain of human peptidoglycan recognition protein Ialpha"
"ST_1433","PGRP","1SK4","Homo Sapiens","crystal structure of the C-terminal peptidoglycan-binding domain of human peptidoglycan recognition protein Ialpha"
"ST_1434","PGRP","2CB3","Drosophila melanogaster","Crystal structure of peptidoglycan recognition protein-LE in complex with tracheal cytotoxin (monomeric diaminopimelic acid-type peptidoglycan)"
"ST_1435","PGRP","2EAV","Homo Sapiens","Crystal structure of the C-terminal peptidoglycan-binding domain of human peptidoglycan recognition protein Ibeta"
"ST_1436","PGRP","1TWQ","Homo Sapiens","Crystal structure of the C-terminal PGN-binding domain of human PGRP-Ialpha in complex with PGN analog muramyl tripeptide"
"ST_1437","PGRP","3RT4","Camelus dromedarius","Structural Basis of Recognition of Pathogen-associated Molecular Patterns and Inhibition of Proinflammatory Cytokines by Camel Peptidoglycan Recogniti"
"ST_1438","PGRP","3CG9","Camelus dromedarius","Crystal structure of the complex of peptidoglycan recognition protein with methyloxane-2,3,4,5-tetrol at 2.9 A resolution"
"ST_1439","PGRP","3COR","Camelus dromedarius","Crystal structure of the complex of peptidoglycan recognition protein (PGRP-S) with N-acetylgalactosamine at 3.1 A resolution"
"ST_1440","PGRP","3CXA","Camelus dromedarius","Crystal structure of the complex of peptidoglycan recognition protein with alpha-D-glucopyranosyl alpha-D-glucopyranoside at 3.4 A resolution"
"ST_1441","PGRP","3NG4","Camelus dromedarius","Ternary complex of peptidoglycan recognition protein (PGRP-S) with Maltose and N-Acetylglucosamine at 1.7 A Resolution"
"ST_1442","PGRP","3NNO","Camelus dromedarius","Crystal structure of the complex of peptidoglycan recognition protein (PGRP-S) with Alpha-Rhamnose at 2.9 A resolution"
"ST_1443","PGRP","3NW3","Camelus dromedarius","Crystal structure of the complex of peptidoglycan recognition protein (PGRP-S) with the PGN Fragment at 2.5 A resolution"
"ST_1444","PGRP","3O4K","Camelus dromedarius","Crystal structure of the complex of peptidoglycan recognition protein (PGRP-S) and lipoteichoic acid at 2.1 A resolution"
"ST_1445","PGRP","3OGX","Camelus dromedarius","Crystal structure of the complex of Peptidoglycan Recognition protein (PGRP-s) with Heparin-Dissacharide at 2.8 A resolution"
"ST_1446","PGRP","3QJ1","Camelus dromedarius","Crystal structure of camel peptidoglycan recognition protein, PGRP-S with a trapped diethylene glycol in the ligand diffusion channel at 3.2 A resolut"
"ST_1447","PGRP","3QS0","Camelus dromedarius","Crystal structure of the complex of peptidoglycan recognition protein (PGRP-S) with a bound N-acetylglucosamine in the diffusion channel at 2.5 A reso"
"ST_1448","PGRP","3QV4","Camelus dromedarius","Crystal structure of the complex of peptidoglycan recognition protein (PGRP-S) with dipeptide L-ALA D-GLU at 2.7 A resolution"
"ST_1449","PGRP","3T2V","Camelus dromedarius","Crystal structure of the complex of peptidoglycan recognition protein-short (CPGRP-S) with mycolic acid at 2.5 A resolution"
"ST_1450","PGRP","3T39","Camelus dromedarius","Crystal structure of the complex of camel peptidoglycan recognition protein(CPGRP-S) with a mycobacterium metabolite shikimate at 2.7 A resolution"
"ST_1451","PGRP","3TRU","Camelus dromedarius","Crystal structure of the complex of peptidoglycan recognition protein with cellular metabolite chorismate at 3.2 A resolution"
"ST_1452","PGRP","3UMQ","Camelus dromedarius","Crystal structure of peptidoglycan recognition protein-S complexed with butyric acid at 2.2 A resolution"
"ST_1453","PGRP","4OUG","Camelus dromedarius","Crystal structure of the ternary complex of camel peptidoglycan recognition protein, PGRP-S with lipopolysaccharide and palmitic acid at 2.46 A resolu"
"ST_1454","PGRP","4Q8S","Camelus dromedarius","Crystal structure of mammalian Peptidoglycan recognition protein PGRP-S with paranitrophenyl palmitate and N-acetyl glucosamine at 2.09 A resolution"
"ST_1455","PGRP","4Q9E","Camelus dromedarius","Structure of the ternary complex of peptidoglycan recognition protein, PGRP-S with N-acetyl glucosamine and paranitro benzaldehyde at 2.3 A resolution"
"ST_1456","PGRP","5DWF","Camelus dromedarius","Crystal structure of the complex of Peptidoglycan recognition protein, PGRP-S from camel with ethylene glycol at 1.83 A resolution"
"ST_1457","PGRP","5E0A","Camelus dromedarius","Crystal Structure of the complex of Camel Peptidoglycan Recognition Protein (CPGRP-S) and N-Acetylglucosamine at 2.6 A"
"ST_1458","PGRP","5E0B","Camelus dromedarius","Crystal structure of the complex of Peptidoglycan recognition protein PGRP-S with N-Acetyl Muramic acid at 2.6 A resolution"
"ST_1459","PGRP","4GF9","Camelus dromedarius","Structural insights into the dual strategy of recognition of peptidoglycan recognition protein, PGRP-S: ternary complex of PGRP-S with LPS and fatty a"
"ST_1460","PGRP","4ZXM","Branchiostoma belcheri tsingtauense","Crystal structure of PGRP domain from Branchiostoma belcheri tsingtauense peptidoglycan recognition protein 3"
"ST_1461","PGRP","2APH","Homo Sapiens","Crystal structure of human PGRP-IalphaC in complex with muramyl pentapeptide"
"ST_1462","PGRP","4OPP","Camelus dromedarius","Crystal structure of the ternary complex of camel peptidoglycan recognition protein PGRP-S with 11-cyclohexylundecanoic acid and N- acetylglucosamine "
"ST_1463","PGRP","4ORV","Camelus dromedarius","Crystal structure of the ternary complex of camel peptidoglycan recognition protein PGRP-S with 7- phenylheptanoic acid and N- acetylglucosamine at 2."
"ST_1464","PGRP","2BG1","Streptococcus pneumoniae","Active site restructuring regulates ligand recognition in classA Penicillin-binding proteins (PBPs)"
"ST_1465","PGRP","3UIL","Camelus dromedarius","Crystal Structure of the complex of PGRP-S with lauric acid at 2.2 A resolution"
"ST_1466","PGRP","3USX","Camelus dromedarius","Crystal structure of PGRP-S complexed with Myristic Acid at 2.28 A resolution"
"ST_1467","PGRP","4FNN","Camelus dromedarius","Crystal structure of the complex of CPGRP-S with stearic acid at 2.2 A RESOLUTION"
"ST_1468","PGRP","3UML","Camelus dromedarius","Crystal structure of PGRP-S complexed with chorismate at 2.15 A resolution"
"ST_1469","PGRP","2UWX","Streptococcus pneumoniae (strain ATCC BAA-255 / R6)","Active site restructuring regulates ligand recognition in class A penicillin-binding proteins"
"ST_1470","PGRP","2XD1","Streptococcus pneumoniae (strain ATCC BAA-255 / R6)","ACTIVE SITE RESTRUCTURING REGULATES LIGAND RECOGNITION IN CLASS A PENICILLIN-BINDING PROTEINS"
"ST_1471","PGRP","2F2L","Drosophila melanogaster","Crystal structure of tracheal cytotoxin (TCT) bound to the ectodomain complex of peptidoglycan recognition proteins LCa (PGRP-LCa) and LCx (PGRP-LCx)"
"ST_1472","PGRP","1S2J","Drosophila melanogaster","Crystal structure of the Drosophila pattern-recognition receptor PGRP-SA"
"ST_1473","PGRP","2MKX","Enterococcus faecalis (strain ATCC 700802 / V583)","Solution structure of LysM the peptidoglycan binding domain of autolysin AtlA from Enterococcus faecalis"
"ST_1474","PGRP","2AIZ","Haemophilus influenzae (strain ATCC 51907 / DSM 11121 / KW20 / Rd)","Solution structure of peptidoglycan associated lipoprotein from Haemophilus influenza bound to UDP-N-acetylmuramoyl-L-alanyl-D-glutamyl-meso-2,6-diami"
"ST_1475","PGRP","2EAX","Homo Sapiens","Crystal structure of human PGRP-IBETAC in complex with glycosamyl muramyl pentapeptide"
"ST_1476","PGRP","5OAU","Streptococcus pneumoniae (strain ATCC BAA-255 / R6)","Penicillin-Binding Protein 2X (PBP2X) from Streptococcus pneumoniae"
"ST_1477","PGRP","5OIZ","Streptococcus pneumoniae (strain ATCC BAA-255 / R6)","Penicillin-Binding Protein 2X (PBP2X) from Streptococcus pneumoniae in complex with oxacillin"
"ST_1478","PGRP","5OJ0","Streptococcus pneumoniae (strain ATCC BAA-255 / R6)","Penicillin-Binding Protein 2X (PBP2X) from Streptococcus pneumoniae in complex with Cefepime"
"ST_1479","PGRP","5OJ1","Streptococcus pneumoniae (strain ATCC BAA-255 / R6)","Penicillin Binding Protein 2x (PBP2x) from S.pneumoniae in complex with Oxacillin and a tetrasaccharide"
"ST_1480","PGRP","1Z6I","Drosophila melanogaster","Crystal structure of the ectodomain of Drosophila transmembrane receptor PGRP-LCa"
"ST_1481","PGRP","2LBT","Mycobacterium tuberculosis (strain ATCC 25618 / H37Rv)","Solution structure of the C domain of RV0899(D236A) from mycobacterium tuberculosis"
"ST_1482","PGRP","2LCA","Mycobacterium tuberculosis (strain ATCC 25618 / H37Rv)","Solution structure of the C domain of RV0899 from mycobacterium tuberculosis"
"ST_1483","PGRP","4JID","Bacillus anthracis","Crystal structure of BaLdcB / VanY-like L,D-carboxypeptidase Zinc(II)-free"
"ST_1484","PGRP","4MPH","Bacillus anthracis","Crystal structure of BaLdcB / VanY-like L,D-carboxypeptidase Zinc(II)-bound"
"ST_1485","PGRP","4NSR","Vibrio cholerae serotype O1 (strain ATCC 39315 / El Tor Inaba N16961)","Crystal structure of the Immunity protein"
"ST_1486","PGRP","4NSO","Vibrio cholerae serotype O1 (strain ATCC 39315 / El Tor Inaba N16961)","Crystal structure of the effector-immunity protein complex"
"ST_1487","PGRP","3CYP","Helicobacter pylori (strain ATCC 700392 / 26695)","The crystal structure of the C-terminal domain of Helicobacter pylori MotB (residues 125-256)."
"ST_1488","PGRP","3CYQ","Helicobacter pylori (strain ATCC 700392 / 26695)","The crystal structure of the complex of the C-terminal domain of Helicobacter pylori MotB (residues 125-256) with N-acetylmuramic acid"
"ST_1489","PGRP","3EP1","Alvinella pompejana","Structure of the PGRP-Hd from Alvinella pompejana"
"ST_1490","PGRP","4Q6M","Helicobacter pylori (strain ATCC 700392 / 26695)","Structural analysis of the apo-form of Helicobacter pylori Csd4, a D,L-carboxypeptidase"
"ST_1491","PGRP","4Q6N","Helicobacter pylori (strain ATCC 700392 / 26695)","Structural analysis of the tripeptide-bound form of Helicobacter pylori Csd4, a D,L-carboxypeptidase"
"ST_1492","PGRP","4Q6O","Helicobacter pylori (strain ATCC 700392 / 26695)","Structural analysis of the mDAP-bound form of Helicobacter pylori Csd4, a D,L-carboxypeptidase"
"ST_1493","PGRP","4Q6P","Helicobacter pylori (strain ATCC 700392 / 26695)","Structural analysis of the Zn-form I of Helicobacter pylori Csd4, a D,L-carboxypeptidase"
"ST_1494","PGRP","4Q6Q","Helicobacter pylori (strain ATCC 700392 / 26695)","Structural analysis of the Zn-form II of Helicobacter pylori Csd4, a D,L-carboxypeptidase"
"ST_1495","PGRP","5MKC","Streptococcus pneumoniae serotype 4 (strain ATCC BAA-334 / TIGR4)","Crystal structure of the RrgA Jo.In complex"
"ST_1496","Advanced Glycation Endproducts (RAGE)","2L7U","Bos taurus, Homo sapiens","Structure of CEL-PEP-RAGE V domain complex"
"ST_1497","Advanced Glycation Endproducts (RAGE)","2LMB","Homo Sapiens","Solution Structure of C-terminal RAGE (ctRAGE)"
"ST_1498","Advanced Glycation Endproducts (RAGE)","3CJJ","Homo Sapiens","Crystal structure of human rage ligand-binding domain"
"ST_1499","Advanced Glycation Endproducts (RAGE)","4IM8","Mus musculus","low resolution crystal structure of mouse RAGE"
"ST_1500","Advanced Glycation Endproducts (RAGE)","4OF5","Homo Sapiens","Refinement of RAGE-DNA complex in 3S59 without DNA"
"ST_1501","Advanced Glycation Endproducts (RAGE)","4OFV","Homo Sapiens","Refinement of RAGE-DNA complex in 3S58 without DNA"
"ST_1502","Advanced Glycation Endproducts (RAGE)","3O3U","Homo sapiens, Escherichia coli (strain K12)","Crystal Structure of Human Receptor for Advanced Glycation Endproducts (RAGE)"
"ST_1503","Advanced Glycation Endproducts (RAGE)","4LP4","Homo Sapiens","Crystal structure of the human RAGE VC1 fragment in space group P62"
"ST_1504","Advanced Glycation Endproducts (RAGE)","4LP5","Homo Sapiens","Crystal structure of the full-length human RAGE extracellular domain (VC1C2 fragment)"
"ST_1505","Advanced Glycation Endproducts (RAGE)","4OI7","Homo Sapiens","RAGE recognizes nucleic acids and promotes inflammatory responses to DNA"
"ST_1506","Advanced Glycation Endproducts (RAGE)","4OI8","Homo Sapiens","RAGE is a nucleic acid receptor that promotes inflammatory responses to DNA."
"ST_1507","Advanced Glycation Endproducts (RAGE)","4P2Y","Homo sapiens, Mus musculus","Crystal structure of the human RAGE ectodomain (fragment VC1C2) in complex with mouse S100A6"
"ST_1508","Advanced Glycation Endproducts (RAGE)","4YBH","Homo Sapiens","Crystal structure of the human RAGE ectodomain (VC1C2 fragment) in complex with human S100A6"
"ST_1509","Advanced Glycation Endproducts (RAGE)","2H61","Homo Sapiens","X-ray structure of human Ca2+-loaded S100B"
"ST_1510","Advanced Glycation Endproducts (RAGE)","4XYN","Homo Sapiens","X-ray structure of Ca(2+)-S100B with human RAGE-derived W61 peptide"
"ST_1511","Advanced Glycation Endproducts (RAGE)","2M1K","Homo Sapiens","Interaction of Human S100A6 (C3S) with V domain of Receptor for Advanced Glycation End products (RAGE)"
"ST_1512","Advanced Glycation Endproducts (RAGE)","2MJW","Homo Sapiens","Structural Insights into Calcium Bound S100P - V Domain of the receptor for advanced glycation end products (RAGE) Complex"
"ST_1513","Advanced Glycation Endproducts (RAGE)","2MOV","Homo Sapiens","Receptor for Advanced Glycation End Products (RAGE) Specifically Recognizes Methylglyoxal Derived AGEs."
"ST_1514","Advanced Glycation Endproducts (RAGE)","5D7F","Homo Sapiens","X-ray structure of Ca(2+)-S100B with human RAGE-derived W72 peptide"
"ST_1515","Advanced Glycation Endproducts (RAGE)","2LE9","Homo Sapiens","RAGEC2-S100A13 tetrameric complex"
"ST_1516","Advanced Glycation Endproducts (RAGE)","5I8N","Homo Sapiens","Solution Structure of human calcium-binding S100A9 (C3S) protein"
"ST_1517","Advanced Glycation Endproducts (RAGE)","2M9G","Homo Sapiens","Solution structure of calcium-bound human S100A12"
"ST_1518","Mannan-binding protein (MBP)","2BGO","Cellvibrio japonicus","Mannan Binding Module from Man5C"
"ST_1519","Mannan-binding protein (MBP)","2BGP","Cellvibrio japonicus","Mannan Binding Module from Man5C in bound conformation"
"ST_1520","Mannan-binding protein (MBP)","1KWT","Rattus norvegicus","Rat mannose binding protein A (native, MPD)"
"ST_1521","Mannan-binding protein (MBP)","1KWU","Rattus norvegicus","Rat mannose binding protein A complexed with a-Me-Man"
"ST_1522","Mannan-binding protein (MBP)","1KWV","Rattus norvegicus","Rat mannose binding protein A complexed with a-Me-GlcNAc"
"ST_1523","Mannan-binding protein (MBP)","1KWW","Rattus norvegicus","Rat mannose protein A complexed with a-Me-Fuc."
"ST_1524","Mannan-binding protein (MBP)","1KWX","Rattus norvegicus","Rat mannose protein A complexed with b-Me-Fuc."
"ST_1525","Mannan-binding protein (MBP)","1KWY","Rattus norvegicus","Rat mannose protein A complexed with man-a13-man."
"ST_1526","Mannan-binding protein (MBP)","1KX1","Rattus norvegicus","Rat mannose protein A complexed with Man6-GlcNAc2-Asn"
"ST_1527","Mannan-binding protein (MBP)","1FIF","Rattus norvegicus","N-ACETYLGALACTOSAMINE-SELECTIVE MUTANT OF MANNOSE-BINDING PROTEIN-A (QPDWG-HDRPY)"
"ST_1528","Mannan-binding protein (MBP)","1KWZ","Rattus norvegicus","Rat mannose protein A (H189V) complexed with Man-a13-Man"
"ST_1529","Mannan-binding protein (MBP)","1KX0","Rattus norvegicus","Rat mannose protein A (H189V I207V) complexed with man-a13-man"
"ST_1530","Mannan-binding protein (MBP)","1FIH","Rattus norvegicus","N-ACETYLGALACTOSAMINE BINDING MUTANT OF MANNOSE-BINDING PROTEIN A (QPDWG-HDRPY), COMPLEX WITH N-ACETYLGALACTOSAMINE"
"ST_1531","Mannan-binding protein (MBP)","2KV3","Homo Sapiens","Human Regenerating Gene Type IV (REG IV) PROTEIN, P91S mutant"
"ST_1532","Mannan-binding protein (MBP)","1SZB","Homo Sapiens","Crystal structure of the human MBL-associated protein 19 (MAp19)"
"ST_1533","Mannan-binding protein (MBP)","5CKQ","Rattus norvegicus","CUB1-EGF-CUB2 domains of rat MASP-1"
"ST_1534","Mannan-binding protein (MBP)","1KZA","Rattus norvegicus","Complex of MBP-C and Man-a13-Man"
"ST_1535","Mannan-binding protein (MBP)","1KZB","Rattus norvegicus","Complex of MBP-C and trimannosyl core"
"ST_1536","Mannan-binding protein (MBP)","1KZC","Rattus norvegicus","Complex of MBP-C and high-affinity linear trimannose"
"ST_1537","Mannan-binding protein (MBP)","1KZD","Rattus norvegicus","Complex of MBP-C and GlcNAc-terminated core"
"ST_1538","Mannan-binding protein (MBP)","1KZE","Rattus norvegicus","Complex of MBP-C and bivalent Man-terminated glycopeptide"
"ST_1539","Mannan-binding protein (MBP)","3POD","NA","Crystal structure of MBL collagen-like peptide"
"ST_1540","Mannan-binding protein (MBP)","3POE","Rattus norvegicus","Crystal structure of the MASP-1 CUB2 domain bound to Ca2+"
"ST_1541","Mannan-binding protein (MBP)","3POF","Rattus norvegicus","Crystal structure of MASP-1 CUB2 domain bound to Ca2+"
"ST_1542","Mannan-binding protein (MBP)","3POG","Rattus norvegicus","Crystal structure of the MASP-1 CUB2 domain bound to Ca2+"
"ST_1543","Mannan-binding protein (MBP)","3POI","Rattus norvegicus","Crystal structure of MASP-1 CUB2 domain bound to Methylamine"
"ST_1544","Mannan-binding protein (MBP)","3POJ","Rattus norvegicus","Crystal structure of MASP-1 CUB2 domain bound to Ethylamine"
"ST_1545","Mannan-binding protein (MBP)","3POB","Rattus norvegicus","Crystal structure of MASP-1 CUB2 domain in complex with the collagen-like domain of MBL"
"ST_1546","Mannan-binding protein (MBP)","3PON","NA","Crystal structure of MBL collagen-like peptide"
"ST_1547","Mannan-binding protein (MBP)","2Y1S","Microcystis aeruginosa PCC 7806","Microvirin lectin"
"ST_1548","Mannan-binding protein (MBP)","3TVJ","Homo sapiens, Schistocerca gregaria","Catalytic fragment of MASP-2 in complex with its specific inhibitor developed by directed evolution on SGCI scaffold"
"ST_1549","Mannan-binding protein (MBP)","4AQB","Homo Sapiens","MBL-Ficolin Associated Protein-1, MAP-1 aka MAP44"
"ST_1550","Mannan-binding protein (MBP)","4DJZ","Homo Sapiens","Catalytic fragment of masp-1 in complex with its specific inhibitor developed by directed evolution on sgci scaffold"
"ST_1551","Mannan-binding protein (MBP)","2YHH","Microcystis aeruginosa PCC 7806","Microvirin:mannobiose complex"
"ST_1552","Mannan-binding protein (MBP)","1ZHQ","Microcystis viridis","Crystal structure of apo MVL"
"ST_1553","Mannan-binding protein (MBP)","4IGD","Homo Sapiens","Crystal structure of the zymogen catalytic region of Human MASP-1"
"ST_1554","Mannan-binding protein (MBP)","1ZHS","Microcystis viridis","Crystal structure of MVL bound to Man3GlcNAc2"
"ST_1555","Mannan-binding protein (MBP)","1ZJK","Homo Sapiens","Crystal structure of the zymogen catalytic region of human MASP-2"
"ST_1556","Mannan-binding protein (MBP)","4R9F","Caldanaerobius polysaccharolyticus","CpMnBP1 with Mannobiose Bound"
"ST_1557","Mannan-binding protein (MBP)","4R9G","Caldanaerobius polysaccharolyticus","CpMnBP1 with Mannotriose Bound"
"ST_1558","Mannan-binding protein (MBP)","4KKD","Homo Sapiens","The X-ray crystal structure of Mannose-binding lectin-associated serine proteinase-3 reveals the structural basis for enzyme inactivity associated wit"
"ST_1559","Mannan-binding protein (MBP)","1Q3X","Homo Sapiens","Crystal structure of the catalytic region of human MASP-2"
"ST_1560","Mannan-binding protein (MBP)","5JPM","Homo Sapiens","Structure of the complex of human complement C4 with MASP-2 rebuilt using iMDFF"
"ST_1561","Mannan-binding protein (MBP)","3GOV","Homo Sapiens","Crystal structure of the catalytic region of human MASP-1"
"ST_1562","Mannan-binding protein (MBP)","4FXG","Homo Sapiens","Complement C4 in complex with MASP-2"
"ST_1563","Mannan-binding protein (MBP)","2WHK","Bacillus subtilis (strain 168)","Structure of Bacillus subtilis mannanase man26"
"ST_1564","Mannan-binding protein (MBP)","4MU9","Bacteroides thetaiotaomicron (strain ATCC 29148 / DSM 2079 / NCTC 10582 / E50 / VPI-5482)","Crystal structure of a putative glycosylhydrolase (BT_3782) from Bacteroides thetaiotaomicron VPI-5482 at 1.89 A resolution"
"ST_1565","Mannan-binding protein (MBP)","4C1R","Bacteroides thetaiotaomicron (strain ATCC 29148 / DSM 2079 / NCTC 10582 / E50 / VPI-5482)","Bacteroides thetaiotaomicron VPI-5482 mannosyl-6-phosphatase Bt3783"
"ST_1566","TIFA","4ZGI","Homo Sapiens","Structure of Truncated Human TIFA"
"ST_1567","TIFA","4YM4","Homo Sapiens","Truncated Human TIFA in complex with its Thr9 phosphorylated N-terminal peptide 1-15"
"ST_1568","TLR8","3W3G","Homo Sapiens","Crystal structure of human TLR8 (unliganded form)"
"ST_1569","TLR8","3W3J","Homo Sapiens","Crystal structure of human TLR8 in complex with CL097"
"ST_1570","TLR8","3W3K","Homo Sapiens","Crystal structure of human TLR8 in complex with CL075"
"ST_1571","TLR8","3WN4","Homo Sapiens","Crystal structure of human TLR8 in complex with DS-877"
"ST_1572","TLR8","4QBZ","Homo Sapiens","Crystal structure of human TLR8 in complex with DS-802"
"ST_1573","TLR8","4R07","Homo Sapiens","Crystal structure of human TLR8 in complex with ORN06"
"ST_1574","TLR8","4R08","Homo Sapiens","Crystal structure of human TLR8 in complex with ssRNA40"
"ST_1575","TLR8","4R09","Homo Sapiens","Crystal structure of human TLR8 in complex with ORN06S"
"ST_1576","TLR8","4R0A","Homo Sapiens","Crystal structure of human TLR8 in complex with uridine mononucleoside"
"ST_1577","TLR8","4R6A","Homo Sapiens","Crystal structure of human TLR8 in complex with Hybrid-2"
"ST_1578","TLR8","5AWA","Homo Sapiens","Crystal structure of human TLR8 in complex with MB-568"
"ST_1579","TLR8","5AWC","Homo Sapiens","Crystal structure of human TLR8 in complex with MB-564"
"ST_1580","TLR8","5AZ5","Homo Sapiens","Crystal structure of human TLR8 in complex with MB-343"
"ST_1581","TLR8","5HDH","Homo Sapiens","Crystal structure of human TLR8 with an uncleaved Z-loop"
"ST_1582","TLR8","5WYX","Homo Sapiens","Crystal structure of human TLR8 in complex with CU-CPT8m"
"ST_1583","TLR8","5WYZ","Homo Sapiens","Crystal structure of human TLR8 in complex with CU-CPT9b"
"ST_1584","TLR8","5Z14","Homo Sapiens","Crystal structure of human TLR8 in complex with CU-CPT9a"
"ST_1585","TLR8","5Z15","Homo Sapiens","Crystal structure of human TLR8 in complex with CU-CPT9c"
"ST_1586","TLR8","4QC0","Homo Sapiens","Crystal structure of human TLR8 in complex with XG-1-236"
"ST_1587","TLR8","3W3L","Homo Sapiens","Crystal structure of human TLR8 in complex with Resiquimod (R848) crystal form 1"
"ST_1588","TLR8","3W3M","Homo Sapiens","Crystal structure of human TLR8 in complex with Resiquimod (R848) crystal form 2"
"ST_1589","TLR8","3W3N","Homo Sapiens","Crystal structure of human TLR8 in complex with Resiquimod (R848) crystal form 3"
"ST_1590","TLR8","5AWB","Homo Sapiens","Crystal structure of human TLR8 in complex with N1-3-aminomethylbenzyl (meta-amine)"
"ST_1591","TLR8","5AWD","Homo Sapiens","Crystal structure of human TLR8 in complex with N1-4-aminomethylbenzyl (IMDQ)"
"ST_1592","TLR9","3WPB","Equus caballus","Crystal structure of horse TLR9 (unliganded form)"
"ST_1593","TLR9","3WPC","Equus caballus","Crystal structure of horse TLR9 in complex with agonistic DNA1668_12mer"
"ST_1594","TLR9","3WPD","Equus caballus","Crystal structure of horse TLR9 in complex with inhibitory DNA4084"
"ST_1595","TLR9","3WPE","Bos taurus","Crystal structure of bovine TLR9 in complex with agonistic DNA1668_12mer"
"ST_1596","TLR9","3WPF","Mus musculus","Crystal structure of mouse TLR9 (unliganded form)"
"ST_1597","TLR9","3WPI","Mus musculus","Crystal structure of mouse TLR9 in complex with inhibitory DNA_super"
"ST_1598","TLR9","4QDH","Mus musculus, Eptatretus burgeri","Crystal Structure of the C-terminal Domain of Mouse TLR9"
"ST_1599","TLR9","3WPG","Mus musculus","Crystal structure of mouse TLR9 in complex with inhibitory DNA4084 (form 1)"
"ST_1600","TLR9","3WPH","Mus musculus","Crystal structure of mouse TLR9 in complex with inhibitory DNA4084 (form 2)"
"ST_1601","TLR9","5Y3J","Equus caballus","Crystal structure of horse TLR9 in complex with two DNAs (CpG DNA and TCGCAC DNA)"
"ST_1602","TLR9","5Y3K","Equus caballus","Crystal structure of horse TLR9 in complex with two DNAs (CpG DNA and GCGCAC DNA)"
"ST_1603","TLR9","5Y3L","Equus caballus","Crystal structure of horse TLR9 in complex with two DNAs (CpG DNA and CCGCAC DNA)"
"ST_1604","TLR9","5Y3M","Bos taurus","Crystal structure of bovine TLR9 in complex with two DNAs (CpG DNA and TCGTTT DNA)"
"ST_1605","TLR9","5ZLN","Mus musculus","Crystal structure of mouse TLR9 in complex with two DNAs (CpG DNA and TCGCCA DNA)"
"ST_1606","TLR2","5D3I","Mus musculus, Staphylococcus aureus (strain NCTC 8325)","Crystal structure of the SSL3-TLR2 complex"
"ST_1607","TLR2","1FYW","Homo Sapiens","CRYSTAL STRUCTURE OF THE TIR DOMAIN OF HUMAN TLR2"
"ST_1608","Toll like receptor (TLR)","3A79","Eptatretus burgeri, Mus musculus","Crystal structure of TLR2-TLR6-Pam2CSK4 complex"
"ST_1609","TLR2","3A7C","Eptatretus burgeri, Mus musculus","Crystal structure of TLR2-PE-DTPA complex"
"ST_1610","TLR2","1FYX","Homo Sapiens","CRYSTAL STRUCTURE OF P681H MUTANT OF TIR DOMAIN OF HUMAN TLR2"
"ST_1611","TLR2","1O77","Homo Sapiens","CRYSTAL STRUCTURE OF THE C713S MUTANT OF THE TIR DOMAIN OF HUMAN TLR2"
"ST_1612","Toll like receptor (TLR)","2Z7X","Homo Sapiens","Crystal structure of the TLR1-TLR2 heterodimer induced by binding of a tri-acylated lipopeptide"
"ST_1613","Toll like receptor (TLR)","2Z80","Homo Sapiens","Crystal structure of the TLR1-TLR2 heterodimer induced by binding of a tri-acylated lipopeptide"
"ST_1614","Toll like receptor (TLR)","2Z81","Mus musculus","Crystal structure of the TLR1-TLR2 heterodimer induced by binding of a tri-acylated lipopeptide"
"ST_1615","Toll like receptor (TLR)","2Z82","Mus musculus","Crystal structure of the TLR1-TLR2 heterodimer induced by binding of a tri-acylated lipopeptide"
"ST_1616","TLR2","3A7B","Eptatretus burgeri, Mus musculus","Crystal structure of TLR2-Streptococcus Pneumoniae lipoteichoic acid complex"
"ST_1617","Toll like receptor (TLR)","5D3D","Staphylococcus aureus (strain NCTC 8325)","Crystal structure of Staphylococcal Superantigen-Like protein 3"
"ST_1618","Toll like receptor (TLR)","3WI4","Neisseria meningitidis serogroup B (strain MC58)","Crystal structure of wild-type PorB from Neisseria meningitidis serogroup B"
"ST_1619","Toll like receptor (TLR)","3WI5","Neisseria meningitidis serogroup B (strain MC58)","Crystal structure of the Loop 7 mutant PorB from Neisseria meningitidis serogroup B"
"ST_1620","TLR4","2Z62","Homo sapiens, Eptatretus burgeri","Crystal structure of the TV3 hybrid of human TLR4 and hagfish VLRB.61"
"ST_1621","TLR8","2Z63","Homo sapiens, Eptatretus burgeri","Crystal structure of the TV8 hybrid of human TLR4 and hagfish VLRB.61"
"ST_1622","TLR4","2Z64","Mus musculus","Crystal structure of mouse TLR4 and mouse MD-2 complex"
"ST_1623","TLR4","2Z65","Homo sapiens, Eptatretus burgeri","Crystal structure of the human TLR4 TV3 hybrid-MD-2-Eritoran complex"
"ST_1624","TLR4","2Z66","Homo sapiens, Eptatretus burgeri","Crystal structure of the VT3 hybrid of human TLR4 and hagfish VLRB.61"
"ST_1625","TLR4","3VQ1","Mus musculus","Crystal structure of mouse TLR4/MD-2/lipid IVa complex"
"ST_1626","TLR4","3VQ2","Mus musculus","Crystal structure of mouse TLR4/MD-2/LPS complex"
"ST_1627","TLR4","5IJB","Mus musculus, Eptatretus burgeri","The ligand-free structure of the mouse TLR4/MD-2 complex"
"ST_1628","TLR4","5IJC","Mus musculus, Eptatretus burgeri","The crystal structure of mouse TLR4/MD-2/neoseptin-3 complex"
"ST_1629","TLR4","5IJD","Mus musculus, Eptatretus burgeri","The crystal structure of mouse TLR4/MD-2/lipid A complex"
"ST_1630","TLR4","5NAM","Homo Sapiens","NMR structure of TLR4 transmembrane domain (624-670) in DMPG/DHPC bicelles"
"ST_1631","TLR4","5NAO","Homo Sapiens","NMR structure of TLR4 transmembrane domain (624-657) in DPC micelles"
"ST_1632","TLR4","3FXI","Homo Sapiens","Crystal structure of the human TLR4-human MD-2-E.coli LPS Ra complex"
"ST_1633","TLR4","4G8A","Homo Sapiens","Crystal structure of human TLR4 polymorphic variant D299G and T399I in complex with MD-2 and LPS"
"ST_1634","Toll like receptor (TLR)","2Z5V","Homo Sapiens","Solution structure of the TIR domain of human MyD88"
"ST_1635","Toll like receptor (TLR)","3RG1","Homo Sapiens","Crystal structure of the RP105/MD-1 complex"
"ST_1636","Toll like receptor (TLR)","3UB2","Homo Sapiens","TIR domain of Mal/TIRAP"
"ST_1637","Toll like receptor (TLR)","3UB3","Homo Sapiens","D96N variant of TIR domain of Mal/TIRAP"
"ST_1638","Toll like receptor (TLR)","3UB4","Homo Sapiens","S180L variant of TIR domain of Mal/TIRAP"
"ST_1639","Toll like receptor (TLR)","5UC8","Homo Sapiens","Crystal structure of human Heme Oxygenase-2"
"ST_1640","Toll like receptor (TLR)","5UC9","Homo Sapiens","Crystal structure of human Heme Oxygenase-2 in complex with Myristate"
"ST_1641","Toll like receptor (TLR)","5UCA","Homo Sapiens","Crystal structure of human Heme Oxygenase-2 in complex with Laurate"
"ST_1642","Toll like receptor (TLR)","3UL7","Homo sapiens, Eptatretus burgeri","Crystal structure of the TV3 mutant F63W"
"ST_1643","Toll like receptor (TLR)","3UL8","Homo sapiens, Eptatretus burgeri","Crystal structure of the TV3 mutant V134L"
"ST_1644","Toll like receptor (TLR)","3UL9","Homo sapiens, Eptatretus burgeri","structure of the TV3 mutant M41E"
"ST_1645","Toll like receptor (TLR)","3ULA","Homo sapiens, Eptatretus burgeri","Crystal structure of the TV3 mutant F63W-MD-2-Eritoran complex"
"ST_1646","Toll like receptor (TLR)","4C7M","Escherichia coli BL21(DE3)","The crystal structure of TcpB or BtpA TIR domain"
"ST_1647","Toll like receptor (TLR)","5UZB","Homo Sapiens","Cryo-EM structure of the MAL TIR domain filament"
"ST_1648","Toll like receptor (TLR)","4R7D","Homo Sapiens","Fab Hu 15C1"
"ST_1649","Toll like receptor (TLR)","4R7N","Cricetulus griseus","Fab C2E3"
"ST_1650","TLR1","1FYV","TLR1","CRYSTAL STRUCTURE OF THE TIR DOMAIN OF HUMAN TLR1"
"ST_1651","TLR10","2J67","Homo Sapiens","The TIR domain of human Toll-Like Receptor 10 (TLR10)"
"ST_1652","TLR13","4Z0C","Mus musculus","Crystal structure of TLR13-ssRNA13 complex"
"ST_1653","TLR3","3CIG","Mus musculus","Crystal structure of mouse TLR3 ectodomain"
"ST_1654","TLR3","3QPQ","Homo Sapiens","Crystal structure of ANTI-TLR3 antibody C1068 FAB"
"ST_1655","TLR3","5GS0","Homo Sapiens","Crystal structure of the complex of TLR3 and bi-specific diabody"
"ST_1656","TLR3","1ZIW","Homo Sapiens","Human Toll-like Receptor 3 extracellular domain structure"
"ST_1657","Toll like receptor (TLR)","3ULS","Homo Sapiens","Crystal structure of Fab12"
"ST_1658","TLR3","3ULU","Homo Sapiens","Structure of quaternary complex of human TLR3ecd with three Fabs (Form1)"
"ST_1659","TLR3","3ULV","Homo Sapiens","Structure of quaternary complex of human TLR3ecd with three Fabs (Form2)"
"ST_1660","TLR3","2MK9","Homo Sapiens","Spatial structure of the dimeric transmembrane domain of Toll-like receptor 3"
"ST_1661","TLR3","2MKA","Homo Sapiens","Spatial structure of the Toll-like receptor 3 transmembrane domain in the trimeric state"
"ST_1662","TLR3","3CIY","Mus musculus","Mouse Toll-like receptor 3 ectodomain complexed with double-stranded RNA"
"ST_1663","TLR3","2A0Z","Homo Sapiens","The molecular structure of toll-like receptor 3 ligand binding domain"
"ST_1664","TLR7","5GMF","Macaca mulatta, Homo sapiens","Crystal structure of monkey TLR7 in complex with guanosine and polyU"
"ST_1665","TLR7","5GMG","Homo sapiens, Macaca mulatta","Crystal structure of monkey TLR7 in complex with loxoribine and polyU"
"ST_1666","TLR7","5GMH","Macaca mulatta","Crystal structure of monkey TLR7 in complex with R848"
"ST_1667","TLR8","4QC0","Homo Sapiens","Crystal structure of human TLR8 in complex with XG-1-236"
"ST_1668","TLR8","4QBZ","Homo Sapiens","Crystal structure of human TLR8 in complex with DS-802"
"ST_1669","TLR5","3V44","Eptatretus burgeri, Danio rerio","Crystal structure of the N-terminal fragment of zebrafish TLR5"
"ST_1670","TLR5","3V47","Salmonella dublin, Eptatretus burgeri, Danio rerio","Crystal structure of the N-terminal fragment of zebrafish TLR5 in complex with Salmonella flagellin"
"ST_1671","TLR5","5GY2","Bacillus subtilis subsp. spizizenii (strain ATCC 23059 / NRRL B-14472 / W23), Eptatretus burgeri, Da","Crystal structure of a complex between Bacillus subtilis flagellin and zebrafish Toll-like receptor 5"
"ST_1672","TLR5","6BXA","Eptatretus burgeri, Danio rerio","Crystal structure of N-terminal fragment of Zebrafish Toll-Like Receptor 5 (TLR5) with Lamprey Variable Lymphocyte Receptor 2 (VLR2) bound"
"ST_1673","TLR5","6BXC","Eptatretus burgeri, Danio rerio","Crystal structure of N-terminal fragment of Zebrafish Toll-Like Receptor 5 (TLR5) with Lamprey Variable Lymphocyte Receptor 9 (VLR9) bound"
"ST_1674","Toll like receptor (TLR)","4NX9","Pseudomonas aeruginosa","Crystal structure of Pseudomonas aeruginosa flagellin FliC"
"ST_1675","Toll like receptor (TLR)","6BXD","Spodoptera frugiperda","Crystal structure of Variable Lymphocyte Receptor 2 (VLR2)"
"ST_1676","Toll like receptor (TLR)","6BXE","Petromyzon marinus","Crystal structure of Variable Lymphocyte Receptor 9 (VLR9)"
"ST_1677","TLR5","3J0A","Homo sapiens","Homology model of human Toll-like receptor 5 fitted into an electron microscopy single particle reconstruction"
"ST_1678","TRPA1","3J9P","Homo sapiens, Escherichia coli (strain K12)","Structure of the TRPA1 ion channel determined by electron cryo-microscopy"
"ST_1679","TRPA1","2M9L","Thrixopelma pruriens","Solution structure of protoxin-1"
"ST_1680","TRPA1","5LAH","sea anemone","NMR structure of the sea anemone peptide tau-AnmTx Ueq 12-1 with an uncommon fold"
"ST_1681","GRP2","2MA2","Homo Sapiens","Solution structure of RasGRP2 EF hands bound to calcium"
"ST_1682","GRP2","6AXF","Homo Sapiens","Structure of RasGRP2 in complex with Rap1B"
"ST_1683","GRP4","6AXG","Homo Sapiens","Structure of RasGRP4 in complex with Hras"
"ST_1684","GRP1","4L9M","Homo Sapiens","Autoinhibited state of the Ras-specific exchange factor RasGRP1"
"ST_1685","GRP1","4L9U","Homo Sapiens","Structure of C-terminal coiled coil of RasGRP1"
"ST_1686","GNBP","2RQE","Bombyx mori","Solution structure of the silkworm bGRP/GNBP3 N-terminal domain reveals the mechanism for b-1,3-glucan specific recognition"
"ST_1687","GNBP","3IE4","Drosophila melanogaster","b-glucan binding domain of Drosophila GNBP3 defines a novel family of pattern recognition receptor"
"ST_1688","GNBP","3AQX","Bombyx mori","Crystal structure of Bombyx mori beta-GRP/GNBP3 N-terminal domain with laminarihexaoses"
"ST_1689","GNBP","3AQY","Plodia interpunctella","Crystal structure of Plodia interpunctella beta-GRP/GNBP3 N-terminal domain"
"ST_1690","GNBP","3AQZ","Plodia interpunctella","Crystal structure of Plodia interpunctella beta-GRP/GNBP3 N-terminal domain with laminarihexaoses"
"ST_1691","VIP36","2DUO","Canis lupus familiaris","Crystal structure of VIP36 exoplasmic/lumenal domain, Ca2+-bound form"
"ST_1692","VIP36","2DUP","Canis lupus familiaris","Crystal structure of VIP36 exoplasmic/lumenal domain, metal-free form"
"ST_1693","VIP36","2DUQ","Canis lupus familiaris","Crystal structure of VIP36 exoplasmic/lumenal domain, Ca2+/Man-bound form"
"ST_1694","VIP36","2DUR","Canis lupus familiaris","Crystal structure of VIP36 exoplasmic/lumenal domain, Ca2+/Man2-bound form"
"ST_1695","VIP36","2E6V","Canis lupus familiaris","Crystal structure of VIP36 exoplasmic/lumenal domain, Ca2+/Man3GlcNAc-bound form"
"ST_1696","VIP36","3WHT","Homo Sapiens","Crystal structure of ERGIC-53/MCFD2, Calcium-free form"
"ST_1697","VIP36","3WHU","Homo Sapiens","Crystal structure of ERGIC-53/MCFD2, Calcium/Man2-bound form"
"ST_1698","VIP36","3WNX","Homo Sapiens","Crystal structure of ERGIC-53/MCFD2, Calcium/Man3-bound form"
"ST_1699","ZBP1","3EYI","Homo Sapiens","The crystal structure of the second Z-DNA binding domain of human DAI (ZBP1) in complex with Z-DNA"
"ST_1700","ZBP1","4KA4","Homo Sapiens","Crystal structure of a proteolytically defined Zbeta domain of human DAI (ZBP1, DLM-1)"
"ST_1701","ZBP1","3KRM","Homo Sapiens","Imp1 kh34"
"ST_1702","ZBP1","2LNB","Homo Sapiens","Solution NMR structure of N-terminal domain (6-74) of human ZBP1 protein, Northeast Structural Genomics Consortium Target HR8174A."
"ST_1703","ZBP1","2N8L","Gallus gallus","Zipcode-binding-protein-1 KH3KH4(DD) domains in complex with the KH3 RNA target"
"ST_1704","ZBP1","2N8M","Gallus gallus","Zipcode-binding-protein-1 KH3(DD)KH4 domains in complex with the KH4 RNA target"
"ST_1705","ZBP1","2L4M","Homo Sapiens","Solution structure of the Zbeta domain of human DAI and its binding modes to B- and Z-DNA"
"ST_1706","ZBP1","2HEO","Mus musculus","General Structure-Based Approach to the Design of Protein Ligands: Application to the Design of Kv1.2 Potassium Channel Blockers."
"ST_1707","b-1,3-glucan recognition proteins","2J0Y","Homo Sapiens","L-ficolin complexed to b-1,3-D-glucan"
"ST_1708","b-1,3-glucan recognition proteins","2RQE","Bombyx mori","Solution structure of the silkworm bGRP/GNBP3 N-terminal domain reveals the mechanism for b-1,3-glucan specific recognition"
"ST_1709","b-1,3-glucan recognition proteins","3AQX","Bombyx mori","Crystal structure of Bombyx mori beta-GRP/GNBP3 N-terminal domain with laminarihexaoses"
"ST_1710","b-1,3-glucan recognition proteins","3AQZ","Plodia interpunctella","Crystal structure of Plodia interpunctella beta-GRP/GNBP3 N-terminal domain with laminarihexaoses"
"ST_1711","b-1,3-glucan recognition proteins","3AQY","Plodia interpunctella","Crystal structure of Plodia interpunctella beta-GRP/GNBP3 N-terminal domain"
"ST_1712","b-1,3-glucan recognition proteins","5T7A","Bacillus halodurans (strain ATCC BAA-125 / DSM 18197 / FERM 7344 / JCM 9153 / C-125)","Crystal structure of Br derivative BhCBM56"
"ST_1713","cav","4QKV","Mus musculus","Crystal structure of the mouse cavin1 HR1 domain"
"ST_1714","cav","5V2Q","Homo sapiens, Rattus norvegicus","CaV beta2a subunit: CaV1.2 AID-CEN complex"
"ST_1715","cav","5V2P","Homo sapiens, Rattus norvegicus","CaV beta2a subunit: CaV1.2 AID-CAP complex"
"ST_1716","cav","1UTG","Oryctolagus cuniculus","REFINEMENT OF THE C2221 CRYSTAL FORM OF OXIDIZED UTEROGLOBIN AT 1.34 ANGSTROMS RESOLUTION"
"ST_1717","cav","1SZM","Bos taurus","DUAL BINDING MODE OF BISINDOLYLMALEIMIDE 2 TO PROTEIN KINASE A (PKA)"
"ST_1718","cav","2J1K","Homo sapiens, Canine adenovirus serotype 2 (strain Toronto A 26-61)","CAV-2 fibre head in complex with CAR D1"
"ST_1719","SR-BI ","3NGH","Mus musculus","Molecular Analysis of the Interaction of the HDL Receptor SR-BI with the Adaptor Protein PDZK1"
"ST_1720","SR-BI ","3R69","Mus musculus","Molecular analysis of the interaction of the HDL-receptor SR-BI with the PDZ3 domain of its adaptor protein PDZK1"
"ST_1721","PDZK1","3R68","Mus musculus","Molecular Analysis of the PDZ3 domain of PDZK1"
"ST_1722","PDZK1","4WEB","Hepatitis C virus subtype 2a","Structure of the core ectodomain of the hepatitis C virus envelope glycoprotein 2"
"ST_1723","Collectin Kidney","4YLI","Homo Sapiens","CL-K1 trimer"
"ST_1724","Collectin Kidney","4YMD","Homo Sapiens","CL-K1 trimer bound to man(alpha1-2)man"
"ST_1725","GNBP","4C6Y","Escherichia coli BL21(DE3)","Ancestral PNCA (last common ancestors of Gram-positive and Gram- negative bacteria) beta-lactamase class A"
"ST_1726","GNBP","4XGS","Escherichia coli (strain K12)","Crystal structure analysis of novel iron uptake mechanism of Gram-negative bacterial ferritin"
"ST_1727","GNBP","5XU7"," Escherichia coli (strain K12)","Crystal structure of Escherichia coli holo-[acyl-carrier-protein] synthase (AcpS)"
"ST_1728","GNBP","5XUM","Thermotoga maritima (strain ATCC 43589 / MSB8 / DSM 3109 / JCM 10099)","Crystal structure of Thermotoga maritima holo-[acyl-carrier-protein] synthase (AcpS)"
"ST_1729","GNBP","4OON","Pseudomonas aeruginosa (strain ATCC 15692 / DSM 22644 / CIP 104116 / JCM 14847 / LMG 12228 / 1C / PR","Crystal structure of PBP1a in complex with compound 17 ((4Z,8S,11E,14S)-5-(2-amino-1,3-thiazol-4-yl)-14-(5,6-dihydroxy-1,3-dioxo-1,3-dihydro-2H-isoind"
"ST_1730","GNBP","4OOL","Escherichia coli","Crystal structure of PBP3 in complex with compound 14 ((2E)-2-({[(2S)-2-{[(2Z)-2-(2-amino-1,3-thiazol-4-yl)-2-{[(1,5-dihydroxy-4-oxo-1,4-dihydropyridi"
"ST_1731","GNBP","4OOM","Escherichia coli","Crystal structure of PBP3 in complex with BAL30072 ((2Z)-2-(2-amino-1,3-thiazol-4-yl)-2-{[(1,5-dihydroxy-4-oxo-1,4-dihydropyridin-2-yl)methoxy]imino}-"
"ST_1732","GNBP","5XUK","Helicobacter pylori (strain ATCC 700392 / 26695)","Crystal structure of Helicobacter pylori holo-[acyl-carrier-protein] synthase (AcpS) in complex with coenzyme A"
"ST_1733","GNBP","5XUH","Escherichia coli (strain K12)","Crystal structure of Escherichia coli holo-[acyl-carrier-protein] synthase (AcpS) D9A mutant in complex with CoA"
"ST_1734","GNBP","1D9V","Haemophilus influenzae (strain ATCC 51907 / DSM 11121 / KW20 / Rd)","HAEMOPHILUS INFLUENZAE FERRIC-BINDING PROTEIN APO FORM"
"ST_1735","GNBP","3UB1","Clostridium perfringens","Ntf2 like protein involved in plasmid conjugation"
"ST_1736","GNBP","5C22","Escherichia coli","Crystal structure of Zn-bound HlyD from E. coli"
"ST_1737","GNBP","5O77","Klebsiella pneumoniae","Klebsiella pneumoniae OmpK35"
"ST_1738","GNBP","5O79","Klebsiella pneumoniae","Klebsiella pneumoniae OmpK36"
"ST_1739","GNBP","5F3F","Escherichia coli (strain K12)","Crystal structure of para-biphenyl-2-methyl-3'-methyl amide mannoside bound to FimH lectin domain"
"ST_1740","GNBP","3ZJT","Escherichia coli (strain K12), Escherichia coli K-12","Ternary complex of E.coli leucyl-tRNA synthetase, tRNA(Leu)574 and the benzoxaborole AN3017 in the editing conformation"
"ST_1741","GNBP","3ZJU","Escherichia coli (strain K12), Escherichia coli K-12","Ternary complex of E .coli leucyl-tRNA synthetase, tRNA(Leu) and the benzoxaborole AN3016 in the editing conformation"
"ST_1742","GNBP","1EGZ","Dickeya dadantii (strain 3937)","CELLULASE CEL5 FROM ERWINIA CHRYSANTHEMI, A FAMILY GH 5-2 ENZYME"
"ST_1743","GNBP","4DMZ"," Pseudomonas aeruginosa (strain UCBPP-PA14)","PelD 156-455 from Pseudomonas aeruginosa PA14, apo form"
"ST_1744","GNBP","4RHB","Escherichia coli (strain K12)","Crystal structure of the lipopolysaccharide assembly complex LptD-LptE from the Escherichia coli outer membrane"
"ST_1745","GNBP","1D9Y","Neisseria gonorrhoeae","NEISSERIA GONORRHOEAE FERRIC BINDING PROTEIN"
"ST_1746","GNBP","1OPD","Escherichia coli (strain K12)","HISTIDINE-CONTAINING PROTEIN (HPR), MUTANT WITH SER 46 REPLACED BY ASP (S46D)"
"ST_1747","GNBP","1F1H","Salmonella typhimurium (strain LT2 / SGSC1412 / ATCC 700720)","CRYSTAL STRUCTURE OF GLUTAMINE SYNTHETASE FROM SALMONELLA TYPHIMURIUM WITH THALLIUM IONS"
"ST_1748","Lactosylceramide","1SX6","Homo Sapiens","Crystal structure of human Glycolipid Transfer protein in lactosylceramide-bound form"
"ST_1749","Lactosylceramide","2EUM","Homo Sapiens","Crystal structure of human Glycolipid Transfer Protein complexed with 8:0 Lactosylceramide"
"ST_1750","Lactosylceramide","2EVD","Homo Sapiens","Crystal structure of human Glycolipid Transfer Protein complexed with 12:0 Lactosylceramide"
"ST_1751","Lactosylceramide","3SDD","Mus musculus, Homo sapiens","Crystal structure of autoreactive-Valpha14-Vbeta6 NKT TCR in complex with CD1d-beta-lactosylceramide"
"ST_1752","HSL","3IX3","Pseudomonas aeruginosa (strain ATCC 15692 / DSM 22644 / CIP 104116 / JCM 14847 / LMG 12228 / 1C / PR","LasR-OC12 HSL complex"
"ST_1753","HSL","3AIK","Sulfolobus tokodaii (strain DSM 16993 / JCM 10545 / NBRC 100140 / 7)","Crystal structure of a HSL-like carboxylesterase from Sulfolobus tokodaii"
"ST_1754","HSL","3AIL","Sulfolobus tokodaii (strain DSM 16993 / JCM 10545 / NBRC 100140 / 7)","Crystal structure of a HSL-like carboxylesterase from Sulfolobus tokodaii complexed with paraoxon"
"ST_1755","HSL","3AIM","Sulfolobus tokodaii (strain DSM 16993 / JCM 10545 / NBRC 100140 / 7)","R267E mutant of a HSL-like carboxylesterase from Sulfolobus tokodaii"
"ST_1756","HSL","3AIN","Sulfolobus tokodaii (strain DSM 16993 / JCM 10545 / NBRC 100140 / 7)","R267G mutant of a HSL-like carboxylesterase from Sulfolobus tokodaii"
"ST_1757","HSL","3AIO","Sulfolobus tokodaii (strain DSM 16993 / JCM 10545 / NBRC 100140 / 7)","R267K mutant of a HSL-like carboxylesterase from Sulfolobus tokodaii"
"ST_1758","HSL","3K6K","uncultured bacterium","Crystal structure at 2.2 angstrom of HSL-homolog EstE7 from a metagenome library"
"ST_1759","HSL","3QP2","Chromobacterium violaceum","Crystal structure of CviR ligand-binding domain bound to C8-HSL"
"ST_1760","HSL","3QP4","Chromobacterium violaceum","Crystal structure of CviR ligand-binding domain bound to C10-HSL"
"ST_1761","HSL","3QP6","Chromobacterium violaceum (strain ATCC 12472 / DSM 30191 / JCM 1249 / NBRC 12614 / NCIMB 9131 / NCTC","Crystal structure of CviR (Chromobacterium violaceum 12472) bound to C6-HSL"
"ST_1762","HSL","4XVC","Escherichia coli 'BL21-Gold(DE3)pLysS AG'","Crystal structure of an esterase from the bacterial hormone-sensitive lipase (HSL) family"
"ST_1763","HSL","3QP1","Chromobacterium violaceum","Crystal structure of CviR ligand-binding domain bound to the native ligand C6-HSL"
"ST_1764","HSL","3QP8","Chromobacterium violaceum (strain ATCC 12472 / DSM 30191 / JCM 1249 / NBRC 12614 / NCIMB 9131 / NCTC","Crystal structure of CviR (Chromobacterium violaceum 12472) ligand-binding domain bound to C10-HSL"
"ST_1765","HSL","5UBK","Pseudomonas aeruginosa (strain ATCC 15692 / DSM 22644 / CIP 104116 / JCM 14847 / LMG 12228 / 1C / PR","Inactive S1A/N269D-cpPvdQ mutant in complex with the pyoverdine precursor PVDIq reveals a specific binding pocket for the D-Tyr of this substrate"
"ST_1766","HSL","5UBL","Pseudomonas aeruginosa (strain ATCC 15692 / DSM 22644 / CIP 104116 / JCM 14847 / LMG 12228 / 1C / PR","A circularly permuted version of PvdQ (cpPvdQ)"
"ST_1767","HSL","4WKS","Pseudomonas aeruginosa (strain ATCC 15692 / DSM 22644 / CIP 104116 / JCM 14847 / LMG 12228 / 1C / PR","n-Alkylboronic Acid Inhibitors Reveal Determinants of Ligand Specificity in the Quorum-Quenching and Siderophore Biosynthetic Enzyme PvdQ"
"ST_1768","HSL","4WKT","Pseudomonas aeruginosa (strain ATCC 15692 / DSM 22644 / CIP 104116 / JCM 14847 / LMG 12228 / 1C / PR","n-Alkylboronic Acid Inhibitors Reveal Determinants of Ligand Specificity in the Quorum-Quenching and Siderophore Biosynthetic Enzyme PvdQ"
"ST_1769","HSL","4WKU","Pseudomonas aeruginosa (strain ATCC 15692 / DSM 22644 / CIP 104116 / JCM 14847 / LMG 12228 / 1C / PR","n-Alkylboronic Acid Inhibitors Reveal Determinants of Ligand Specificity in the Quorum-Quenching and Siderophore Biosynthetic Enzyme PvdQ"
"ST_1770","HSL","4WKV","Pseudomonas aeruginosa (strain ATCC 15692 / DSM 22644 / CIP 104116 / JCM 14847 / LMG 12228 / 1C / PR","n-Alkylboronic Acid Inhibitors Reveal Determinants of Ligand Specificity in the Quorum-Quenching and Siderophore Biosynthetic Enzyme PvdQ"
"ST_1771","HSL","4BTH","Pseudomonas aeruginosa (strain ATCC 15692 / DSM 22644 / CIP 104116 / JCM 14847 / LMG 12228 / 1C / PR","The LeuA146Trp,PheB24Tyr Double Mutant of the Quorum Quenching N-acyl Homoserine Lactone Acylase PvdQ Has an Altered Substrate Specificity Towards Sma"
"ST_1772","HSL","3H17","uncultured bacterium","Crystal structure of EstE5-PMSF (I)"
"ST_1773","HSL","3H18","uncultured bacterium","Crystal structure of EstE5-PMSF (II)"
"ST_1774","HSL","3L1H","uncultured bacterium","Crystal structure of EstE5, was soaked by FeCl3"
"ST_1775","HSL","3L1I","uncultured bacterium","Crystal structure of EstE5, was soaked by CuSO4"
"ST_1776","HSL","3L1J","uncultured bacterium","Crystal structure of EstE5, was soaked by ZnSO4"
"ST_1777","HSL","2WYB","Pseudomonas aeruginosa (strain ATCC 15692 / DSM 22644 / CIP 104116 / JCM 14847 / LMG 12228 / 1C / PR","The quorum quenching N-acyl homoserine lactone acylase PvdQ with a covalently bound dodecanoic acid"
"ST_1778","HSL","2WYC","Pseudomonas aeruginosa (strain ATCC 15692 / DSM 22644 / CIP 104116 / JCM 14847 / LMG 12228 / 1C / PR","The quorum quenching N-acyl homoserine lactone acylase PvdQ in complex with 3-oxo-lauric acid"
"ST_1779","HSL","2WYD","Pseudomonas aeruginosa (strain ATCC 15692 / DSM 22644 / CIP 104116 / JCM 14847 / LMG 12228 / 1C / PR","The quorum quenching N-acyl homoserine lactone acylase PvdQ in complex with dodecanoic acid"
"ST_1780","HSL","2WYE","Pseudomonas aeruginosa (strain ATCC 15692 / DSM 22644 / CIP 104116 / JCM 14847 / LMG 12228 / 1C / PR","The quorum quenching N-acyl homoserine lactone acylase PvdQ is an Ntn- Hydrolase with an unusual substrate-binding pocket"
"ST_1781","HSL","3L91","Pseudomonas aeruginosa (strain ATCC 15692 / DSM 22644 / CIP 104116 / JCM 14847 / LMG 12228 / 1C / PR","Structure of Pseudomonas aerugionsa PvdQ bound to octanoate"
"ST_1782","HSL","3L94","Pseudomonas aeruginosa (strain ATCC 15692 / DSM 22644 / CIP 104116 / JCM 14847 / LMG 12228 / 1C / PR","Structure of PvdQ covalently acylated with myristate"
"ST_1783","HSL","3SRA","Pseudomonas aeruginosa (strain ATCC 15692 / DSM 22644 / CIP 104116 / JCM 14847 / LMG 12228 / 1C / PR","Structure of Pseudomonas aerugionsa PvdQ covalently acylated with myristic acid from PVDIq"
"ST_1784","HSL","3SRB","Pseudomonas aeruginosa (strain ATCC 15692 / DSM 22644 / CIP 104116 / JCM 14847 / LMG 12228 / 1C / PR","Structure of Pseudomonas aeruginosa PvdQ bound to SMER28"
"ST_1785","HSL","3SRC","Pseudomonas aeruginosa (strain ATCC 15692 / DSM 22644 / CIP 104116 / JCM 14847 / LMG 12228 / 1C / PR","Structure of Pseudomonas aeruginosa PvdQ bound to NS2028"
"ST_1786","HSL","4K2F","Pseudomonas aeruginosa (strain ATCC 15692 / DSM 22644 / CIP 104116 / JCM 14847 / LMG 12228 / 1C / PR","Structure of Pseudomonas aeruginosa PvdQ bound to BRD-A08522488"
"ST_1787","HSL","4K2G","Pseudomonas aeruginosa (strain ATCC 15692 / DSM 22644 / CIP 104116 / JCM 14847 / LMG 12228 / 1C / PR","Structure of Pseudomonas aeruginosa PvdQ bound to BRD-A33442372"
"ST_1788","HSL","4M1J","Pseudomonas aeruginosa (strain ATCC 15692 / DSM 22644 / CIP 104116 / JCM 14847 / LMG 12228 / 1C / PR","Crystal structure of Pseudomonas aeruginosa PvdQ in complex with a transition state analogue"
"ST_1789","HSL","1HQY","Escherichia coli (strain K12)","Nucleotide-Dependent Conformational Changes in a Protease-Associated ATPase HslU"
"ST_1790","HSL","1HT1","Escherichia coli (strain K12)","Nucleotide-Dependent Conformational Changes in a Protease-Associated ATPase HslU"
"ST_1791","HSL","1HT2","Escherichia coli (strain K12)","Nucleotide-Dependent Conformational Changes in a Protease-Associated ATPase HslU"
"ST_1792","HSL","3FAK","uncultured bacterium","Structural and Functional Analysis of a Hormone-Sensitive Lipase like EstE5 from a Metagenome Library"
"ST_1793","HSL","3G9T","uncultured bacterium","Crystal structure of EstE5, was soaked by p-nitrophenyl butyrate for 5sec"
"ST_1794","HSL","3G9U","uncultured bacterium","Crystal structure of EstE5, was soaked by p-nitrophenyl butyrate for 5min"
"ST_1795","HSL","3G9Z","uncultured bacterium","Crystal structure of EstE5, was soaked by p-nitrophenyl caprylate"
"ST_1796","HSL","3H19","uncultured bacterium","Crystal structure of EstE5, was soaked by methyl alcohol"
"ST_1797","HSL","3H1A","uncultured bacterium","Crystal structure of EstE5, was soaked by ethyl alcohol"
"ST_1798","HSL","3H1B","uncultured bacterium","Crystal structure of EstE5, was soaked by isopropyl alcohol"
"ST_1799","HSL","2C7B","uncultured bacterium","The Crystal Structure of EstE1, a New Thermophilic and Thermostable Carboxylesterase Cloned from a Metagenomic Library"
"ST_1800","HSL","4OB6","Pseudomonas sp. ECU1011","Complex structure of esterase rPPE S159A/W187H and substrate (S)-Ac-CPA"
"ST_1801","HSL","4OB7","Pseudomonas sp. ECU1011","Crystal structure of esterase rPPE mutant W187H"
"ST_1802","HSL","4OB8","Pseudomonas sp. ECU1011","Crystal structure of a novel thermostable esterase from Pseudomonas putida ECU1011"
"ST_1803","HSL","4OU4","Pseudomonas sp. ECU1011","Crystal structure of esterase rPPE mutant S159A complexed with (S)-Ac-CPA"
"ST_1804","HSL","4OU5","Pseudomonas sp. ECU1011","Crystal structure of esterase rPPE mutant S159A/W187H"
"ST_1805","HSL","1G4A","Escherichia coli (strain K12)","CRYSTAL STRUCTURES OF THE HSLVU PEPTIDASE-ATPASE COMPLEX REVEAL AN ATP-DEPENDENT PROTEOLYSIS MECHANISM"
"ST_1806","HSL","1G4B","Escherichia coli (strain K12)","CRYSTAL STRUCTURES OF THE HSLVU PEPTIDASE-ATPASE COMPLEX REVEAL AN ATP-DEPENDENT PROTEOLYSIS MECHANISM"
"ST_1807","HSL","1IM2","Haemophilus influenzae (strain ATCC 51907 / DSM 11121 / KW20 / Rd)","HslU, Haemophilus Influenzae, Selenomethionine Variant"
"ST_1808","HSL","1YYF","Escherichia coli (strain K12), Bacillus subtilis (strain 168)","Correction of X-ray Intensities from an HslV-HslU co-crystal containing lattice translocation defects"
"ST_1809","HSL","2BR6","Bacillus thuringiensis subsp. Kurstaki","Crystal Structure of Quorum-Quenching N-Acyl Homoserine Lactone Lactonase"
"ST_1810","HSL","3SZT","Pseudomonas aeruginosa","Quorum Sensing Control Repressor, QscR, Bound to N-3-oxo-dodecanoyl-L-Homoserine Lactone"
"ST_1811","HSL","1OFH","Haemophilus influenzae (strain ATCC 51907 / DSM 11121 / KW20 / Rd)","Asymmetric complex between HslV and I-domain deleted HslU (H. influenzae)"
"ST_1812","HSL","1KYI","Haemophilus influenzae (strain ATCC 51907 / DSM 11121 / KW20 / Rd)","HslUV (H. influenzae)-NLVS Vinyl Sulfone Inhibitor Complex"
"ST_1813","HSL","1OFI","Haemophilus influenzae (strain ATCC 51907 / DSM 11121 / KW20 / Rd)","Asymmetric complex between HslV and I-domain deleted HslU (H. influenzae)"
"ST_1814","HSL","1G3I","Haemophilus influenzae (strain ATCC 51907 / DSM 11121 / KW20 / Rd)","CRYSTAL STRUCTURE OF THE HSLUV PROTEASE-CHAPERONE COMPLEX"
"ST_1815","HSL","1H0M","Rhizobium radiobacter","Three-dimensional structure of the quorum sensing protein TraR bound to its autoinducer and to its target DNA"
"ST_1816","HSL","5HJM","Pyrococcus abyssi (strain GE5 / Orsay)","Crystal Structure of Pyrococcus abyssi Trm5a complexed with MTA"
"ST_1817","mu opioid receptors","6DDE","Mus musculus, Homo sapiens","Mu Opioid Receptor-Gi Protein Complex"
"ST_1818","mu opioid receptors","6DDF","Mus musculus, Homo sapiens","Mu Opioid Receptor-Gi Protein Complex"
"ST_1819","mu opioid receptors","4DKL","Mus musculus, Enterobacteria phage T4","Crystal structure of the mu-opioid receptor bound to a morphinan antagonist"
"ST_1820","mu opioid receptors","5C1M","Mus musculus","Crystal structure of active mu-opioid receptor bound to the agonist BU72"
"ST_1821","mu opioid receptors","4EJ4","Enterobacteria phage T4, Mus musculus","Structure of the delta opioid receptor bound to naltrindole"
"ST_1822","mu opioid receptors","1ZV4","Homo Sapiens","Structure of the Regulator of G-Protein Signaling 17 (RGSZ2)"
"ST_1823","ZRANB","4S1Z","Homo sapiens, Bos taurus","Crystal structure of TRABID NZF1 in complex with K29 linked di-Ubiquitin"
"ST_1824","ZRANB","3ZRH","Homo Sapiens","Crystal structure of the Lys29, Lys33-linkage-specific TRABID OTU deubiquitinase domain reveals an Ankyrin-repeat ubiquitin binding domain (AnkUBD)"
"ST_1825","ZRANB","2K1P","Homo Sapiens","Solution structure of the second zinc finger domain of ZRANB2/ZNF265"
"ST_1826","ZRANB","3G9Y","Homo Sapiens","Crystal structure of the second zinc finger from ZRANB2/ZNF265 bound to 6 nt ssRNA sequence AGGUAA"
"ST_1827","NOS","4NOS","Homo Sapiens","HUMAN INDUCIBLE NITRIC OXIDE SYNTHASE WITH INHIBITOR"
"ST_1828","NOS","5TP6","Homo Sapiens","Solution structure of the CaM34 with the iNOS CaM binding domain peptide"
"ST_1829","NOS","3E65","Mus musculus","Murine INOS dimer with HEME, pterin and inhibitor AR-C120011"
"ST_1830","NOS","3E67","Mus musculus","Murine inos dimer with inhibitor 4-MAP bound"
"ST_1831","NOS","3E68","Mus musculus","Structure of murine INOS oxygenase domain with inhibitor AR-C130232"
"ST_1832","NOS","3E6N","Mus musculus","Structure of murine INOS oxygenase domain with inhibitor AR-C125813"
"ST_1833","NOS","2LL6","Homo Sapiens","Solution NMR structure of CaM bound to iNOS CaM binding domain peptide"
"ST_1834","NOS","4JS9","Mus musculus","Structural Characterization of Inducible Nitric Oxide Synthase Substituted With Mesoheme"
"ST_1835","NOS","1QW4","Mus musculus","Crystal Structure of Murine Inducible Nitric Oxide Synthase Oxygenase Domain in complex with N-omega-propyl-L-arginine."
"ST_1836","NOS","1QW5","Mus musculus","Murine inducible nitric oxide synthase oxygenase domain in complex with W1400 inhibitor."
"ST_1837","NOS","1R35","Mus musculus","MURINE INDUCIBLE NITRIC OXIDE SYNTHASE OXYGENASE DIMER, TETRAHYDROBIOPTERIN AND 4R-FLUORO-N6-ETHANIMIDOYL-L-LYSINE"
"ST_1838","NOS","1VAF","Mus musculus","Inducible nitric oxide synthase oxygenase domain complexed with the inhibitor AR-R17477"
"ST_1839","NOS","2ORO","Mus musculus","Murine inducible nitric oxide synthase oxygenase domain (delta 114) (r)-1-(2-imidazol-1-yl-6-methyl-pyrimidin-4-yl)-pyrrolidine-2-carboxylic acid (2-b"
"ST_1840","NOS","2ORP","Mus musculus","Murine inducible nitric oxide synthase oxygenase domain (delta 114) 2-[4-(2-Imidazol-1-yl-6-methyl-pyrimidin-4-yl)-1-isobutyryl-piperazin-2-yl]-N-[2-("
"ST_1841","NOS","2ORQ","Mus musculus","Murine Inducible Nitric Oxide Synthase Oxygenase Domain (DELTA 114) 4-(imidazol-1-yl)phenol and piperonylamine Complex"
"ST_1842","NOS","2ORR","Mus musculus","Murine Inducible Nitric Oxide Synthase Oxygenase Domain (Delta 114) 4-(Benzo[1,3]dioxol-5-yloxy)-2-(4-imidazol-1-yl-phenoxy)-pyrimidine Complex"
"ST_1843","NOS","2ORS","Mus musculus","Murine Inducible Nitric Oxide Synthase Oxygenase Domain (DELTA 114) 4-(Benzo[1,3]dioxol-5-yloxy)-2-(4-imidazol-1-yl-phenoxy)-6-methyl-pyrimidine Compl"
"ST_1844","NOS","2ORT","Mus musculus","Murine Inducible Nitric Oxide Synthase Oxygenase Domain (Delta 114) 1-Benzo[1,3]dioxol-5-ylmethyl-3S-(4-imidazol-1-yl-phenoxy)-piperidine Complex"
"ST_1845","NOS","3DWJ","Mus musculus","Heme-proximal W188H mutant of inducible nitric oxide synthase"
"ST_1846","NOS","3E7I","Mus musculus","Structure of murine inos oxygenase domain with inhibitor AR-C94864"
"ST_1847","NOS","3E7M","Mus musculus","Structure of murine iNOS oxygenase domain with inhibitor AR-C95791"
"ST_1848","NOS","3E7T","Mus musculus","Structure of murine iNOS oxygenase domain with inhibitor AR-C102222"
"ST_1849","NOS","3EAI","Mus musculus","Structure of inhibited murine iNOS oxygenase domain"
"ST_1850","NOS","3EBD","Mus musculus","Structure of inhibited murine iNOS oxygenase domain"
"ST_1851","NOS","3EBF","Mus musculus","Structure of inhibited murine iNOS oxygenase domain"
"ST_1852","NOS","3EJ8","Homo Sapiens","Structure of double mutant of human iNOS oxygenase domain with bound immidazole"
"ST_1853","NOS","3NQS","Mus musculus","Crystal Structure of Inducible Nitric Oxide Synthase with N-Nitrosated-pterin"
"ST_1854","NOS","4CX7","Homo Sapiens","Structure of human iNOS heme domain in complex with (R)-6-(3-AMINO-2-(5-(2-(6-AMINO-4- METHYLPYRIDIN-2-YL)ETHYL)PYRIDIN-3-YL)PROPYL)-4- METHYLPYRIDIN-"
"ST_1855","NOS","4UX6","Mus musculus","The discovery of novel, potent and highly selective inhibitors of inducible nitric oxide synthase (iNOS)"
"ST_1856","NOS","5XN3","Homo Sapiens","Crystal structure of SPSB2 in complex with a rational designed RGD containing cyclic peptide inhibitor of SPSB2-iNOS interaction"
"ST_1857","NOS","3HR4","Homo sapiens","Human iNOS Reductase and Calmodulin Complex"
"ST_1858","CCL5","5CMD","Homo Sapiens","Oligomer crystal structure of CC chemokine 5 (CCL5)"
"ST_1859","CCL5","5COY","Homo Sapiens","Crystal structure of CC chemokine 5 (CCL5)"
"ST_1860","CCL5","5L2U","Homo Sapiens","Oligomer crystal structure of CC chemokine 5 (CCL5)"
"ST_1861","CCL5","2L9H","Homo Sapiens","Oligomeric Structure of the Chemokine CCL5/RANTES from NMR, MS, and SAXS Data"
"ST_1862","CCL5","5DNF","Homo Sapiens","Crystal structure of CC chemokine 5 (CCL5) oligomer in complex with heparin"
"ST_1863","CCL5","5COR","Homo Sapiens","X-RAY STRUCTURE OF MACROPHAGE INFLAMMATORY PROTEIN-1 ALPHA (CCL3) N-TERMINAL-SWITCH POLYMER"
"ST_1864","CCL5","5D65","Homo Sapiens","X-RAY STRUCTURE OF MACROPHAGE INFLAMMATORY PROTEIN-1 ALPHA (CCL3) WITH HEPARIN COMPLEX"
"ST_1865","CCL5","5UIW","Homo sapiens, Clostridium pasteurianum","Crystal Structure of CC Chemokine Receptor 5 (CCR5) in complex with high potency HIV entry inhibitor 5P7-CCL5"
"ST_1866","CCL5","6FGP","Homo Sapiens","NMR solution structure of monomeric CCL5 in complex with a doubly-sulfated N-terminal segment of CCR5"
"ST_1867","CCL5","1U4L","Homo Sapiens","human RANTES complexed to heparin-derived disaccharide I-S"
"ST_1868","CCL5","1U4M","Homo Sapiens","human RANTES complexed to heparin-derived disaccharide III-S"
"ST_1869","CCL5","1U4P","Homo Sapiens","Crystal Structure of human RANTES mutant K45E"
"ST_1870","CCL5","1U4R","Homo Sapiens","Crystal Structure of human RANTES mutant 44-AANA-47"
"ST_1871","VDR","5OW7","Homo sapiens, Danio rerio","VDR complex"
"ST_1872","VDR","3M7R","Homo Sapiens","Crystal structure of VDR H305Q mutant"
"ST_1873","VDR","1S0Z","Homo Sapiens","Crystal structure of the VDR LBD complexed to seocalcitol."
"ST_1874","VDR","3B0T","Homo Sapiens","Human VDR ligand binding domain in complex with maxacalcitol"
"ST_1875","VDR","3VT3","Rattus norvegicus","Crystal structures of rat VDR-LBD with R270L mutation"
"ST_1876","VDR","3VT4","Rattus norvegicus","Crystal structures of rat VDR-LBD with R270L mutation"
"ST_1877","VDR","3VT5","Rattus norvegicus","Crystal structures of rat VDR-LBD with R270L mutation"
"ST_1878","VDR","3VT7","Rattus norvegicus","Crystal structures of rat VDR-LBD with W282R mutation"
"ST_1879","VDR","3VT8","Rattus norvegicus","Crystal structures of rat VDR-LBD with W282R mutation"
"ST_1880","VDR","3VT9","Rattus norvegicus","Crystal structures of rat VDR-LBD with W282R mutation"
"ST_1881","VDR","5GIC","Homo sapiens, Rattus norvegicus","Crystal structure of VDR in complex with DLAM-2P"
"ST_1882","VDR","5MX7","Homo sapiens, Danio rerio","1a,20S-dihydroxyvitamin D3 VDR complex"
"ST_1883","VDR","1YNW","Homo Sapiens","Crystal Structure of Vitamin D Receptor and 9-cis Retinoic Acid Receptor DNA-Binding Domains Bound to a DR3 Response Element"
"ST_1884","VDR","1S19","Homo Sapiens","Crystal structure of VDR ligand binding domain complexed to calcipotriol."
"ST_1885","VDR","1TXI","Homo Sapiens","Crystal structure of the vdr ligand binding domain complexed to TX522"
"ST_1886","VDR","2HAM","Homo Sapiens","Crystal structure of VDR LBD complexed to 2alpha-propyl-calcitriol"
"ST_1887","VDR","2HAS","Homo Sapiens","Crystal structure of VDR LBD in complex with 2alpha-(1-propoxy) calcitriol"
"ST_1888","VDR","2HB8","Homo Sapiens","Crystal structure of VDR LBD in complex with 2alpha-methyl calcitriol"
"ST_1889","VDR","2HC4","Homo sapiens, Danio rerio","Crystal structure of the LBD of VDR of Danio rerio in complex with calcitriol"
"ST_1890","VDR","5AWJ","Homo sapiens, Rattus norvegicus","Crystal structure of VDR-LBD/partial agonist complex: 22S-hexyl analogue"
"ST_1891","VDR","5AWK","Homo sapiens, Rattus norvegicus","Crystal structure of VDR-LBD/partial agonist complex: 22S-ethyl analogue"
"ST_1892","VDR","5GID","Homo sapiens, Rattus norvegicus","Crystal structure of VDR in complex with DLAM-4 (C2 form)"
"ST_1893","VDR","5GIE","Homo sapiens, Rattus norvegicus","Crystal structure of VDR in complex with DLAM-4P (P21 form)"
"ST_1894","VDR","1KB2","Homo Sapiens","Crystal Structure of VDR DNA-binding Domain Bound to Mouse Osteopontin (SPP) Response Element"
"ST_1895","VDR","1KB4","Homo Sapiens","Crystal Structure of VDR DNA-binding Domain Bound to a Canonical Direct Repeat with Three Base Pair Spacer (DR3) Response Element"
"ST_1896","VDR","1KB6","Homo Sapiens","Crystal Structure of VDR DNA-binding Domain Bound to Rat Osteocalcin (OC) Response Element"
"ST_1897","VDR","2HAR","Homo Sapiens","Crystal structure of VDR LBD in complex with 2 alpha-(3-hydroxy-1-propoxy) calcitriol"
"ST_1898","VDR","2HB7","Homo Sapiens","Crystal structure of VDR LBD in complex with 2alpha(3-hydroxy-1-propyl) calcitriol"
"ST_1899","VDR","3A3Z","Homo Sapiens","Crystal structure of the human VDR ligand binding domain bound to the synthetic agonist compound 2alpha-methyl-AMCR277A(C23S)"
"ST_1900","VDR","3A40","Homo Sapiens","Crystal structure of the human VDR ligand binding domain bound to the synthetic agonist compound 2alpha-methyl-AMCR277B(C23R)"
"ST_1901","VDR","3AFR","Xenopus tropicalis, Rattus norvegicus","Crystal Structure of VDR-LBD/22S-Butyl-1a,24R-dihydroxyvitamin D3 complex"
"ST_1902","VDR","3VRT","Rattus norvegicus, Homo sapiens","VDR ligand binding domain in complex with 2-Mehylidene-19,25,26,27-tetranor-1alpha,24-dihydroxyvitaminD3"
"ST_1903","VDR","3VRU","Rattus norvegicus, Homo sapiens","VDR ligand binding domain in complex with 2-Methylidene-19,24-dinor-1alpha,25-dihydroxy vitaminD3"
"ST_1904","VDR","3VRV","Rattus norvegicus, Homo sapiens","VDR ligand binding domain in complex with 2-Methylidene-26,27-dimethyl-19,24-dinor-1alpha,25-dihydroxyvitamin D3"
"ST_1905","VDR","3W0G","Rattus norvegicus, Homo sapiens","Crystal Structure of Rat VDR Ligand Binding Domain in Complex with Novel Nonsecosteroidal Ligands"
"ST_1906","VDR","3W0H","Rattus norvegicus, Homo sapiens","Crystal Structure of Rat VDR Ligand Binding Domain in Complex with Novel Nonsecosteroidal Ligands"
"ST_1907","VDR","3W0I","Rattus norvegicus, Homo sapiens","Crystal Structure of Rat VDR Ligand Binding Domain in Complex with Novel Nonsecosteroidal Ligands"
"ST_1908","VDR","3W0J","Rattus norvegicus, Homo sapiens","Crystal Structure of Rat VDR Ligand Binding Domain in Complex with Novel Nonsecosteroidal Ligands"
"ST_1909","VDR","3WTQ","Rattus norvegicus, Homo sapiens","Crystal structure of VDR-LBD complexed with 22S-butyl-2-methylidene-19-nor-1a,25-dihydroxyvitamin D3"
"ST_1910","VDR","5B41","Rattus norvegicus, Homo sapiens","Crystal structure of VDR-LBD complexed with 2-methylidene-19-nor-1a,25-dihydroxyvitamin D3"
"ST_1911","VDR","5B5B","Rattus norvegicus, Homo sapiens","Crystal structure of VDR-LBD complexed with 2-methylidene-26,27-diphenyl-19-nor-1,25-dihydroxyvitamin D3"
"ST_1912","VDR","5XPO","Rattus norvegicus, Homo sapiens","Crystal structure of VDR-LBD complexed with 25-(hydroxyphenyl)-2-methylidene-19,26,27-trinor-25-oxo-1-hydroxyvitamin D3"
"ST_1913","VDR","5XPP","Rattus norvegicus, Homo sapiens","Crystal structure of VDR-LBD complexed with 25RS-(Hydroxyphenyl)-2-methylidene-19,26,27-trinor-1,25-dihydroxyvitamin D3"
"ST_1914","VDR","1DB1","Homo Sapiens","CRYSTAL STRUCTURE OF THE NUCLEAR RECEPTOR FOR VITAMIN D COMPLEXED TO VITAMIN D"
"ST_1915","VDR","2ZFX","Rattus norvegicus, Homo sapiens","Crystal structure of the rat vitamin D receptor ligand binding domain complexed with YR301 and a synthetic peptide containing the NR2 box of DRIP 205"
"ST_1916","VDR","5V39","Homo Sapiens","Crystal structure of human vitamin D receptor ligand binding domain in complex with a VDRM"
"ST_1917","VDR","3A78","Homo Sapiens","Crystal structure of the human VDR ligand binding domain bound to the natural metabolite 1alpha,25-dihydroxy-3-epi-vitamin D3"
"ST_1918","VDR","3VRW","Rattus norvegicus, Homo sapiens","VDR ligand binding domain in complex with 22S-Butyl-2-methylidene-26,27-dimethyl-19,24-dinor-1alpha,25-dihydroxyvitamin D3"
"ST_1919","VDR","3VT6","Rattus norvegicus","Crystal structure of rat VDR-LBD with 2-Substituted-16-ene-22-thia-1alpha,25-dihydroxy-26,27-dimethyl-19-norvitamin D3"
"ST_1920","VDR","3WT7","Rattus norvegicus, Homo sapiens","Crystal structure of VDR-LBD complexed with 22R-Butyl-2-methylidene-26,27-dimethyl-19,24-dinor-1 ,25-dihydroxyvitamin D3"
"ST_1921","VDR","5XPL","Homo sapiens, Rattus norvegicus","Crystal structure of VDR-LBD complexed with 22S-butyl-25-hydroxyphenyl-2-methylidene-19,26,27-trinor-25-oxo-1-hydroxyvitamin D3"
"ST_1922","VDR","5XPM","Homo sapiens, Rattus norvegicus","Crystal structure of VDR-LBD complexed with 22S-Butyl-25RS-(hydroxyphenyl)-25-methoxy-2-methylidene-19,26,27-trinor-1-hydroxyvitamin D3"
"ST_1923","VDR","5XUQ","Homo sapiens, Rattus norvegicus","Crystal structure of VDR-LBD complexed with an antagonist, 2-methylidene-19,26,27-trinor-22-(S)-butyl-1-hydroxy-25-oxo-25-(1H-pyrrol-2-yl)- vitamin D3"
"ST_1924","VDR","2O4J","Homo sapiens, Rattus norvegicus","Crystal Structure of Rat Vitamin D Receptor Ligand Binding Domain Complexed with VitIII 17-20Z and the NR2 Box of DRIP 205"
"ST_1925","VDR","2O4R","Homo sapiens, Rattus norvegicus","Crystal Structure of Rat Vitamin D Receptor Ligand Binding Domain Complexed with VitIII 17-20E and the NR2 Box of DRIP 205"
"ST_1926","VDR","1IE8","Homo Sapiens","Crystal Structure Of The Nuclear Receptor For Vitamin D Ligand Binding Domain Bound to KH1060"
"ST_1927","VDR","1IE9","Homo Sapiens","Crystal Structure Of The Nuclear Receptor For Vitamin D Ligand Binding Domain Bound to MC1288"
"ST_1928","VDR","3AUQ","Homo Sapiens","Crystal structure of the human vitamin D receptor ligand binding domain complexed with Yne-diene type analog of active 14-epi-2alpha-methyl-19-norvita"
"ST_1929","VDR","3AUR","Homo Sapiens","Crystal structure of the human vitamin D receptor ligand binding domain complexed with Yne-diene type analog of active 14-epi-2beta-methyl-19-norvitam"
"ST_1930","VDR","3AX8","Homo Sapiens","Crystal structure of the human vitamin D receptor ligand binding domain complexed with 15alpha-methoxy-1alpha,25-dihydroxyvitamin D3"
"ST_1931","VDR","3AZ1","Homo Sapiens","Crystal Structure Analysis of Vitamin D receptor"
"ST_1932","VDR","3AZ2","Homo Sapiens","Crystal Structure Analysis of Vitamin D receptor"
"ST_1933","VDR","3AZ3","Homo Sapiens","Crystal Structure Analysis of Vitamin D receptor"
"ST_1934","VDR","3VHW","Homo Sapiens","Crystal structure of the human vitamin D receptor ligand binding domain complexed with 4-MP"
"ST_1935","VDR","3X31","Homo Sapiens","Crystal structure of the human vitamin D receptor ligand binding domain complexed with 7,8-cis-14-epi-1a,25-Dihydroxy-19-norvitamin D3"
"ST_1936","VDR","3X36","Homo Sapiens","Crystal structure of the human vitamin D receptor ligand binding domain complexed with 7,8-cis-1a,25-Dihydroxy-19-norvitamin D3"
"ST_1937","VDR","4ITE","Homo Sapiens","Crystal structure of the human vitamin D receptor ligand binding domain complexed with 1alpha,25-Dihydroxy-2alpha-[2-(2H-tetrazol-2-yl)ethyl]vitamin D"
"ST_1938","VDR","4ITF","Homo Sapiens","Crystal structure of the human vitamin D receptor ligand binding domain complexed with 1alpha,25-Dihydroxy-2alpha-[2-(1H-tetrazole-1-yl)ethyl]vitamin "
"ST_1939","VDR","5YSY","Homo Sapiens","Crystal structure of the human vitamin D receptor ligand binding domain complexed with (1R,2R,3R)-5-[(E)-2-{(1R,3aS,7aR)-1-[(R)-6-hydroxy-6-methylhept"
"ST_1940","VDR","5YT2","Homo Sapiens","Crystal structure of the human vitamin D receptor ligand binding domain complexed with (1R,2S,3R)-5-[(E)-2-{(1R,3aS,7aR)-1-[(R)-6-hydroxy-6-methylhept"
"ST_1941","VDR","4YNK","Homo sapiens, Rattus norvegicus","Crystal structure of vitamin D receptor ligand binding domain complexed with a 19-norvitamin D compound"
"ST_1942","VDR","3CS4","Homo Sapiens","Structure-based design of a superagonist ligand for the vitamin D nuclear receptor"
"ST_1943","VDR","3CS6","Homo Sapiens","Structure-based design of a superagonist ligand for the vitamin D nuclear receptor"
"ST_1944","VDR","3OGT","Homo Sapiens","Design, Chemical synthesis, Functional characterization and Crystal structure of the sidechain analogue of 1,25-dihydroxyvitamin D3."
"ST_1945","VDR","3TKC","Homo Sapiens","Design, Synthesis, Evaluation and Structure of Vitamin D Analogues with Furan Side Chains"
"ST_1946","VDR","3VJS","Homo sapiens, Rattus norvegicus","Vitamin D receptor complex with a carborane compound"
"ST_1947","VDR","3VJT","Homo sapiens, Rattus norvegicus","Vitamin D receptor complex with a carborane compound"
"ST_1948","VDR","3W5R","Homo sapiens, Rattus norvegicus","Crystal structure of complexes of vitamin D receptor ligand binding domain with lithocholic acid derivatives"
"ST_1949","VDR","3WT5","Homo sapiens, Rattus norvegicus","A mixed population of antagonist and agonist binding conformers in a single crystal explains partial agonism against vitamin D receptor: Active vitami"
"ST_1950","VDR","3WT6","Homo sapiens, Rattus norvegicus","A mixed population of antagonist and agonist binding conformers in a single crystal explains partial agonism against vitamin D receptor: Active vitami"
"ST_1951","VDR","4G2I","Homo Sapiens","Structural basis for the accommodation of bis- and tris-aromatic derivatives in Vitamin D Nuclear Receptor"
"ST_1952","VDR","5E7V","Homo sapiens, Danio rerio","Potent Vitamin D Receptor Agonist"
"ST_1953","VDR","5GT4","Homo Sapiens","Crystal structure of the human vitamin D receptor ligand binding domain complexed with (1R,2S,3R,5Z,7E,14beta,17alpha)-2-cyanopropoxy-9,10-secocholest"
"ST_1954","VDR","5H1E","Rattus norvegicus, Homo sapiens","Interaction between vitamin D receptor and coactivator peptide SRC2-3"
"ST_1955","VDR","5NKY","Homo sapiens, Danio rerio","Structure-activity relationship study of vitamin D analogs with oxolane group in their side chain"
"ST_1956","VDR","5NMA","Homo sapiens, Danio rerio","Structure-activity relationship study of vitamin D analogs with oxolane group in their side chain"
"ST_1957","VDR","5NMB","Homo sapiens, Danio rerio","Structure-activity relationship study of vitamin D analogs with oxolane group in their side chain"
"ST_1958","VDR","3A2H","Homo sapiens, Rattus norvegicus","Crystal structure of the rat vitamin D receptor ligand binding domain complexed with TEI-9647 and a synthetic peptide containing the NR2 box of DRIP 2"
"ST_1959","VDR","3A2I","Homo Sapiens","Crystal structure of the human vitamin D receptor (H305F) ligand binding domain complexed with TEI-9647"
"ST_1960","VDR","3A2J","Homo Sapiens","Crystal structure of the human vitamin D receptor (H305F/H397F) ligand binding domain complexed with TEI-9647"
"ST_1961","VDR","3P8X","Homo Sapiens","Synthesis, Structure, and Biological Activity of des-Side Chain Analogues of 1alpha,25-Dihydroxyvitamin D3 with Substituents at C-18"
"ST_1962","VDR","3W0A","Homo Sapiens","Crystal Structure Analysis of Vitamin D receptor"
"ST_1963","VDR","3W0C","Homo Sapiens","Crystal Structure Analysis of Vitamin D receptor"
"ST_1964","VDR","3W0Y","Homo Sapiens","Crystal Structure Analysis of Vitamin D receptor"
"ST_1965","VDR","3WWR","Homo Sapiens","Crystal structure of the human vitamin D receptor ligand binding domain complexed with 1-((((1S,2R,6R,Z)-2,6-dihydroxy-4-((E)-2-((1R,3aS,7aR)-1-((R)-6"
"ST_1966","VDR","3KPZ","Homo Sapiens","Crystal structure of a novel vitamin D3 analogue, ZK203278 showing dissociated profile"
"ST_1967","VDR","3VTB","Rattus norvegicus","Crystal structure of rat vitamin D receptor bound to a partial agonist 25-adamantyl-23-yne-19-norvitammin D ADTK1"
"ST_1968","VDR","3VTC","Rattus norvegicus","Crystal structure of rat vitamin D receptor bound to a partial agonist 26-adamantyl-23-yne-19-norvitammin D ADTK3"
"ST_1969","VDR","3VTD","Rattus norvegicus","Crystal structure of rat vitamin D receptor bound to a partial agonist 26-adamantyl-23-yne-19-norvitammin D ADTK4"
"ST_1970","VDR","3W5P","Homo sapiens, Rattus norvegicus","Crystal structure of complexes of vitamin D receptor ligand binding domain with lithocholic acid derivatives"
"ST_1971","VDR","3W5Q","Homo sapiens, Rattus norvegicus","Crystal structure of complexes of vitamin D receptor ligand binding domain with lithocholic acid derivatives"
"ST_1972","VDR","3W5T","Homo sapiens, Rattus norvegicus","Crystal structure of complexes of vitamin D receptor ligand binding domain with lithocholic acid derivatives"
"ST_1973","VDR","3WGP","Homo Sapiens","Crystal Structure Analysis of Vitamin D receptor"
"ST_1974","VDR","5LGA","Danio rerio, Homo sapiens","Structural analysis and biological activities of BXL0124, a Gemini analog of Vitamin D"
"ST_1975","VDR","6FO8","Danio rerio","Vitamin D nuclear receptor complex 4"
"ST_1976","VDR","6FO9","Danio rerio","Vitamin D nuclear receptor complex 2"
"ST_1977","VDR","6FOB","Danio rerio","Vitamin D receptor complex 5"
"ST_1978","VDR","6FOD","Danio rerio","Vitamin D nuclear receptor complex 1"
"ST_1979","VDR","2ZL9","Rattus norvegicus","2-Substituted-16-ene-22-thia-1alpha,25-dihydroxy-26,27-dimethyl-19-norvitamin D3 analogs: Synthesis, biological evaluation and crystal structure"
"ST_1980","VDR","2ZLA","Rattus norvegicus","2-Substituted-16-ene-22-thia-1alpha,25-dihydroxy-26,27-dimethyl-19-norvitamin D3 analogs: Synthesis, biological evaluation and crystal structure"
"ST_1981","VDR","2ZLC","Rattus norvegicus","2-Substituted-16-ene-22-thia-1alpha,25-dihydroxy-26,27-dimethyl-19-norvitamin D3 analogs: Synthesis, biological evaluation and crystal structure"
"ST_1982","VDR","2ZMH","Rattus norvegicus","Crystal Structure of Rat Vitamin D Receptor Bound to Adamantyl Vitamin D Analogs: Structural Basis for Vitamin D Receptor Antagonism and/or Partial Ag"
"ST_1983","VDR","2ZMI","Rattus norvegicus","Crystal Structure of Rat Vitamin D Receptor Bound to Adamantyl Vitamin D Analogs: Structural Basis for Vitamin D Receptor Antagonism and/or Partial Ag"
"ST_1984","VDR","2ZMJ","Rattus norvegicus","Crystal Structure of Rat Vitamin D Receptor Bound to Adamantyl Vitamin D Analogs: Structural Basis for Vitamin D Receptor Antagonism and/or Partial Ag"
"ST_1985","VDR","2ZXM","Xenopus tropicalis, Rattus norvegicus","A New Class of Vitamin D Receptor Ligands that Induce Structural Rearrangement of the Ligand-binding Pocket"
"ST_1986","VDR","2ZXN","Xenopus tropicalis, Rattus norvegicus","A New Class of Vitamin D Receptor Ligands that Induce Structural Rearrangement of the Ligand-binding Pocket"
"ST_1987","VDR","3DR1","Danio rerio, Homo sapiens","Side-chain fluorine atoms of non-steroidal vitamin D3 analogs stabilize helix 12 of vitamin D receptor"
"ST_1988","VDR","4FHH","Homo sapiens, Danio rerio","Development of synthetically accessible non-secosteroidal hybrid molecules combining vitamin D receptor agonism and histone deacetylase inhibition"
"ST_1989","VDR","5OW9","Homo sapiens, Danio rerio","Vitamin D receptor complex"
"ST_1990","VDR","5OWD","Homo sapiens, Danio rerio","Vitamin D receptor complex"
"ST_1991","VDR","6FO7","Homo sapiens, Danio rerio","Vitamin D nuclear receptor complex 3"
"ST_1992","VDR","1RJK","Homo sapiens, Rattus norvegicus","crystal structure of the rat vitamin D receptor ligand binding domain complexed with 2MD and a synthetic peptide containing the NR2 box of DRIP 205"
"ST_1993","VDR","1RK3","Homo sapiens, Rattus norvegicus","crystal structure of the rat vitamin D receptor ligand binding domain complexed with 1,25-dihydroxyvitamin D3 and a synthetic peptide containing the N"
"ST_1994","VDR","1RKG","Homo sapiens, Rattus norvegicus","crystal structure of the rat vitamin D receptor ligand binding domain complexed with 2MbisP and a synthetic peptide containing the NR2 box of DRIP 205"
"ST_1995","VDR","1RKH","Homo sapiens, Rattus norvegicus","crystal structure of the rat vitamin D receptor ligand binding domain complexed with 2AM20R and a synthetic peptide containing the NR2 box of DRIP 205"
"ST_1996","VDR","3O1D","Danio rerio, Homo sapiens","Structure-function study of Gemini derivatives with two different side chains at C-20, Gemini-0072 and Gemini-0097."
"ST_1997","VDR","3O1E","Danio rerio, Homo sapiens","Structure-function of Gemini derivatives with two different side chains at C-20, Gemini-0072 and Gemini-0097."
"ST_1998","VDR","4G1D","Danio rerio, Homo sapiens","Structural basis for the accommodation of bis- and tris-aromatic derivatives in Vitamin D Nuclear Receptor"
"ST_1999","VDR","4G1Y","Danio rerio, Homo sapiens","Structural basis for the accommodation of bis- and tris-aromatic derivatives in Vitamin D Nuclear Receptor"
"ST_2000","VDR","4G1Z","Danio rerio, Homo sapiens","Structural basis for the accommodation of bis- and tris-aromatic derivatives in Vitamin D Nuclear Receptor"
"ST_2001","VDR","4G20","Danio rerio, Homo sapiens","Structural basis for the accommodation of bis- and tris-aromatic derivatives in Vitamin D Nuclear Receptor"
"ST_2002","VDR","4G21","Danio rerio, Homo sapiens","Structural basis for the accommodation of bis- and tris-aromatic derivatives in Vitamin D Nuclear Receptor"
"ST_2003","VDR","4G2H","Danio rerio, Homo sapiens","Structural basis for the accommodation of bis- and tris-aromatic derivatives in Vitamin D Nuclear Receptor"
"ST_2004","VDR","4IA1","Danio rerio, Homo sapiens","Diastereotopic and Deuterium Effects in Gemini"
"ST_2005","VDR","4IA2","Danio rerio, Homo sapiens","Diastereotopic and Deuterium Effects in Gemini"
"ST_2006","VDR","4IA3","Danio rerio, Homo sapiens","Diastereotopic and Deuterium Effects in Gemini"
"ST_2007","VDR","4IA7","Danio rerio, Homo sapiens","Diastereotopic and Deuterium Effects in Gemini"
"ST_2008","VDR","4Q0A","Danio rerio, Homo sapiens","Vitamin D Receptor complex with lithocholic acid"
"ST_2009","VDR","4RUJ","Danio rerio, Homo sapiens","Crystal structure of zVDR L337H mutant-VD complex"
"ST_2010","VDR","4RUO","Danio rerio, Homo sapiens","Crystal structure of zVDR L337H mutant-gemini complex"
"ST_2011","VDR","4RUP","Danio rerio, Homo sapiens","Crystal structure of zVDR L337H mutant-Gemini72 complex"
"ST_2012","VDR","3AUN","Rattus norvegicus, Homo sapiens","Crystal structure of the rat vitamin D receptor ligand binding domain complexed with YR335 and a synthetic peptide containing the NR2 box of DRIP 205"
"ST_2013","SR-A","1BY2","Homo Sapiens","STRUCTURE OF M2BP SCAVENGER RECEPTOR CYSTEINE-RICH DOMAIN"
"ST_2014","SR-A","2OX8","Homo Sapiens","Human Scavenger Receptor C-type Lectin carbohydrate-recognition domain."
"ST_2015","SR-A","2OX9","Mus musculus","Mouse Scavenger Receptor C-type Lectin carbohydrate-recognition domain."
"ST_2016","SR-A","5KTF","Mus musculus","Structure of the C-terminal transmembrane domain of scavenger receptor BI (SR-BI)"
"ST_2017","SR-A","5HRJ","Sus scrofa","Crystal structure of the scavenger receptor cysteine-rich domain 5 (SRCR5) from porcine CD163"
"ST_2018","SR-A","5JFB","Sus scrofa","Crystal structure of the scavenger receptor cysteine-rich domain 5 (SRCR5) from porcine CD163"
"ST_2019","SR-A","1P57","Homo Sapiens","Extracellular domain of human hepsin"
"ST_2020","SR-A","2JOP","Homo Sapiens","Solution structure of the N-terminal extracellular domain of the lymphocyte receptor CD5 (CD5 domain 1)"
"ST_2021","SR-A","2JP0","Homo Sapiens","Solution structure of the N-terminal extraceullular domain of the lymphocyte receptor CD5 calculated using inferential structure determination (ISD)"
"ST_2022","SR-A","2OY3","Mus musculus","Crystal structure analysis of the monomeric SRCR domain of mouse MARCO"
"ST_2023","SR-A","2OYA","Mus musculus","Crystal structure analysis of the dimeric form of the SRCR domain of mouse MARCO"
"ST_2024","SR-A","3NGH","Mus musculus","Molecular Analysis of the Interaction of the HDL Receptor SR-BI with the Adaptor Protein PDZK1"
"ST_2025","SR-A","3R68","Mus musculus","Molecular Analysis of the PDZ3 domain of PDZK1"
"ST_2026","SR-A","3R69","Mus musculus","Molecular analysis of the interaction of the HDL-receptor SR-BI with the PDZ3 domain of its adaptor protein PDZK1"
"ST_2027","SR-A","4TVZ","Homo Sapiens","Crystal Structure of SCARB2 in Neural Condition (pH7.5)"
"ST_2028","SR-A","4TW2","Homo Sapiens","Crystal Structure of SCARB2 in Neural Condition (pH7.5)"
"ST_2029","SR-A","5A2E","Homo Sapiens","Extracellular SRCR domains of human CD6"
"ST_2030","SR-A","4F7B","Homo Sapiens","Structure of the lysosomal domain of limp-2"
"ST_2031","SR-A","4Q4B","Homo Sapiens","Crystal structure of LIMP-2 (space group C2221)"
"ST_2032","SR-A","4Q4F","Homo Sapiens","Crystal structure of LIMP-2 (space group C2)"
"ST_2033","SR-A","5N86","Homo Sapiens","Crystal structure of FAS1 domain of hyaluronic acid receptor stabilin-2"
"ST_2034","SR-A","5UPH","Homo Sapiens","Lipids bound lysosomal integral membrane protein 2"
"ST_2035","SR-A","5XBM","Homo Sapiens","Structure of SCARB2-JL2 complex"
"ST_2036","SR-A","5LGD","Homo Sapiens","The CIDRa domain from MCvar1 PfEMP1 bound to CD36"
"ST_2037","SR-A","4TW0","Homo sapiens, Plasmodium falciparum","Crystal Structure of SCARB2 in Acidic Condition (pH4.8)"
"ST_2038","SR-A","1YXJ","Homo Sapiens","Crystal structure of human lectin-like oxidized low-density lipoprotein receptor 1 (LOX-1) at low pH"
"ST_2039","SR-A","1YXK","Homo Sapiens","Crystal structure of human lectin-like oxidized low-density lipoprotein receptor 1 (LOX-1) disulfide-linked dimer"
"ST_2040","SR-A","1O5E","Homo Sapiens","Dissecting and Designing Inhibitor Selectivity Determinants at the S1 site Using an Artificial Ala190 Protease (Ala190 uPA)"
"ST_2041","SR-A","1O5F","Homo Sapiens","Dissecting and Designing Inhibitor Selectivity Determinants at the S1 site Using an Artificial Ala190 Protease (Ala190 uPA)"
"ST_2042","SR-A","4WEB","Hepatitis C virus subtype 2a","Structure of the core ectodomain of the hepatitis C virus envelope glycoprotein 2"
"ST_2043","SR-A","3O3U","Homo sapiens, Escherichia coli (strain K12)","Crystal Structure of Human Receptor for Advanced Glycation Endproducts (RAGE)"
"ST_2044","SR-A","1I0U","Homo Sapiens","SOLUTION STRUCTURE AND BACKBONE DYNAMICS OF A CONCATEMER OF EGF-HOMOLOGY MODULES OF THE HUMAN LOW DENSITY LIPOPROTEIN RECEPTOR"
"ST_2045","SR-A","1HZ8","Homo Sapiens","SOLUTION STRUCTURE AND BACKBONE DYNAMICS OF A CONCATEMER OF EGF-HOMOLOGY MODULES OF THE HUMAN LOW DENSITY LIPOPROTEIN RECEPTOR"
"ST_2046","SR-A","1L0Q","Methanosarcina mazei","Tandem YVTN beta-propeller and PKD domains from an archaeal surface layer protein"
"ST_2047","Marco","1AN1","Hirudo medicinalis,Â  Sus scrofa","LEECH-DERIVED TRYPTASE INHIBITOR/TRYPSIN COMPLEX"
"ST_2048","Marco","1BX7","Hirudo medicinalis","HIRUSTASIN FROM HIRUDO MEDICINALIS AT 1.2 ANGSTROMS"
"ST_2049","Marco","1BX8","Hirudo medicinalis","HIRUSTASIN FROM HIRUDO MEDICINALIS AT 1.4 ANGSTROMS"
"ST_2050","Marco","1CP3","Homo sapiens","CRYSTAL STRUCTURE OF THE COMPLEX OF APOPAIN WITH THE TETRAPEPTIDE INHIBITOR ACE-DVAD-FMC"
"ST_2051","Marco","1DB6","Homo sapiens","SOLUTION STRUCTURE OF THE DNA APTAMER 5'-CGACCAACGTGTCGCCTGGTCG-3' COMPLEXED WITH ARGININAMIDE"
"ST_2052","Marco","1DXP","Hepatitis C virus genotype 1b","Inhibition of the Hepatitis C Virus NS3/4A Protease. The Crystal Structures of Two Protease-Inhibitor Complexes (apo structure)"
"ST_2053","Marco","1DY8","Hepatitis C virus genotype 1b","Inhibition of the Hepatitis C Virus NS3/4A Protease. The Crystal Structures of Two Protease-Inhibitor Complexes (inhibitor II)"
"ST_2054","Marco","1DY9","Hepatitis C virus genotype 1b","Inhibition of the Hepatitis C Virus NS3/4A Protease. The Crystal Structures of Two Protease-Inhibitor Complexes (inhibitor I)"
"ST_2055","Marco","1F9E","Homo sapiens","CASPASE-8 SPECIFICITY PROBED AT SUBSITE S4: CRYSTAL STRUCTURE OF THE CASPASE-8-Z-DEVD-CHO"
"ST_2056","Marco","1H0M","Rhizobium radiobacter","Three-dimensional structure of the quorum sensing protein TraR bound to its autoinducer and to its target DNA"
"ST_2057","Marco","1HIA","Sus scrofa, Hirudo medicinalis","KALLIKREIN COMPLEXED WITH HIRUSTASIN"
"ST_2058","Marco","1IV5","Homo sapiens","New Crystal Form of Human CD81 Large Extracellular Loop."
"ST_2059","Marco","1QDU","Homo sapiens","CRYSTAL STRUCTURE OF THE COMPLEX OF CASPASE-8 WITH THE TRIPEPTIDE KETONE INHIBITOR ZEVD-DCBMK"
"ST_2060","Marco","1UPG","Rhizobium radiobacter","Crystal structure of the quorum-sensing protein TraM from Agrobacterium tumefaciens"
"ST_2061","Marco","1US6","Rhizobium radiobacter","Crystal structure of the quorum-sensing protein TraM from Agrobacterium tumefaciens at 1.65 Ang. resolution"
"ST_2062","Marco","1W22","Homo sapiens","Crystal structure of inhibited human HDAC8"
"ST_2063","Marco","1W3C","Hepatitis C virus genotype 1b","Crystal structure of the Hepatitis C Virus NS3 Protease in complex with a peptidomimetic inhibitor"
"ST_2064","Marco","2BMU","Pyrococcus furiosus (strain ATCC 43587 / DSM 3638 / JCM 8422 / Vc1)","UMP KINASE FROM PYROCOCCUS FURIOSUS COMPLEXED WITH ITS SUBSTRATE UMP AND ITS SUBSTRATE ANALOG AMPPNP"
"ST_2065","Marco","2BRI","Pyrococcus furiosus (strain ATCC 43587 / DSM 3638 / JCM 8422 / Vc1)","UMP KINASE FROM PYROCOCCUS FURIOSUS COMPLEXED WITH ITS SUBSTRATE ANALOG AMPPNP"
"ST_2066","Marco","2BRK","Hepatitis C virus genotype 1b","Crystal structure of Hepatitis C virus polymerase in complex with an allosteric inhibitor (compound 1)"
"ST_2067","Marco","2BRL","Hepatitis C virus genotype 1b","Crystal structure of Hepatitis C virus polymerase in complex with an allosteric inhibitor (compound 2)"
"ST_2068","Marco","2BRX","Pyrococcus furiosus (strain ATCC 43587 / DSM 3638 / JCM 8422 / Vc1)","UMP KINASE FROM PYROCOCCUS FURIOSUS WITHOUT LIGANDS"
"ST_2069","Marco","2ERW","Triatoma infestans","Crystal Structure of Infestin 4Â  a factor XIIa inhibitor"
"ST_2070","Marco","2F3C","Â Triatoma infestans","Crystal structure of infestin 1Â  a Kazal-type serineprotease inhibitorÂ  in complex with trypsin,"
"ST_2071","Marco","2J5T","Escherichia coli (strain K12)","Glutamate 5-kinase from Escherichia coli complexed with glutamate"
"ST_2072","Marco","2J5V","Escherichia coli (strain K12)","GLUTAMATE 5-KINASE FROM ESCHERICHIA COLI COMPLEXED WITH GLUTAMYL-5-PHOSPHATE AND PYROGLUTAMIC ACID"
"ST_2073","Marco","2JI5","Pyrococcus furiosus (strain ATCC 43587 / DSM 3638 / JCM 8422 / Vc1)","Structure of UMP kinase from Pyrococcus furiosus complexed with UTP"
"ST_2074","Marco","2JJ4","Synechococcus elongatus (strain PCC 7942)","The complex of PII and acetylglutamate kinase from Synechococcus elongatus PCC7942"
"ST_2075","Marco","2MHX","NA","Structure of Exocyclic R,R N6,N6-(2,3-Dihydroxy-1,4-butadiyl)-2'-Deoxyadenosine Adduct Induced by 1,2,3,4-Diepoxybutane in DNA"
"ST_2076","Marco","2MHZ","NA","Structure of Exocyclic S,S N6,N6-(2,3-Dihydroxy-1,4-butadiyl)-2'-Deoxyadenosine Adduct Induced by 1,2,3,4-Diepoxybutane in DNA"
"ST_2077","Marco","2O98","Nicotiana tabacum, Nicotiana plumbaginifolia","Structure of the 14-3-3 / H+-ATPase plant complex"
"ST_2078","Marco","2OY3","Mus musculus","Crystal structure analysis of the monomeric SRCR domain of mouse MARCO"
"ST_2079","Marco","2OYA","Mus musculus","Crystal structure analysis of the dimeric form of the SRCR domain of mouse MARCO"
"ST_2080","Marco","2RU1","Arabidopsis thaliana","Solution structure of esf3"
"ST_2081","Marco","2RVH","Saccharomyces cerevisiae (strain ATCC 204508 / S288c)","NMR structure of eIF1"
"ST_2082","Marco","2V5H","Synechococcus elongatus (strain PCC 7942)","Controlling the storage of nitrogen as arginine: the complex of PII and acetylglutamate kinase from Synechococcus elongatus PCC 7942"
"ST_2083","Marco","2V5W","Homo sapiens","Crystal structure of HDAC8-substrate complex"
"ST_2084","Marco","2V5X","Homo sapiens","Crystal structure of HDAC8-inhibitor complex"
"ST_2085","Marco","2W21","Escherichia coli (strain K12)","Crystal structure of the aminoacid kinase domain of the glutamate 5 kinase of Escherichia coli."
"ST_2086","Marco","2WB8","Homo sapiens","Crystal structure of Haspin kinase"
"ST_2087","Marco","2WCX","Hepatitis C virus genotype 1b","Crystal Structure of Hepatitis C Virus NS5B Polymerase in Complex with Thienopyrrole-Based Finger-Loop Inhibitors"
"ST_2088","Marco","2WHO","Hepatitis C virus genotype 1b","CRYSTAL STRUCTURE OF HEPATITIS C VIRUS NS5B POLYMERASE FROM 1B GENOTYPE IN COMPLEX WITH A NON-NUCLEOSIDE INHIBITOR"
"ST_2089","Marco","2WRM","Hepatitis C virus genotype 1b","Identification of Novel Allosteric Inhibitors of Hepatitis C Virus NS5B Polymerase Thumb Domain (Site II) by Structure-Based Design"
"ST_2090","Marco","2WVR","Homo sapiens","Human Cdt1:Geminin complex"
"ST_2091","Marco","2XR9","Rattus norvegicus","Crystal structure of Autotaxin (ENPP2)"
"ST_2092","Marco","2XTJ","Homo sapiens","The crystal structure of PCSK9 in complex with 1D05 Fab"
"ST_2093","Marco","2XWY","Hepatitis C virus genotype 1b","Structure of MK-3281, a Potent Non-Nucleoside Finger-Loop InhibitorÂ  in complex with the Hepatitis C Virus NS5B Polymerase"
"ST_2094","Marco","3HVO","Hepatitis C virus genotype 2b","Structure of the genotype 2B HCV polymerase bound to a NNI"
"ST_2095","Marco","3IIW","Homo sapiens","Crystal structure of Eed in complex with a trimethylated histone H3K27 peptide"
"ST_2096","Marco","3IIY","Homo sapiens","Crystal structure of Eed in complex with a trimethylated histone H1K26 peptide"
"ST_2097","Marco","3IJ0","Homo sapiens","Crystal structure of Eed in complex with a trimethylated histone H3K9 peptide"
"ST_2098","Marco","3IJ1","Homo sapiens","Crystal structure of Eed in complex with a trimethylated histone H4K20 peptide"
"ST_2099","Marco","3IJC","Homo sapiens","Crystal structure of Eed in complex with NDSB-195"
"ST_2100","Marco","3J80","Kluyveromyces lactis (strain ATCC 8585 / CBS 2359 / DSM 70799 / NBRC 1267 / NRRL Y-1140 / WM37) Tria","CryoEM structure of 40S-eIF1-eIF1A preinitiation complex"
"ST_2101","Marco","3J81","Kluyveromyces lactis (strain ATCC 8585 / CBS 2359 / DSM 70799 / NBRC 1267 / NRRL Y-1140 / WM37),Â  S","CryoEM structure of a partial yeast 48S preinitiation complex"
"ST_2102","Marco","3SFK","Plasmodium falciparum","Crystal structure of Plasmodium falciparum dihydroorotate dehydrogenase bound with Inhibitor DSM267"
"ST_2103","Marco","4ARD","Mason-Pfizer monkey virus","Structure of the immature retroviral capsid at 8A resolution by cryo- electron microscopy"
"ST_2104","Marco","4ARG","Mason-Pfizer monkey virus","Structure of the immature retroviral capsid at 8A resolution by cryo- electron microscopy"
"ST_2105","Marco","4B94","Homo sapiens","Crystal structure of human Mps1 TPR domain"
"ST_2106","Marco","4CG8","Homo sapiens","Human choline kinase a1 in complex with compound 14"
"ST_2107","Marco","4CG9","Homo sapiens","Human choline kinase a1 in complex with compound 12"
"ST_2108","Marco","4CGA","Homo sapiens","Human choline kinase a1 in complex with compound 5"
"ST_2109","Marco","4CRT","Homo sapiens","Crystal structure of human monoamine oxidase B in complex with the multi-target inhibitor ASS234"
"ST_2110","Marco","4EPP","Tetrahymena thermophila","Canonical poly(ADP-ribose) glycohydrolase from Tetrahymena thermophila."
"ST_2111","Marco","4OYJ","Homo sapiens","Structure of the apo HOIP PUB domain"
"ST_2112","Marco","4OYK","Homo sapiens","Structure of HOIP PUB domain bound to OTULIN PIM"
"ST_2113","Marco","4R80","Â Northeast Structural Genomics Consortium (NESG) Target OR486","Crystal Structure of a De Novo Designed Beta Sheet Protein,Â  Cystatin FoldÂ  Northeast Structural Genomics Consortium (NESG) Target OR486"
"ST_2114","Marco","4UU4","Pseudomonas aeruginosa (strain ATCC 15692 / DSM 22644 / CIP 104116 / JCM 14847 / LMG 12228 / 1C / PR","Crystal structure of LptHÂ  the LptA homologous periplasmic component of the conserved lipopolysaccharide transport device from Pseudomonas aeruginosa"
"ST_2115","Marco","4XAQ","Homo sapiens","mGluR2 ECD and mGluR3 ECD with ligands"
"ST_2116","Marco","4XAR","Homo sapiens","mGluR2 ECD and mGluR3 ECD complex with ligands"
"ST_2117","Marco","4XAS","Homo sapiens","mGluR2 ECD ligand complex"
"ST_2118","Marco","5CNI","Homo sapiens","mGlu2 with Glutamate"
"ST_2119","Marco","5CNJ","Homo sapiens","mGlur2 with glutamate analog"
"ST_2120","Marco","5CNK","Homo sapiens","mglur3 with glutamate"
"ST_2121","Marco","5CNM","Homo sapiens","mGluR3 complexed with glutamate analog"
"ST_2122","Marco","5FI8","Plasmodium falciparum","Crystal structure of plasmodium falciparum dihydroorotate dehydrogenase bounded with DSM422 (Tetrahydro-2-naphthyl and 2-indanyl triazolopyrimidine)"
"ST_2123","Marco","5FTG","Homo sapiens","Human choline kinase a1 in complex with compound 1-[[4-[2-[4-[[4-(dimethylamino)pyridin-1- yl]methyl]phenoxy]ethoxy]phenyl]methyl]-N, N- dimethyl-pyri"
"ST_2124","Marco","5H7U","Saccharomyces cerevisiae (strain ATCC 204508 / S288c)","NMR structure of eIF3 36-163"
"ST_2125","Marco","5HYN","Homo sapiens","Structure of Human Polycomb Repressive Complex 2 (PRC2) with oncogenic histone H3K27M peptide"
"ST_2126","Marco","5JW3","Influenza A virus","Structure of MEDI8852 Fab Fragment in Complex with H7 HA"
"ST_2127","Marco","5JW4","Influenza A virus,Â  Influenza A virus (strain A/Chicken/Hong Kong/YU22/2002 H5N1 genotype Z)","Structure of MEDI8852 Fab Fragment in Complex with H5 HA"
"ST_2128","Marco","5JW5","NA","Structure of MEDI8852 Fab Fragment"
"ST_2129","Marco","5KPE","Â Northeast Structural Genomics Consortium (NESG) Target OR664","Solution NMR Structure of Denovo Beta Sheet Design Protein"
"ST_2130","Marco","5KPH","Â Northeast Structural Genomics Consortium (NESG) Target OR485","Solution NMR Structure of Denovo Beta Sheet Design Protein"
"ST_2131","Marco","5L33","NA","Crystal structure of a de novo designed protein with curved beta-sheet"
"ST_2132","Marco","5L6S","Escherichia coli (strain K12)","Crystal structure of E. coli ADP-glucose pyrophosphorylase (AGPase) in complex with a positive allosteric regulator beta-fructose-1, 6-diphosphate (FB"
"ST_2133","Marco","5L6V","Escherichia coli (strain K12)","Crystal structure of E. coli ADP-glucose pyrophosphorylase (AGPase) in complex with a negative allosteric regulator adenosine monophosphate (AMP) - AG"
"ST_2134","Marco","5MCP","Ashbya gossypii (strain ATCC 10895 / CBS 109.51 / FGSC 9923 / NRRL Y-1056)","Structure of IMP dehydrogenase from Ashbya gossypii bound to ATP"
"ST_2135","Marco","5MRL","Homo sapiens","Crystal structure of human monoamine oxidase B (MAO B) in complex with N(Furan2ylmethyl)Nmethylprop2yn1amine (F2MPA)"
"ST_2136","Marco","5TC3","Ashbya gossypii (strain ATCC 10895 / CBS 109.51 / FGSC 9923 / NRRL Y-1056)","Structure of IMP dehydrogenase from Ashbya gossypii bound to ATP and GDP"
"ST_2137","Marco","5TPH","NA","Crystal structure of a de novo designed protein homodimer with curved beta-sheet"
"ST_2138","Marco","5TPJ","NA","Crystal structure of a de novo designed protein with curved beta-sheet"
"ST_2139","Marco","5TRV","NA","Crystal structure of a de novo designed protein with curved beta-sheet"
"ST_2140","Marco","5TS4","NA","Crystal structure of a de novo designed protein with curved beta-sheet"
"ST_2141","Marco","5U35","NA","Crystal structure of a de novo designed protein with curved beta-sheet"
"ST_2142","Marco","5ZV3","Homo sapiens","Crystal structure of human anti-tau antibody CBTAU-28.1 in complex with its tau peptide"
"ST_2143","Marco","6BFD","Homo sapiens","BACE crystal structure with hydroxy pyrrolidine inhibitor"
"ST_2144","Marco","6BFE","Homo sapiens","BACE crystal structure with hydroxy pyrrolidine inhibitor"
"ST_2145","Marco","6BFW","Homo sapiens","BACE crystal structure with hydroxy morpholine inhibitor"
"ST_2146","Marco","6BFX","Homo sapiens","BACE crystal structure with hydroxy pyrrolidine inhibitor"
"ST_2147","Marco","6DCV","NA","Crystal structure of human anti-tau antibody CBTAU-27.1"
"ST_2148","Marco","6DCW","NA","Crystal structure of human anti-tau antibody CBTAU-27.1 Fab in complex with a human tau peptide"
"ST_2149","Marco","6GK7","NA","Crystal structure of anti-tau antibody dmCBTAU-27.1, double mutant (S31Y, T100I) of CBTAU-27.1, in complex with Tau peptide A8119B (residues 299-318)"
"ST_2150","Marco","6GK8","NA","Crystal structure of anti-tau antibody dmCBTAU-28.1, double mutant (S32R, E35K) of CBTAU-28.1, in complex with Tau peptide A7731 (residues 52-71)"
"ST_2151","MDA5","2RQA","Homo sapiens","Solution structure of LGP2 CTD"
"ST_2152","MDA5","2RQB","Homo sapiens","Solution structure of MDA5 CTD"
"ST_2153","MDA5","3B6E","Homo sapiens","Crystal structure of human DECH-box RNA Helicase MDA5 (Melanoma differentiation-associated protein 5)"
"ST_2154","MDA5","3GA3","Homo sapiens","Crystal structure of the C-terminal domain of human MDA5"
"ST_2155","MDA5","3J6J","Homo sapiens","3.6 Angstrom resolution MAVS filament generated from helical reconstruction"
"ST_2156","MDA5","3TS9","Mus musculus","Crystal Structure of the MDA5 Helicase Insert Domain"
"ST_2157","MDA5","4GL2","Homo sapiens","Structural Basis for dsRNA duplex backbone recognition by MDA5"
"ST_2158","MDA5","4I1S","Sus scrofa, Parainfluenza virus 5 (strain W3)","Melanoma differentiation associated protein-5 Helicase domain complex with inhibitor Non-structural protein V"
"ST_2159","MDA5","5JAJ","unidentified, Gallus gallus","Structure of chicken LGP2 witha 5'p 10-mer dsRNA and ADP-AlF4-Mg."
"ST_2160","MDA5","5JB2","Gallus gallus, synthetic construct","Crystal structure of chicken LGP2 with 5'ppp 10-mer dsRNA and ADP-AlF4-Mg2+ at 2.2 A resolution."
"ST_2161","MDA5","5JBG","synthetic construct, Gallus gallus","Crystal structure of chicken LGP2 with 5'ppp 26-mer hairpin RNA with 3' GG overhang and ADP-AlF4-Mg2+ at 2.0 A resolution."
"ST_2162","MDA5","5JBJ","synthetic construct, Gallus gallus","Crystal structure of chicken LGP2 with 5'p 12-mer dsRNA at 3.6 A resolution"
"ST_2163","MDA5","5JC3","unidentifiedÂ  Gallus gallus","Crystal structure of chicken MDA5 with 5'p 10-mer dsRNA and ADP-Mg2+ at 2.6 A resolution (monoclinic formÂ  twinned)."
"ST_2164","MDA5","5JC7","Gallus gallus","Crystal structure of chicken MDA5 with 5'p 24-mer dsRNA and ADP-Mg2+ at 2.75 A resolution."
"ST_2165","MDA5","5JCF","unidentifiedÂ  Gallus gallus","Crystal structure of chicken MDA5 with 5'p 10-mer dsRNA and ADP-Mg2+ at 2.6 A resolution (orthorhombic form)."
"ST_2166","MDA5","5JCH","synthetic constructÂ  Gallus gallus","Crystal structure of chicken MDA5 with 5'p 10-mer dsRNA and ADP-Mg2+ at 2.95 A resolution (untwinned)."
"ST_2167","Mannose Receptor","1AH1","NA","CTLA-4, NMRÂ  20 STRUCTURES"
"ST_2168","Mannose Receptor","1BCH","Rattus norvegicus","MANNOSE-BINDING PROTEIN-A MUTANT (QPDWGH) COMPLEXED WITH N-ACETYL-D-GALACTOSAMINE"
"ST_2169","Mannose Receptor","1BCJ","Rattus norvegicus","MANNOSE-BINDING PROTEIN-A MUTANT (QPDWGHV) COMPLEXED WITH N-ACETYL-D-GALACTOSAMINE"
"ST_2170","Mannose Receptor","1C39","Bos taurus","STRUCTURE OF CATION-DEPENDENT MANNOSE 6-PHOSPHATE RECEPTOR BOUND TO PENTAMANNOSYL PHOSPHATE"
"ST_2171","Mannose Receptor","1CKL","Â Homo sapiens","N-TERMINAL TWO DOMAINS OF HUMAN CD46 (MEMBRANE COFACTOR PROTEIN"
"ST_2172","Mannose Receptor","1DQG","Mus musculus","CRYSTAL STRUCTURE OF THE CYSTEINE RICH DOMAIN OF MANNOSE RECEPTOR"
"ST_2173","Mannose Receptor","1DQO","Mus musculus","Crystal structure of the cysteine rich domain of mannose receptor complexed with Acetylgalactosamine-4-sulfate"
"ST_2174","Mannose Receptor","1E4K","Homo sapiens","CRYSTAL STRUCTURE OF SOLUBLE HUMAN IGG1 FC FRAGMENT-FC-GAMMA RECEPTOR III COMPLEX"
"ST_2175","Mannose Receptor","1E6F","Homo sapiens","Human MIR-receptor, repeat 11"
"ST_2176","Mannose Receptor","1EGG","Homo sapiens","STRUCTURE OF A C-TYPE CARBOHYDRATE-RECOGNITION DOMAIN (CRD-4) FROM THE MACROPHAGE MANNOSE RECEPTOR"
"ST_2177","Mannose Receptor","1EGI","Homo sapiens","STRUCTURE OF A C-TYPE CARBOHYDRATE-RECOGNITION DOMAIN (CRD-4) FROM THE MACROPHAGE MANNOSE RECEPTOR"
"ST_2178","Mannose Receptor","1F2Q","Homo sapiens","CRYSTAL STRUCTURE OF THE HUMAN HIGH-AFFINITY IGE RECEPTOR"
"ST_2179","Mannose Receptor","1F6A","Homo sapiens","Structure of the human ige-fc bound to its high affinity receptor fc(epsilon)ri(alpha)"
"ST_2180","Mannose Receptor","1F88","Bos taurus","CRYSTAL STRUCTURE OF BOVINE RHODOPSIN"
"ST_2181","Mannose Receptor","1FIF","Rattus norvegicus","N-ACETYLGALACTOSAMINE-SELECTIVE MUTANT OF MANNOSE-BINDING PROTEIN-A (QPDWG-HDRPY)"
"ST_2182","Mannose Receptor","1FIH","Rattus norvegicus","N-ACETYLGALACTOSAMINE BINDING MUTANT OF MANNOSE-BINDING PROTEIN A (QPDWG-HDRPY), COMPLEX WITH N-ACETYLGALACTOSAMINE"
"ST_2183","Mannose Receptor","1FLC","Influenza C virus (strain C/Johannesburg/1/1966)","X-RAY STRUCTURE OF THE HAEMAGGLUTININ-ESTERASE-FUSION GLYCOPROTEIN OF INFLUENZA C VIRUS"
"ST_2184","Mannose Receptor","1FRT","Rattus norvegicus","CRYSTAL STRUCTURE OF THE COMPLEX OF RAT NEONATAL FC RECEPTOR WITH FC"
"ST_2185","Mannose Receptor","1FWU","Mus musculus","CRYSTAL STRUCTURE OF THE CYSTEINE-RICH DOMAIN OF MANNOSE RECEPTOR COMPLEXED WITH 3-SO4-LEWIS(X)"
"ST_2186","Mannose Receptor","1FWV","Mus musculus","CRYSTAL STRUCTURE OF THE CYSTEINE-RICH DOMAIN OF MANNOSE RECEPTOR COMPLEXED WITH 3-SO4-LEWIS(A)"
"ST_2187","Mannose Receptor","1GH7","Homo sapiens","CRYSTAL STRUCTURE OF THE COMPLETE EXTRACELLULAR DOMAIN OF THE BETA-COMMON RECEPTOR OF IL-3, IL-5, AND GM-CSF"
"ST_2188","Mannose Receptor","1GP0","Homo sapiens","Human IGF2R domain 11"
"ST_2189","Mannose Receptor","1GP3","Homo sapiens","Human IGF2R domain 11"
"ST_2190","Mannose Receptor","1GQB","Homo sapiens","HUMAN MIR-RECEPTOR, repeat 11"
"ST_2191","Mannose Receptor","1GYA","Homo sapiens","N-GLYCAN AND POLYPEPTIDE NMR SOLUTION STRUCTURES OF THE ADHESION DOMAIN OF HUMAN CD2"
"ST_2192","Mannose Receptor","1GZM","Bos taurus","Structure of Bovine Rhodopsin in a Trigonal Crystal Form"
"ST_2193","Mannose Receptor","1HGD","nfluenza A virus (strain A/X-31 H3N2)","BINDING OF INFLUENZA VIRUS HEMAGGLUTININ TO ANALOGS OF ITS CELL-SURFACE RECEPTOR, SIALIC ACID: ANALYSIS BY PROTON NUCLEAR MAGNETIC RESONANCE SPECTROSC"
"ST_2194","Mannose Receptor","1HGE","nfluenza A virus (strain A/X-31 H3N2)","BINDING OF INFLUENZA VIRUS HEMAGGLUTININ TO ANALOGS OF ITS CELL-SURFACE RECEPTOR, SIALIC ACID: ANALYSIS BY PROTON NUCLEAR MAGNETIC RESONANCE SPECTROSC"
"ST_2195","Mannose Receptor","1HGF","nfluenza A virus (strain A/X-31 H3N2)","BINDING OF INFLUENZA VIRUS HEMAGGLUTININ TO ANALOGS OF ITS CELL-SURFACE RECEPTOR, SIALIC ACID: ANALYSIS BY PROTON NUCLEAR MAGNETIC RESONANCE SPECTROSC"
"ST_2196","Mannose Receptor","1HGG","Influenza A virus (strain A/Aichi/2/1968 H3N2)","BINDING OF INFLUENZA VIRUS HEMAGGLUTININ TO ANALOGS OF ITS CELL-SURFACE RECEPTOR, SIALIC ACID: ANALYSIS BY PROTON NUCLEAR MAGNETIC RESONANCE SPECTROSC"
"ST_2197","Mannose Receptor","1HGH","nfluenza A virus (strain A/X-31 H3N2)","BINDING OF INFLUENZA VIRUS HEMAGGLUTININ TO ANALOGS OF ITS CELL-SURFACE RECEPTOR, SIALIC ACID: ANALYSIS BY PROTON NUCLEAR MAGNETIC RESONANCE SPECTROSC"
"ST_2198","Mannose Receptor","1HGI","nfluenza A virus (strain A/X-31 H3N2)","BINDING OF INFLUENZA VIRUS HEMAGGLUTININ TO ANALOGS OF ITS CELL-SURFACE RECEPTOR, SIALIC ACID: ANALYSIS BY PROTON NUCLEAR MAGNETIC RESONANCE SPECTROSC"
"ST_2199","Mannose Receptor","1HGJ","nfluenza A virus (strain A/X-31 H3N2)","BINDING OF INFLUENZA VIRUS HEMAGGLUTININ TO ANALOGS OF ITS CELL-SURFACE RECEPTOR, SIALIC ACID: ANALYSIS BY PROTON NUCLEAR MAGNETIC RESONANCE SPECTROSC"
"ST_2200","Mannose Receptor","1HZX","Bos taurus","CRYSTAL STRUCTURE OF BOVINE RHODOPSIN"
"ST_2201","Mannose Receptor","1I1A","Rattus norvegicus","CRYSTAL STRUCTURE OF THE NEONATAL FC RECEPTOR COMPLEXED WITH A HETERODIMERIC FC"
"ST_2202","Mannose Receptor","1I8L","Homo sapiens","HUMAN B7-1/CTLA-4 CO-STIMULATORY COMPLEX"
"ST_2203","Mannose Receptor","1IGR","Homo sapiens","Type 1 Insulin-like growth factor receptor (DOMAINS 1-3)"
"ST_2204","Mannose Receptor","1IKO","Mus musculus","CRYSTAL STRUCTURE OF THE MURINE EPHRIN-B2 ECTODOMAIN"
"ST_2205","Mannose Receptor","1J86","Homo sapiens","HUMAN HIGH AFFINITY FC RECEPTOR FC(EPSILON)RI(ALPHA), MONOCLINIC CRYSTAL FORM 2"
"ST_2206","Mannose Receptor","1J87","Homo sapiens","HUMAN HIGH AFFINITY FC RECEPTOR FC(EPSILON)RI(ALPHA), HEXAGONAL CRYSTAL FORM 1"
"ST_2207","Mannose Receptor","1J88","Homo sapiens","HUMAN HIGH AFFINITY FC RECEPTOR FC(EPSILON)RI(ALPHA), TETRAGONAL CRYSTAL FORM 1, TETRAGONAL CRYSTAL FORM 1"
"ST_2208","Mannose Receptor","1J89","Homo sapiens","HUMAN HIGH AFFINITY FC RECEPTOR FC(EPSILON)RI(ALPHA), TETRAGONAL CRYSTAL FORM 2"
"ST_2209","Mannose Receptor","1JDN","Homo sapiens","Crystal Structure of Hormone Receptor"
"ST_2210","Mannose Receptor","1JND","Drosophila melanogaster","Crystal structure of imaginal disc growth factor-2"
"ST_2211","Mannose Receptor","1JNE","Drosophila melanogaster","Crystal structure of imaginal disc growth factor-2"
"ST_2212","Mannose Receptor","1JPL","Homo sapiens","GGA3 VHS domain complexed with C-terminal peptide from cation-independent mannose 6-phosphate receptor"
"ST_2213","Mannose Receptor","1JUQ","Homo sapiens","GGA3 VHS domain complexed with C-terminal peptide from cation-dependent Mannose 6-phosphate receptor"
"ST_2214","Mannose Receptor","1JWG","Homo sapiens","VHS Domain of human GGA1 complexed with cation-independent M6PR C-terminal Peptide"
"ST_2215","Mannose Receptor","1K9I","Homo sapiens","Complex of DC-SIGN and GlcNAc2Man3"
"ST_2216","Mannose Receptor","1K9J","Homo sapiens","Complex of DC-SIGNR and GlcNAc2Man3"
"ST_2217","Mannose Receptor","1KEO","Bos taurus","TWISTS AND TURNS OF THE CD-MPR: LIGAND-BOUND VERSUS LIGAND-FREE RECEPTOR"
"ST_2218","Mannose Receptor","1KJ2","Mus musculus","Murine Alloreactive ScFv TCR-Peptide-MHC Class I Molecule Complex"
"ST_2219","Mannose Receptor","1L6Z","Mus musculus","CRYSTAL STRUCTURE OF MURINE CEACAM1A[1,4]: A CORONAVIRUS RECEPTOR AND CELL ADHESION MOLECULE IN THE CEA FAMILY"
"ST_2220","Mannose Receptor","1L9H","Bos taurus","Crystal structure of bovine rhodopsin at 2.6 angstroms RESOLUTION"
"ST_2221","Mannose Receptor","1LCS","Feline leukemia virus (strain B/lambda-B1)","RECEPTOR-BINDING DOMAIN FROM SUBGROUP B FELINE LEUKEMIA VIRUS"
"ST_2222","Mannose Receptor","1LF8","Homo sapiens","Complex of GGA3-VHS Domain and CI-MPR C-terminal Phosphopeptide"
"ST_2223","Mannose Receptor","1LX5","Mus musculus, Homo sapiens","Crystal Structure of the BMP7/ActRII Extracellular Domain Complex"
"ST_2224","Mannose Receptor","1M6P","Bos taurus","EXTRACYTOPLASMIC DOMAIN OF BOVINE CATION-DEPENDENT MANNOSE 6-PHOSPHATE RECEPTOR"
"ST_2225","Mannose Receptor","1MOX","Homo sapiens","Crystal Structure of Human Epidermal Growth Factor Receptor (residues 1-501) in complex with TGF-alpha"
"ST_2226","Mannose Receptor","1MWA","Mus musculus","2C/H-2KBM3/DEV8 ALLOGENEIC COMPLEX"
"ST_2227","Mannose Receptor","1N26","Homo sapiens","Crystal Structure of the extra-cellular domains of Human Interleukin-6 Receptor alpha chain"
"ST_2228","Mannose Receptor","1N7D","Homo sapiens","Extracellular domain of the LDL receptor"
"ST_2229","Mannose Receptor","1NNC","Influenza A virus (strain A/Tern/Australia/G70C/1975 H11N9)","INFLUENZA VIRUS NEURAMINIDASE SUBTYPE N9 (TERN) COMPLEXED WITH 4-GUANIDINO-NEU5AC2EN INHIBITOR"
"ST_2230","Mannose Receptor","1NQL","Homo sapiens","Structure of the extracellular domain of human epidermal growth factor (EGF) receptor in an inactive (low pH) complex with EGF."
"ST_2231","Mannose Receptor","1O7V","Homo sapiens","High resolution structure of Siglec-7"
"ST_2232","Mannose Receptor","1OOK","Homo sapiens","Crystal Structure of the Complex of Platelet Receptor GPIb-alpha and Human alpha-Thrombin"
"ST_2233","Mannose Receptor","1OW0","Homo sapiens","Crystal structure of human FcaRI bound to IgA1-Fc"
"ST_2234","Mannose Receptor","1OZN","Homo sapiens","1.5A Crystal Structure of the Nogo Receptor Ligand Binding Domain Reveals a Convergent Recognition Scaffold Mediating Inhibition of Myelination"
"ST_2235","Mannose Receptor","1P9A","Homo sapiens","Crystal Structure of N-Terminal Domain of Human Platelet Receptor Glycoprotein Ib-alpha at 1.7 Angstrom Resolution"
"ST_2236","Mannose Receptor","1Q25","Bos taurus","Crystal structure of N-terminal 3 domains of CI-MPR"
"ST_2237","Mannose Receptor","1QFU","Influenza A virus (strain A/X-31 H3N2), Mus musculus, Influenza A virus (strain A/Aichi/2/1968 H3N2)","INFLUENZA VIRUS HEMAGGLUTININ COMPLEXED WITH A NEUTRALIZING ANTIBODY"
"ST_2238","Mannose Receptor","1QYY","Homo sapiens","Crystal Structure of N-Terminal Domain of Human Platelet Receptor Glycoprotein Ib-alpha at 2.8 Angstrom Resolution"
"ST_2239","Mannose Receptor","1R1Z","Rattus norvegicus","The Crystal structure of the Carbohydrate recognition domain of the glycoprotein sorting receptor p58/ERGIC-53 reveals a novel metal binding site and "
"ST_2240","Mannose Receptor","1RD8","Influenza A virus (strain A/Brevig Mission/1/1918 H1N1)","Crystal Structure of the 1918 Human H1 Hemagglutinin Precursor (HA0)"
"ST_2241","Mannose Receptor","1RPQ","Homo sapiens","High Affinity IgE Receptor (alpha chain) Complexed with Tight-Binding E131 'zeta' Peptide from Phage Display"
"ST_2242","Mannose Receptor","1S78","Homo sapiens","Insights into ErbB signaling from the structure of the ErbB2-pertuzumab complex"
"ST_2243","Mannose Receptor","1SL4","Homo sapiens","Crystal Structure of DC-SIGN carbohydrate recognition domain complexed with Man4"
"ST_2244","Mannose Receptor","1SYO","Bos taurus","N-terminal 3 domains of CI-MPR bound to mannose 6-phosphate"
"ST_2245","Mannose Receptor","1SZ0","Bos taurus","N-terminal 3 domains of CI-MPR bound to mannose 6-phosphate"
"ST_2246","Mannose Receptor","1SZI","Mus musculus","Crystal Structure of the C-terminus of TIP47"
"ST_2247","Mannose Receptor","1T83","Homo sapiens","CRYSTAL STRUCTURE OF A HUMAN TYPE III FC GAMMA RECEPTOR IN COMPLEX WITH AN FC FRAGMENT OF IGG1 (ORTHORHOMBIC)"
"ST_2248","Mannose Receptor","1T89","Homo sapiens","CRYSTAL STRUCTURE OF A HUMAN TYPE III FC GAMMA RECEPTOR IN COMPLEX WITH AN FC FRAGMENT OF IGG1 (HEXAGONAL)"
"ST_2249","Mannose Receptor","1TCR","Mus musculus","MURINE T-CELL ANTIGEN RECEPTOR 2C CLONE"
"ST_2250","Mannose Receptor","1TR7","Escherichia coli (strain K12)","FimH adhesin receptor binding domain from uropathogenic E. coli"
"ST_2251","Mannose Receptor","1TYE","Homo sapiens","Structural basis for allostery in integrins and binding of ligand-mimetic therapeutics to the platelet receptor for fibrinogen"
"ST_2252","Mannose Receptor","1TYU","Salmonella phage P22","STRUCTURE OF TAILSPIKE-PROTEIN"
"ST_2253","Mannose Receptor","1TYW","Salmonella phage P22","STRUCTURE OF TAILSPIKE-PROTEIN"
"ST_2254","Mannose Receptor","1TYX","Salmonella phage P22","TITLE OF TAILSPIKE-PROTEIN"
"ST_2255","Mannose Receptor","1U19","Bos taurus","Crystal Structure of Bovine Rhodopsin at 2.2 Angstroms Resolution"
"ST_2256","Mannose Receptor","1UWF","Escherichia coli (strain K12)","1.7 A resolution structure of the receptor binding domain of the FimH adhesin from uropathogenic E. coli"
"ST_2257","Mannose Receptor","1XWD","Homo sapiens","Crystal Structure of Human Follicle Stimulating Hormone Complexed with its Receptor"
"ST_2258","Mannose Receptor","1YPZ","Homo sapiens, Mus musculus","Immune receptor"
"ST_2259","Mannose Receptor","1YWH","Homo sapiens","crystal structure of urokinase plasminogen activator receptor"
"ST_2260","Mannose Receptor","1YY9","Homo sapiens","Structure of the extracellular domain of the epidermal growth factor receptor in complex with the Fab fragment of cetuximab/Erbitux/IMC-C225"
"ST_2261","Mannose Receptor","2A0Z","Homo sapiens","The molecular structure of toll-like receptor 3 ligand binding domain"
"ST_2262","Mannose Receptor","2AJF","Human SARS coronavirus, Homo sapiens","Structure of SARS coronavirus spike receptor-binding domain complexed with its receptor"
"ST_2263","Mannose Receptor","2BAT","Influenza A virus (strain A/Tokyo/3/1967 H2N2)","THE STRUCTURE OF THE COMPLEX BETWEEN INFLUENZA VIRUS NEURAMINIDASE AND SIALIC ACID, THE VIRAL RECEPTOR"
"ST_2264","Mannose Receptor","2C36","Human herpesvirus 1 (strain Patton)","Structure of unliganded HSV gD reveals a mechanism for receptor- mediated activation of virus entry"
"ST_2265","Mannose Receptor","2C9A","Homo sapiens","Crystal structure of the MAM-Ig module of receptor protein tyrosine phosphatase mu"
"ST_2266","Mannose Receptor","2CNJ","Homo sapiens","NMR studies on the interaction of Insulin-Growth Factor II (IGF-II) with IGF2R domain 11"
"ST_2267","Mannose Receptor","2DUO","Canis lupus familiaris","Crystal structure of VIP36 exoplasmic/lumenal domain, Ca2+-bound form"
"ST_2268","Mannose Receptor","2DUP","Canis lupus familiaris","Crystal structure of VIP36 exoplasmic/lumenal domain, metal-free form"
"ST_2269","Mannose Receptor","2DUQ","Canis lupus familiaris","Crystal structure of VIP36 exoplasmic/lumenal domain, Ca2+/Man-bound form"
"ST_2270","Mannose Receptor","2DUR","Canis lupus familiaris","Crystal structure of VIP36 exoplasmic/lumenal domain, Ca2+/Man-bound form"
"ST_2271","Mannose Receptor","2.00E+26","Mus musculus","Crystal structure of two repeat fragment of reelin"
"ST_2272","Mannose Receptor","2E6V","Mus musculus","Crystal structure of VIP36 exoplasmic/lumenal domain, Ca2+/Man3GlcNAc-bound form"
"ST_2273","Mannose Receptor","2ERJ","Homo sapiens","Crystal structure of the heterotrimeric interleukin-2 receptor in complex with interleukin-2"
"ST_2274","Mannose Receptor","2FK0","Influenza A virus, Influenza A virus","Crystal Structure of a H5N1 influenza virus hemagglutinin."
"ST_2275","Mannose Receptor","2G87","Bos taurus","Crystallographic model of bathorhodopsin"
"ST_2276","Mannose Receptor","2GH0","Homo sapiens","Growth factor/receptor complex"
"ST_2277","Mannose Receptor","2GJ7","Human herpesvirus 1 (strain 17), Homo sapiens","Crystal Structure of a gE-gI/Fc complex"
"ST_2278","Mannose Receptor","2GYS","Homo sapiens","2.7 A structure of the extracellular domains of the human beta common receptor involved in IL-3, IL-5, and GM-CSF signalling"
"ST_2279","Mannose Receptor","2HMG","Influenza A virus (strain A/Aichi/2/1968 H3N2)","REFINEMENT OF THE INFLUENZA VIRUS HEMAGGLUTININ BY SIMULATED ANNEALING"
"ST_2280","Mannose Receptor","2HPY","Bos taurus","Crystallographic model of lumirhodopsin"
"ST_2281","Mannose Receptor","2HR7","Homo sapiens","Insulin receptor (domains 1-3)"
"ST_2282","Mannose Receptor","2I9B","Homo sapiens","Crystal structure of ATF-urokinase receptor complex"
"ST_2283","Mannose Receptor","2ICF","Homo sapiens","CRIg bound to C3b"
"ST_2284","Mannose Receptor","2IFG","Homo sapiens","Structure of the extracellular segment of human TRKA in complex with nerve growth factor"
"ST_2285","Mannose Receptor","2KVA","Bos taurus","SOLUTION STRUCTURE OF CI-MPR ligand-free domain 5"
"ST_2286","Mannose Receptor","2KVB","Bos taurus","Solution structure of CI-MPR domain 5 bound to N-acetylglucosaminyl 6-phosphomethylmannoside"
"ST_2287","Mannose Receptor","2L21","Gallus gallus","chicken IGF2R domain 11"
"ST_2288","Mannose Receptor","2L29","Homo sapiens","Complex structure of E4 mutant human IGF2R domain 11 bound to IGF-II"
"ST_2289","Mannose Receptor","2L2A","Homo sapiens","Mutated Domain 11 of the Cytoplasmic region of the Cation-independent mannose-6-phosphate receptor"
"ST_2290","Mannose Receptor","2L2G","Monodelphis domestica","Solution structure of Opossum Domain 11"
"ST_2291","Mannose Receptor","2LLA","Tachyglossus aculeatus","NMR solution structure ensemble of domain 11 of the echidna M6P/IGF2R receptor"
"ST_2292","Mannose Receptor","2LVX","Schizosaccharomyces pombe (strain 972 / ATCC 24843)","MRH domain of the Glucosidase II beta subunit from S. pombe"
"ST_2293","Mannose Receptor","2O26","Mus musculus","Structure of a class III RTK signaling assembly"
"ST_2294","Mannose Receptor","2O39","Homo sapiens","Human Adenovirus type 11 knob in complex with domains SCR1 and SCR2 of CD46 (membrane cofactor protein, MCP)"
"ST_2295","Mannose Receptor","2PED","Bos taurus","Crystallographic model of 9-cis-rhodopsin"
"ST_2296","Mannose Receptor","2PGZ","Aplysia californica","Crystal structure of Cocaine bound to an ACh-Binding Protein"
"ST_2297","Mannose Receptor","2PO6","Homo sapiens","Crystal structure of CD1d-lipid-antigen complexed with Beta-2-Microglobulin, NKT15 Alpha-Chain and NKT15 Beta-Chain"
"ST_2298","Mannose Receptor","2Q7N","Homo sapiens, Mus musculus","Crystal structure of Leukemia inhibitory factor in complex with LIF receptor (domains 1-5)"
"ST_2299","Mannose Receptor","2Q7Y","Mus musculus","Structure of the endogenous iNKT cell ligand iGb3 bound to mCD1d"
"ST_2300","Mannose Receptor","2Q86","Mus musculus","Structure of the mouse invariant NKT cell receptor Valpha14"
"ST_2301","Mannose Receptor","2QC1","Mus musculus, Bungarus multicinctus","Crystal structure of the extracellular domain of the nicotinic acetylcholine receptor 1 subunit bound to alpha-bungarotoxin at 1.9 A resolution"
"ST_2302","Mannose Receptor","2RL7","Bos taurus","Crystal Structure cation-dependent mannose 6-phosphate receptor at pH 4.8"
"ST_2303","Mannose Receptor","2RL8","Bos taurus","Crystal Structure cation-dependent mannose 6-phosphate receptor at pH 6.5 bound to M6P"
"ST_2304","Mannose Receptor","2RL9","Bos taurus","Crystal Structure cation-dependent mannose 6-phosphate receptor at pH 6.5 bound to trimannoside"
"ST_2305","Mannose Receptor","2RLB","Bos taurus","Crystal Structure cation-dependent mannose 6-phosphate receptor at pH 6.5 bound to M6P in absence of Mn"
"ST_2306","Mannose Receptor","2V5N","Homo sapiens","STRUCTURE OF HUMAN IGF2R DOMAINS 11-12"
"ST_2307","Mannose Receptor","2V5O","Homo sapiens","STRUCTURE OF HUMAN IGF2R DOMAINS 11-14"
"ST_2308","Mannose Receptor","2V5P","Homo sapiens","COMPLEX STRUCTURE OF HUMAN IGF2R DOMAINS 11-13 BOUND TO IGF-II"
"ST_2309","Mannose Receptor","2VCO","Escherichia coli (strain K12)","Crystal structure of the fimbrial adhesin FimH in complex with its high-mannose epitope"
"ST_2310","Mannose Receptor","2VDL","Homo sapiens","Re-refinement of Integrin AlphaIIbBeta3 Headpiece"
"ST_2311","Mannose Receptor","2VDM","Homo sapiens","Re-refinement of Integrin AlphaIIbBeta3 Headpiece Bound to Antagonist Tirofiban"
"ST_2312","Mannose Receptor","2VDN","Homo sapiens","Re-refinement of Integrin AlphaIIbBeta3 Headpiece Bound to Antagonist Eptifibatide"
"ST_2313","Mannose Receptor","2VDO","Homo sapiens","Integrin AlphaIIbBeta3 Headpiece Bound to Fibrinogen Gamma chain peptide, HHLGGAKQAGDV"
"ST_2314","Mannose Receptor","2VDP","Homo sapiens","Integrin AlphaIIbBeta3 Headpiece Bound to Fibrinogen Gamma chain peptide"
"ST_2315","Mannose Receptor","2VDQ","Homo sapiens","Integrin AlphaIIbBeta3 Headpiece Bound to a Chimeric Fibrinogen Gamma chain peptide, HHLGGAKQRGDV"
"ST_2316","Mannose Receptor","2VDR","Homo sapiens","Integrin AlphaIIbBeta3 Headpiece Bound to a chimeric Fibrinogen Gamma chain peptide,LGGAKQAGDV"
"ST_2317","Mannose Receptor","2VSD","Gallus gallus","crystal structure of CHIR-AB1"
"ST_2318","Mannose Receptor","2WBJ","Homo sapiens","TCR complex"
"ST_2319","Mannose Receptor","2WN9","Aplysia californica","Crystal structure of Aplysia ACHBP in complex with 4-0H-DMXBA"
"ST_2320","Mannose Receptor","2WNJ","Aplysia californica","CRYSTAL STRUCTURE OF APLYSIA ACHBP IN COMPLEX WITH DMXBA"
"ST_2321","Mannose Receptor","2WQR","Homo sapiens","The high resolution crystal structure of IgE Fc"
"ST_2322","Mannose Receptor","2WR0","unidentified influenza virus","Structures of influenza H2 Hemagglutinins"
"ST_2323","Mannose Receptor","2WR1","unidentified influenza virus","structure of influenza H2 hemagglutinin with human receptor"
"ST_2324","Mannose Receptor","2X1W","Homo sapiens","Crystal Structure of VEGF-C in Complex with Domains 2 and 3 of VEGFR2"
"ST_2325","Mannose Receptor","2X1X","Homo sapiens","CRYSTAL STRUCTURE OF VEGF-C IN COMPLEX WITH DOMAINS 2 AND 3 OF VEGFR2 IN A TETRAGONAL CRYSTAL FORM"
"ST_2326","Mannose Receptor","2X72","Bos taurus","CRYSTAL STRUCTURE OF THE CONSTITUTIVELY ACTIVE E113Q,D2C,D282C RHODOPSIN MUTANT WITH BOUND GALPHACT PEPTIDE."
"ST_2327","Mannose Receptor","2XV7","Homo sapiens","Crystal structure of vascular endothelial growth factor D"
"ST_2328","Mannose Receptor","2XWT","Homo sapiens","CRYSTAL STRUCTURE OF THE TSH RECEPTOR IN COMPLEX WITH A BLOCKING TYPE TSHR AUTOANTIBODY"
"ST_2329","Mannose Receptor","2Y7Q","Homo sapiens","THE HIGH-AFFINITY COMPLEX BETWEEN IGE AND ITS RECEPTOR FC EPSILON RI"
"ST_2330","Mannose Receptor","2YP2","Influenza A virus","Haemagglutinin of 2004 Human H3N2 Virus"
"ST_2331","Mannose Receptor","2YP3","Influenza A virus","Haemagglutinin of 2004 Human H3N2 Virus in Complex with Human Receptor Analogue 6SLN"
"ST_2332","Mannose Receptor","2YP4","Influenza A virus","Haemagglutinin of 2004 Human H3N2 Virus in Complex with Human Receptor Analogue LSTc"
"ST_2333","Mannose Receptor","2YP5","Influenza A virus","Haemagglutinin of 2004 Human H3N2 Virus in Complex with Avian Receptor Analogue 3SLN"
"ST_2334","Mannose Receptor","2YP7","Influenza A virus","Haemagglutinin of 2005 Human H3N2 Virus"
"ST_2335","Mannose Receptor","2YP8","Influenza A virus","Haemagglutinin of 2005 Human H3N2 Virus in Complex with Human Receptor Analogue 6SLN"
"ST_2336","Mannose Receptor","2YP9","Influenza A virus","Haemagglutinin of 2005 Human H3N2 Virus in Complex with Avian Receptor Analogue 3SLN"
"ST_2337","Mannose Receptor","2YPG","Influenza A virus (strain A/Aichi/2/1968 H3N2)","Haemagglutinin of 1968 Human H3N2 Virus in Complex with Human Receptor Analogue LSTc"
"ST_2338","Mannose Receptor","2Z62","Homo sapiens, Eptatretus burgeri","Crystal structure of the TV3 hybrid of human TLR4 and hagfish VLRB.61"
"ST_2339","Mannose Receptor","2Z64","Mus musculus","Crystal structure of mouse TLR4 and mouse MD-2 complex"
"ST_2340","Mannose Receptor","2Z65","Homo sapiens, Eptatretus burgeri","Crystal structure of the human TLR4 TV3 hybrid-MD-2-Eritoran complex"
"ST_2341","Mannose Receptor","2Z66","Homo sapiens, Eptatretus burgeri","Crystal structure of the VT3 hybrid of human TLR4 and hagfish VLRB.61"
"ST_2342","Mannose Receptor","2Z7X","Homo sapiens","Crystal structure of the TLR1-TLR2 heterodimer induced by binding of a tri-acylated lipopeptide"
"ST_2343","Mannose Receptor","2Z81","Mus musculus","Crystal structure of the TLR1-TLR2 heterodimer induced by binding of a tri-acylated lipopeptide"
"ST_2344","Mannose Receptor","2Z82","Mus musculus","Crystal structure of the TLR1-TLR2 heterodimer induced by binding of a tri-acylated lipopeptide"
"ST_2345","Mannose Receptor","2ZFE","Halobacterium salinarum (strain ATCC 700922 / JCM 11081 / NRC-1)","Crystal structure of bacteriorhodopsin-xenon complex"
"ST_2346","Mannose Receptor","2ZZL","Halobacterium salinarum (strain ATCC 700922 / JCM 11081 / NRC-1)","Structure of bacteriorhodopsin's M intermediate at pH 7"
"ST_2347","Mannose Receptor","3A79","Eptatretus burgeri, Mus musculus","Crystal structure of TLR2-TLR6-Pam2CSK4 complex"
"ST_2348","Mannose Receptor","3A7C","Eptatretus burgeri, Mus musculus","Crystal structure of TLR2-PE-DTPA complex"
"ST_2349","Mannose Receptor","3AL8","Mus musculus","Plexin A2 / Semaphorin 6A complex"
"ST_2350","Mannose Receptor","3AU1","Mus musculus","Crystal structure of mouse CD1d in complex with ganglioside GD3"
"ST_2351","Mannose Receptor","3AY4","Homo sapiens","Crystal structure of nonfucosylated Fc complexed with bis-glycosylated soluble form of Fc gamma receptor IIIa"
"ST_2352","Mannose Receptor","3B2D","Homo sapiens","Crystal structure of human RP105/MD-1 complex"
"ST_2353","Mannose Receptor","3B2U","Homo sapiens","Crystal structure of isolated domain III of the extracellular region of the epidermal growth factor receptor in complex with the Fab fragment of IMC-1"
"ST_2354","Mannose Receptor","3B2V","Homo sapiens","Crystal structure of the extracellular region of the epidermal growth factor receptor in complex with the Fab fragment of IMC-11F8"
"ST_2355","Mannose Receptor","3BES","Homo sapiens, Ectromelia virus","Structure of a Poxvirus ifngbp/ifng Complex"
"ST_2356","Mannose Receptor","3BT1","Homo sapiens","Structure of urokinase receptor, urokinase and vitronectin complex"
"ST_2357","Mannose Receptor","3C09","Homo sapiens","Crystal structure the Fab fragment of matuzumab (Fab72000) in complex with domain III of the extracellular region of EGFR"
"ST_2358","Mannose Receptor","3C2S","Homo sapiens","Structural Characterization of a Human Fc Fragment Engineered for Lack of Effector Functions"
"ST_2359","Mannose Receptor","3C9L","Bos taurus","Structure of ground-state bovine rhodospin in a hexagonal crystal form"
"ST_2360","Mannose Receptor","3CAP","Bos taurus","Crystal Structure of Native Opsin: the G Protein-Coupled Receptor Rhodopsin in its Ligand-free State"
"ST_2361","Mannose Receptor","3CIG","Mus musculus","Crystal structure of mouse TLR3 ectodomain"
"ST_2362","Mannose Receptor","3CIY","Mus musculus","Mouse Toll-like receptor 3 ectodomain complexed with double-stranded RNA"
"ST_2363","Mannose Receptor","3CY4","Bos taurus","Crystal Structure cation-dependent mannose 6-phosphate receptor at pH 7.4"
"ST_2364","Mannose Receptor","3CZU","Homo sapiens","Crystal structure of the human ephrin A2- ephrin A1 complex"
"ST_2365","Mannose Receptor","3D12","Mus musculus, Nipah virus","Crystal Structures of Nipah Virus G Attachment Glycoprotein in Complex with its Receptor Ephrin-B3"
"ST_2366","Mannose Receptor","3D2U","Homo sapiens,Human cytomegalovirus (strain AD169)","Structure of UL18, a Peptide-Binding Viral MHC Mimic, Bound to a Host Inhibitory Receptor"
"ST_2367","Mannose Receptor","3DGC","Homo sapiens","Structure of IL-22/IL-22R1"
"ST_2368","Mannose Receptor","3DQB","Bos taurus","Crystal structure of the active G-protein-coupled receptor opsin in complex with a C-terminal peptide derived from the Galpha subunit of transducin"
"ST_2369","Mannose Receptor","3E0G","Homo sapiens","Structure of the Leukemia Inhibitory Factor Receptor (LIF-R) domains D1-D5"
"ST_2370","Mannose Receptor","3F6K","Homo sapiens","Crystal structure of the Vps10p domain of human sortilin/NTS3 in complex with neurotensin"
"ST_2371","Mannose Receptor","3FCS","Homo sapiens","Structure of complete ectodomain of integrin aIIBb3"
"ST_2372","Mannose Receptor","3FCU","Homo sapiens","Structure of headpiece of integrin aIIBb3 in open conformation"
"ST_2373","Mannose Receptor","3FFO","Escherichia coli","F17b-G lectin domain with bound GlcNAc(beta1-2)man"
"ST_2374","Mannose Receptor","3FRU","Homo sapiens","NEONATAL FC RECEPTOR, PH 6.5"
"ST_2375","Mannose Receptor","3GBM","Influenza A virus","Crystal Structure of Fab CR6261 in Complex with a H5N1 influenza virus hemagglutinin."
"ST_2376","Mannose Receptor","3GBN","Influenza A virus (strain A/Brevig Mission/1/1918 H1N1)","Crystal Structure of Fab CR6261 in Complex with the 1918 H1N1 influenza virus hemagglutinin"
"ST_2377","Mannose Receptor","3HMG","Influenza A virus (strain A/Aichi/2/1968 H3N2)","REFINEMENT OF THE INFLUENZA VIRUS HEMAGGLUTININ BY SIMULATED ANNEALING"
"ST_2378","Mannose Receptor","3HSY","Rattus norvegicus","High resolution structure of a dimeric GluR2 N-terminal domain (NTD)"
"ST_2379","Mannose Receptor","3HUJ","Homo sapiens","Crystal structure of human CD1d-alpha-Galactosylceramide in complex with semi-invariant NKT cell receptor"
"ST_2380","Mannose Receptor","3I27","Breda virus 1","Structure of bovine torovirus Hemagglutinin-Esterase in complex with receptor"
"ST_2381","Mannose Receptor","3I2T","Drosophila melanogaster","Crystal structure of the unliganded Drosophila Epidermal Growth Factor Receptor ectodomain"
"ST_2382","Mannose Receptor","3IJE","Homo sapiens","Crystal structure of the complete integrin alhaVbeta3 ectodomain plus an Alpha/beta transmembrane fragment"
"ST_2383","Mannose Receptor","3IU3","Homo sapiens","Crystal structure of the Fab fragment of therapeutic antibody Basiliximab in complex with IL-2Ra (CD25) ectodomain"
"ST_2384","Mannose Receptor","3J8F","Poliovirus type 1 (strain Mahoney), Homo sapiens","Cryo-EM reconstruction of poliovirus-receptor complex"
"ST_2385","Mannose Receptor","3J9F","Homo sapiens","Poliovirus complexed with soluble, deglycosylated poliovirus receptor (Pvr) at 4 degrees C"
"ST_2386","Mannose Receptor","3JQH","Homo sapiens","Structure of the neck region of the glycan-binding receptor DC-SIGNR"
"ST_2387","Mannose Receptor","3K41","Bos taurus","Crystal structure of sCD-MPR mutant E19Q/K137M bound to Man-6-P"
"ST_2388","Mannose Receptor","3K42","Bos taurus","Crystal structure of sCD-MPR mutant E19Q/K137M pH 7.0"
"ST_2389","Mannose Receptor","3K43","Bos taurus","Crystal structure of sCD-MPR mutant E19Q/K137M pH 6.5"
"ST_2390","Mannose Receptor","3K6S","Homo sapiens","Structure of integrin alphaXbeta2 ectodomain"
"ST_2391","Mannose Receptor","3K71","Homo sapiens","Structure of integrin alphaX beta2 ectodomain"
"ST_2392","Mannose Receptor","3K72","Homo sapiens","Structure of integrin alphaX beta2"
"ST_2393","Mannose Receptor","3KAS","Homo sapiens, Machupo virus","Machupo virus GP1 bound to human transferrin receptor 1"
"ST_2394","Mannose Receptor","3KG2","Rattus norvegicus","AMPA subtype ionotropic glutamate receptor in complex with competitive antagonist ZK 200775"
"ST_2395","Mannose Receptor","3KJ4","Rattus norvegicus","Structure of rat Nogo receptor bound to 1D9 antagonist antibody"
"ST_2396","Mannose Receptor","3KQ4","Homo sapiens","Structure of Intrinsic Factor-Cobalamin bound to its receptor Cubilin"
"ST_2397","Mannose Receptor","3L5H","Homo sapiens","Crystal structure of the full ectodomain of human gp130: New insights into the molecular assembly of receptor complexes"
"ST_2398","Mannose Receptor","3LAF","Rattus norvegicus","Structure of DCC, a netrin-1 receptor, Alpha-CT peptide(704-719) and FAB 83-7"
"ST_2399","Mannose Receptor","3LCP","Homo sapiens","Crystal structure of the carbohydrate recognition domain of LMAN1 in complex with MCFD2"
"ST_2400","Mannose Receptor","3LTF","Drosophila melanogaster","Crystal Structure of the Drosophila Epidermal Growth Factor Receptor ectodomain in complex with Spitz"
"ST_2401","Mannose Receptor","3M6S","Influenza A virus","Crystal structure of H1N1pdm Hemagglutinin"
"ST_2402","Mannose Receptor","3MBW","Homo sapiens","Crystal structure of the human ephrin A2 LBD and CRD domains in complex with ephrin A1"
"ST_2403","Mannose Receptor","3MDJ","Homo sapiens","ER Aminopeptidase, ERAP1, Bound to the Zinc Aminopeptidase Inhibitor, Bestatin"
"ST_2404","Mannose Receptor","3MJ7","Homo sapiens","Crystal structure of the complex of JAML and Coxsackie and Adenovirus receptor,"
"ST_2405","Mannose Receptor","3MJ9","Mus musculus","Crystal structure of JAML in complex with the stimulatory antibody HL4E10"
"ST_2406","Mannose Receptor","3N85","Homo sapiens","Crystallographic trimer of HER2 extracellular regions in complex with tryptophan-rich antibody fragment"
"ST_2407","Mannose Receptor","3OG4","Homo sapiens","The crystal structure of human interferon lambda 1 complexed with its high affinity receptor in space group P21212"
"ST_2408","Mannose Receptor","3OG6","Homo sapiens","The crystal structure of human interferon lambda 1 complexed with its high affinity receptor in space group P212121"
"ST_2409","Mannose Receptor","3OL2","Homo sapiens","Receptor-ligand structure of Human Semaphorin 4D with Plexin B1."
"ST_2410","Mannose Receptor","3OM0","Rattus norvegicus","Crystal structure of the GluK5 (KA2) ATD crystallographic dimer at 1.4 Angstrom resolution"
"ST_2411","Mannose Receptor","3PMH","Homo sapiens","Mechanism of Sulfotyrosine-Mediated Glycoprotein Ib Interaction with Two Distinct alpha-Thrombin Sites"
"ST_2412","Mannose Receptor","3PQR","Bos taurus","Crystal structure of Metarhodopsin II in complex with a C-terminal peptide derived from the Galpha subunit of transducin"
"ST_2413","Mannose Receptor","3PXO","Bos taurus","Crystal structure of Metarhodopsin II"
"ST_2414","Mannose Receptor","3QEK","Xenopus laevis","Crystal structure of amino terminal domain of the NMDA receptor subunit GluN1"
"ST_2415","Mannose Receptor","3QEL","Xenopus laevis, Rattus norvegicus","Crystal structure of amino terminal domains of the NMDA receptor subunit GluN1 and GluN2B in complex with ifenprodil"
"ST_2416","Mannose Receptor","3QEM","Xenopus laevis, Rattus norvegicus","Crystal structure of amino terminal domains of the NMDA receptor subunit GluN1 and GluN2B in complex with Ro 25-6981"
"ST_2417","Mannose Receptor","3QIB","Mus musculus, Manduca sexta, Homo sapiens","Crystal structure of the 2B4 TCR in complex with MCC/I-Ek"
"ST_2418","Mannose Receptor","3QNF","Homo sapiens","Crystal structure of the open state of human endoplasmic reticulum aminopeptidase 1 ERAP1"
"ST_2419","Mannose Receptor","3QW9","Rattus norvegicus","Crystal structure of betaglycan ZP-C domain"
"ST_2420","Mannose Receptor","3QWQ","Homo sapiens","Crystal structure of the extracellular domain of the epidermal growth factor receptor in complex with an adnectin"
"ST_2421","Mannose Receptor","3R2X","Influenza A virus (strain A/Brevig Mission/1/1918 H1N1)","Crystal structure of the de novo designed binding protein HB36.3 in complex the the 1918 influenza virus hemagglutinin"
"ST_2422","Mannose Receptor","3REZ","Homo sapiens","glycoprotein GPIb variant"
"ST_2423","Mannose Receptor","3RIZ","Arabidopsis thaliana","Crystal structure of the plant steroid receptor BRI1 ectodomain"
"ST_2424","Mannose Receptor","3RJ0","Arabidopsis thaliana","Plant steroid receptor BRI1 ectodomain in complex with brassinolide"
"ST_2425","Mannose Receptor","3RJD","NA","Crystal structure of Fc RI and its implication to high affinity immunoglobulin G binding"
"ST_2426","Mannose Receptor","3RY6","Homo sapiens","Complex of fcgammariia (CD32) and the FC of human IGG1"
"ST_2427","Mannose Receptor","3SAJ","Rattus norvegicus","Crystal Structure of glutamate receptor GluA1 Amino Terminal Domain"
"ST_2428","Mannose Receptor","3SGJ","Homo sapiens","Unique carbohydrate-carbohydrate interactions are required for high affinity binding between FcgIII and antibodies lacking core fucose"
"ST_2429","Mannose Receptor","3SGK","Homo sapiens","Unique carbohydrate/carbohydrate interactions are required for high affinity binding of FcgIII and antibodies lacking core fucose"
"ST_2430","Mannose Receptor","3SH1","Aplysia californica","Ac-AChBP ligand binding domain mutated to human alpha-7 nAChR"
"ST_2431","Mannose Receptor","3SIO","Aplysia californica","Ac-AChBP ligand binding domain (not including beta 9-10 linker) mutated to human alpha-7 nAChR"
"ST_2432","Mannose Receptor","3SKU","Human herpesvirus 1, Homo sapiens","Herpes simplex virus glycoprotein D bound to the human receptor nectin-1"
"ST_2433","Mannose Receptor","3T3M","Homo sapiens","A Novel High Affinity Integrin alphaIIbbeta3 Receptor Antagonist That Unexpectedly Displaces Mg2+ from the beta3 MIDAS"
"ST_2434","Mannose Receptor","3T3P","Homo sapiens","A Novel High Affinity Integrin alphaIIbbeta3 Receptor Antagonist That Unexpectedly Displaces Mg2+ from the beta3 MIDAS"
"ST_2435","Mannose Receptor","3T6Q","Mus musculus","Crystal structure of mouse RP105/MD-1 complex"
"ST_2436","Mannose Receptor","3TGX","Homo sapiens","IL-21:IL21R complex"
"ST_2437","Mannose Receptor","3TH0","Salmonella phage P22","P22 Tailspike complexed with S.Paratyphi O antigen octasaccharide"
"ST_2438","Mannose Receptor","3U73","Homo sapiens","Crystal structure of stabilized human uPAR mutant in complex with ATF"
"ST_2439","Mannose Receptor","3UEZ","Homo sapiens, Epstein-Barr virus (strain B95-8)","Crystal structure of the human Colony-Stimulating Factor 1 (hCSF-1) cytokine in complex with the viral receptor BARF1"
"ST_2440","Mannose Receptor","3UL7","Homo sapiens. Eptatretus burgeri","Crystal structure of the TV3 mutant F63W"
"ST_2441","Mannose Receptor","3UL8","Homo sapiens, Eptatretus burgeri","Crystal structure of the TV3 mutant V134L"
"ST_2442","Mannose Receptor","3UL9","Homo sapiens, Eptatretus burgeri","structure of the TV3 mutant M41E"
"ST_2443","Mannose Receptor","3ULA","Homo sapiens, Eptatretus burgeri","Crystal structure of the TV3 mutant F63W-MD-2-Eritoran complex"
"ST_2444","Mannose Receptor","3ULU","Homo sapiens","Structure of quaternary complex of human TLR3ecd with three Fabs (Form1)"
"ST_2445","Mannose Receptor","3ULV","Homo sapiens","Structure of quaternary complex of human TLR3ecd with three Fabs (Form2)"
"ST_2446","Mannose Receptor","3V4P","Homo sapiens","crystal structure of a4b7 headpiece complexed with Fab ACT-1"
"ST_2447","Mannose Receptor","3V4V","Homo sapiens","crystal structure of a4b7 headpiece complexed with Fab ACT-1 and RO0505376"
"ST_2448","Mannose Receptor","3V7M","Homo sapiens","Crystal structure of monoclonal human anti-Rhesus D Fc IgG1 T125(YB2/0) in the presence of Zn2+"
"ST_2449","Mannose Receptor","3V8C","Homo sapiens","Crystal structure of monoclonal human anti-rhesus D Fc IgG1 t125(yb2/0) double mutant (H310 and H435 in K)"
"ST_2450","Mannose Receptor","3V95","Homo sapiens","Crystal structure of monoclonal human anti-rhesus D Fc and IgG1 t125(yb2/0) in the presence of EDTA"
"ST_2451","Mannose Receptor","3VI3","Homo sapiens","Crystal structure of alpha5beta1 integrin headpiece (ligand-free form)"
"ST_2452","Mannose Receptor","3VI4","Homo sapiens","Crystal structure of alpha5beta1 integrin headpiece in complex with RGD peptide"
"ST_2453","Mannose Receptor","3VYK","Mus musculus","Crystal structure of C-type lectin domain of murine dendritic cell inhibitory receptor 2 in complex with N-glycan"
"ST_2454","Mannose Receptor","3W11","Homo sapiens","Insulin receptor ectodomain construct comprising domains L1-CR in complex with human insulin"
"ST_2455","Mannose Receptor","3W12","Homo sapiens","Insulin receptor ectodomain construct comprising domains L1-CR in complex with high-affinity insulin analogue [D-PRO-B26]-DTI-NH2, alpha-CT peptide(70"
"ST_2456","Mannose Receptor","3W13","Homo sapiens","Insulin receptor ectodomain construct comprising domains L1-CR in complex with high-affinity insulin analogue [D-PRO-B26]-DTI-NH2, alphact peptide(693"
"ST_2457","Mannose Receptor","3W3G","Homo sapiens","Crystal structure of human TLR8 (unliganded form)"
"ST_2458","Mannose Receptor","3W3J","Homo sapiens","Crystal structure of human TLR8 in complex with CL097"
"ST_2459","Mannose Receptor","3W3K","Homo sapiens","Crystal structure of human TLR8 in complex with CL075"
"ST_2460","Mannose Receptor","3W3L","Homo sapiens","Crystal structure of human TLR8 in complex with Resiquimod (R848) crystal form 1"
"ST_2461","Mannose Receptor","3W3M","Homo sapiens","Crystal structure of human TLR8 in complex with Resiquimod (R848) crystal form 2"
"ST_2462","Mannose Receptor","3W3N","Homo sapiens","Crystal structure of human TLR8 in complex with Resiquimod (R848) crystal form 3"
"ST_2463","Mannose Receptor","3WHT","Homo sapiens","Crystal structure of ERGIC-53/MCFD2, Calcium-free form"
"ST_2464","Mannose Receptor","3WHU","Homo sapiens","Crystal structure of ERGIC-53/MCFD2, Calcium/Man2-bound form"
"ST_2465","Mannose Receptor","3WJJ","Homo sapiens","Crystal structure of IIb selective Fc variant, Fc(P238D)"
"ST_2466","Mannose Receptor","3WJL","Homo sapiens","Crystal structure of IIb selective Fc variant, Fc(V12)"
"ST_2467","Mannose Receptor","3WN4","Homo sapiens","Crystal structure of human TLR8 in complex with DS-877"
"ST_2468","Mannose Receptor","3WN5","Homo sapiens","Crystal structure of asymmetrically engineered Fc variant in complex with FcgRIIIa"
"ST_2469","Mannose Receptor","3WNX","Homo sapiens","Crystal structure of ERGIC-53/MCFD2"
"ST_2470","Mannose Receptor","3WO3","Homo sapiens","Crystal structure of IL-18 in complex with IL-18 receptor alpha"
"ST_2471","Mannose Receptor","3WO4","Homo sapiens","Crystal structure of the IL-18 signaling ternary complex"
"ST_2472","Mannose Receptor","3ZO0","Mus musculus","Mouse IgG2a in complex with mouse TRIM21 PRYSPRY"
"ST_2473","Mannose Receptor","4ADF","Homo sapiens, Epstein-Barr virus (strain B95-8)","CRYSTAL STRUCTURE OF THE HUMAN COLONY-STIMULATING FACTOR 1 (hCSF-1) CYTOKINE IN COMPLEX WITH THE VIRAL RECEPTOR BARF1"
"ST_2474","Mannose Receptor","4ADQ","Mus musculus, Epstein-Barr virus (strain B95-8)","CRYSTAL STRUCTURE OF THE MOUSE COLONY-STIMULATING FACTOR 1 (MCSF-1) CYTOKINE IN COMPLEX WITH THE VIRAL RECEPTOR BARF1"
"ST_2475","Mannose Receptor","4AFG","Capitella teleta","Capitella teleta AChBP in complex with varenicline"
"ST_2476","Mannose Receptor","4AFH","Capitella teleta","Capitella teleta AChBP in complex with lobeline"
"ST_2477","Mannose Receptor","4APQ","Mus musculus, Homo sapiens","Crystal structure of autoreactive-Valpha14-Vbeta6 NKT TCR in complex with CD1d-sulfatide"
"ST_2478","Mannose Receptor","4ARN","Drosophila melanogaster, Eptatretus burgeri","Crystal structure of the N-terminal domain of Drosophila Toll receptor"
"ST_2479","Mannose Receptor","4AUY","NA","Structure of the FimH lectin domain in the trigonal space group, PH 6.5"
"ST_2480","Mannose Receptor","4AV4","Escherichia coli (strain K12)","FimH lectin domain co-crystal with a alpha-D-mannoside O-linked to a propynyl pyridine"
"ST_2481","Mannose Receptor","4AVK","Escherichia coli (strain K12)","Structure of trigonal FimH lectin domain crystal soaked with an alpha- D-mannoside O-linked to propynyl pyridine at 2.4A resolution"
"ST_2482","Mannose Receptor","4BH2","Influenza A virus","Crystal Structure of the Haemagglutinin from a Transmissible Mutant H5 Influenza Virus"
"ST_2483","Mannose Receptor","4BH3","Influenza A virus","Haemagglutinin from a Transmissible Mutant H5 Influenza Virus in Complex with Human Receptor Analogue 6'-SLN"
"ST_2484","Mannose Receptor","4BH4","Influenza A virus","Haemagglutinin from a Transmissible Mutant H5 Influenza Virus in Complex with Avian Receptor Analogue 3'-SLN"
"ST_2485","Mannose Receptor","4BSR","Homo sapiens","Structure of the ectodomain of LGR5 in complex with R-spondin-1 (Fu1Fu2) in P22121 crystal form"
"ST_2486","Mannose Receptor","4BST","Homo sapiens","Structure of the ectodomain of LGR5 in complex with R-spondin-1 (Fu1Fu2) in P6122 crystal form"
"ST_2487","Mannose Receptor","4BSU","Homo sapiens","Structure of the ectodomain of LGR5 in complex with R-spondin-1 (Fu1Fu2) in C2 crystal form"
"ST_2488","Mannose Receptor","4BV4","Drosophila melanogaster, Eptatretus burgeri","Structure and allostery in Toll-Spatzle recognition"
"ST_2489","Mannose Receptor","4C7L","Murine coronavirus (strain S)","Crystal structure of Mouse Hepatitis virus strain S Hemagglutinin- esterase"
"ST_2490","Mannose Receptor","4C7W","Murine coronavirus (strain S)","Crystal structure of Mouse Hepatitis virus strain S Hemagglutinin- esterase in complex with 4-O-acetylated sialic acid"
"ST_2491","Mannose Receptor","4CDH","Homo sapiens","Crystallographic structure of the Human Igg1 alpha 2-6 sialilated Fc-Fragment"
"ST_2492","Mannose Receptor","4COF","Homo sapiens","Crystal structure of a human gamma-aminobutyric acid receptor, the GABA(A)R-beta3 homopentamer"
"ST_2493","Mannose Receptor","4CQP","Influenza A virus","Crystal Structure of H5 (VN1194) Ser227Asn/Gln196Arg Mutant Haemagglutinin"
"ST_2494","Mannose Receptor","4CQQ","Influenza A virus","H5 (VN1194) Ser227Asn/Gln196Arg Mutant Haemagglutinin in Complex with Avian Receptor Analogue 3'SLN"
"ST_2495","Mannose Receptor","4CQR","Influenza A virus","H5 (VN1194) Ser227Asn/Gln196Arg Mutant Haemagglutinin in Complex with Human Receptor Analogue 6'SLN"
"ST_2496","Mannose Receptor","4CQS","Influenza A virus","H5 (VN1194) Asn186Lys Mutant Haemagglutinin in Complex with Avian Receptor Analogue 3'SLN"
"ST_2497","Mannose Receptor","4CQU","Influenza A virus","H5 (VN1194) Asn186Lys Mutant Haemagglutinin in Complex with Human Receptor Analogue 6'SLN"
"ST_2498","Mannose Receptor","4CYV","Influenza A virus","Structure of the A_mallard_Sweden_51_2002 H10 Avian Haemmaglutinin"
"ST_2499","Mannose Receptor","4CYW","Influenza A virus","Structure of the A_mallard_Sweden_51_2002 H10 Avian Haemmaglutinin in complex with human receptor analog 6-SLN"
"ST_2500","Mannose Receptor","4CYZ","Influenza A virus","Structure of the A_mallard_Sweden_51_2002 H10 Avian Haemmaglutinin in complex with avian receptor analog LSTA"
"ST_2501","Mannose Receptor","4CZ0","Influenza A virus","Structure of the A_mallard_Sweden_51_2002 H10 Avian Haemmaglutinin in complex with avian receptor analog Su-3SLN"
"ST_2502","Mannose Receptor","4DBM","Aplysia californica","Aplysia californica-AChBP in complex with triazole 18"
"ST_2503","Mannose Receptor","4DKC","Homo sapiens","Crystal Structure of Human Interleukin-34"
"ST_2504","Mannose Receptor","4DKD","Homo sapiens","Crystal Structure of Human Interleukin-34 Bound to Human CSF-1R"
"ST_2505","Mannose Receptor","4DW0","Danio rerio","Crystal structure of the ATP-gated P2X4 ion channel in the closed, apo state at 2.9 Angstroms"
"ST_2506","Mannose Receptor","4DW1","NA","Crystal structure of the ATP-gated P2X4 ion channel in the ATP-bound,Â  open state at 2.8 Angstroms"
"ST_2507","Mannose Receptor","4EBY","Arabidopsis thaliana","Crystal structure of the ectodomain of a receptor like kinase"
"ST_2508","Mannose Receptor","4EBZ","Arabidopsis thaliana","Crystal structure of the ectodomain of a receptor like kinase"
"ST_2509","Mannose Receptor","4EI5","Mus musculus","Crystal Structure of XV19 TCR in complex with CD1d-sulfatide C24:1"
"ST_2510","Mannose Receptor","4EZM","Homo sapiens","Crystal structure of the human IgE-Fc(epsilon)3-4 bound to its B cell receptor derCD23"
"ST_2511","Mannose Receptor","4F0A","Mus musculus, Xenopus laevis","Crystal structure of XWnt8 in complex with the cysteine-rich domain of Frizzled 8"
"ST_2512","Mannose Receptor","4F7B","Homo sapiens","Structure of the lysosomal domain of limp-2"
"ST_2513","Mannose Receptor","4FMK","Mus musculus","Crystal structure of mouse nectin-2 extracellular fragment D1-D2"
"ST_2514","Mannose Receptor","4FN0","Mus musculus","Crystal structure of mouse nectin-2 extracellular fragment D1-D2, 2nd crystal form"
"ST_2515","Mannose Receptor","4FNK","Influenza A virus (strain A/Hong Kong/1/1968 H3N2)","Crystal structure of the A/Hong Kong/1/1968 (H3N2) influenza virus hemagglutinin"
"ST_2516","Mannose Receptor","4FOM","Homo sapiens","Crystal structure of human nectin-3 full ectodomain (D1-D3)"
"ST_2517","Mannose Receptor","4FQK","Influenza B virus","Influenza B/Brisbane/60/2008 hemagglutinin Fab CR8059 complex"
"ST_2518","Mannose Receptor","4FQM","Influenza B virus","Structure of B/Brisbane/60/2008 Influenza Hemagglutinin"
"ST_2519","Mannose Receptor","4FQP","Homo sapiens","Crystal structure of human Nectin-like 5 full ectodomain (D1-D3)"
"ST_2520","Mannose Receptor","4FQR","Influenza A virus (strain A/Hong Kong/1/1968 H3N2)","Crystal structure of broadly neutralizing antibody C05 bound to H3 influenza hemagglutinin"
"ST_2521","Mannose Receptor","4FWW","Homo sapiens","Crystal structure of the Sema-PSI extracellular domains of human RON receptor tyrosine kinase"
"ST_2522","Mannose Receptor","4G1E","Homo sapiens","Crystal structure of integrin alpha V beta 3 with coil-coiled tag."
"ST_2523","Mannose Receptor","4G1M","Homo sapiens","Re-refinement of alpha V beta 3 structure"
"ST_2524","Mannose Receptor","4GKO","Homo sapiens","Crystal structure of the calcium2+-bound human IgE-Fc(epsilon)3-4 bound to its B cell receptor derCD23"
"ST_2525","Mannose Receptor","4GMS","Influenza A virus (strain A/Victoria/3/1975 H3N2)","Crystal structure of heterosubtypic Fab S139/1 in complex with influenza A H3 hemagglutinin"
"ST_2526","Mannose Receptor","4GT7","Homo sapiens","An engineered disulfide bond reversibly traps the IgE-Fc3-4 in a closed, non-receptor binding conformation"
"ST_2527","Mannose Receptor","4GXU","Influenza A virus (strain A/Brevig Mission/1/1918 H1N1)","Crystal structure of antibody 1F1 bound to the 1918 influenza hemagglutinin"
"ST_2528","Mannose Receptor","4GXX","Influenza A virus (strain A/Brevig Mission/1/1918 H1N1)","Crystal structure of the "avianized" 1918 influenza virus hemagglutinin"
"ST_2529","Mannose Receptor","4GZO","H3N2 subtype","N2 neuraminidase of A/Tanzania/205/2010 H3N2 in complex with hepes"
"ST_2530","Mannose Receptor","4GZP","H3N2 subtype","N2 Neuraminidase of A/Tanzania/205/2010 H3N2 in complex with oseltamivir carboxylate"
"ST_2531","Mannose Receptor","4GZQ","H3N2 subtype","N2 neuraminidase of A/Tanzania/205/2010 H3N2 in complex with sialic acid"
"ST_2532","Mannose Receptor","4GZS","H3N2 subtype","N2 neuraminidase D151G mutant of a/Tanzania/205/2010 H3N2 in complex with hepes"
"ST_2533","Mannose Receptor","4GZT","H3N2 subtype","N2 neuraminidase D151G mutant of A/Tanzania/205/2010 H3N2 in complex with oseltamivir carboxylate"
"ST_2534","Mannose Receptor","4GZW","H3N2 subtype","N2 neuraminidase D151G mutant of A/Tanzania/205/2010 H3N2 in complex with avian sialic acid receptor"
"ST_2535","Mannose Receptor","4GZX","H3N2 subtype","N2 neuraminidase D151G mutant of A/Tanzania/205/2010 H3N2 in complex with human sialic acid receptor"
"ST_2536","Mannose Receptor","4HF5","Influenza A virus (strain A/Japan/305/1957 H2N2)","Crystal structure of Fab 8F8 in complex a H2N2 influenza virus hemagglutinin"
"ST_2537","Mannose Receptor","4HG4","Influenza A virus (strain A/Japan/305/1957 H2N2)","Crystal structure of Fab 2G1 in complex with a H2N2 influenza virus hemagglutinin"
"ST_2538","Mannose Receptor","4HMG","Influenza A virus (strain A/Aichi/2/1968 H3N2)","REFINEMENT OF THE INFLUENZA VIRUS HEMAGGLUTININ BY SIMULATED ANNEALING"
"ST_2539","Mannose Receptor","4HQ1","Arabidopsis thaliana","Crystal structure of an LRR protein with two solenoids"
"ST_2540","Mannose Receptor","4HSA","Homo sapiens","Structure of interleukin 17a in complex with il17ra receptor"
"ST_2541","Mannose Receptor","4IOP","Homo sapiens","Crystal structure of NKp65 bound to its ligand KACL"
"ST_2542","Mannose Receptor","4J0M","Arabidopsis thaliana","Crystal structure of BRL1 (LRR) in complex with brassinolide"
"ST_2543","Mannose Receptor","4J12","Homo sapiens","monomeric Fc"
"ST_2544","Mannose Receptor","4J4Q","Bos taurus","Crystal structure of active conformation of GPCR opsin stabilized by octylglucoside"
"ST_2545","Mannose Receptor","4J6G","Homo sapiens","CRYSTAL STRUCTURE OF LIGHT AND DcR3 COMPLEX"
"ST_2546","Mannose Receptor","4JF7","Parainfluenza virus 5 (strain W3)","Structure of the parainfluenza virus 5 (PIV5) hemagglutinin-neuraminidase (HN) ectodomain"
"ST_2547","Mannose Receptor","4JUG","Influenza A virus (strain A/Brevig Mission/1/1918 H1N1)","Crystal structure of 1918 pandemic influenza virus hemagglutinin mutant D225G"
"ST_2548","Mannose Receptor","4JZJ","Homo sapiens","Crystal Structure of Receptor-Fab Complex"
"ST_2549","Mannose Receptor","4K24","Homo sapiens","Structure of anti-uPAR Fab ATN-658 in complex with uPAR"
"ST_2550","Mannose Receptor","4KGG","Homo sapiens","Crystal structure of light mutant2 and dcr3 complex"
"ST_2551","Mannose Receptor","4KGQ","Homo sapiens","Crystal structure of a human light loop mutant in complex with dcr3"
"ST_2552","Mannose Receptor","4KI1","Homo sapiens","Primitive triclinic crystal form of the human IgE-Fc(epsilon)3-4 bound to its B cell receptor derCD23"
"ST_2553","Mannose Receptor","4KN1","Homo sapiens","Human folate receptor beta (FOLR2) in complex with the antifolate aminopterin"
"ST_2554","Mannose Receptor","4KR0","Human betacoronavirus 2c EMC/2012, Homo sapiens","Complex structure of MERS-CoV spike RBD bound to CD26"
"ST_2555","Mannose Receptor","4KRM","Homo sapiens","Nanobody/VHH domain 7D12 in complex with domain III of the extracellular region of EGFR, pH 3.5"
"ST_2556","Mannose Receptor","4KZN","Homo sapiens","crystal structure of human VEGF-A receptor binding domain"
"ST_2557","Mannose Receptor","4L72","Middle East respiratory syndrome-related coronavirus, Homo sapiens","Crystal structure of MERS-CoV complexed with human DPP4"
"ST_2558","Mannose Receptor","4LE7","Pseudomonas aeruginosa","The Crystal Structure of Pyocin L1 at 2.09 Angstroms"
"ST_2559","Mannose Receptor","4LEA","Pseudomonas aeruginosa","The Crystal Structure of Pyocin L1 bound to D-mannose at 2.55 Angstroms"
"ST_2560","Mannose Receptor","4LED","Pseudomonas aeruginosa","The Crystal Structure of Pyocin L1 bound to D-rhamnose at 2.37 Angstroms"
"ST_2561","Mannose Receptor","4LIQ","Homo sapiens","Structure of the extracellular domain of human CSF-1 receptor in complex with the Fab fragment of RG7155"
"ST_2562","Mannose Receptor","4LN3","Influenza A virus","The crystal structure of hemagglutinin from a H7N9 influenza virus (A/Shanghai/1/2013)"
"ST_2563","Mannose Receptor","4LN4","Influenza A virus","The crystal structure of hemagglutinin form a h7n9 influenza virus (a/shanghai/1/2013) in complex with lstb"
"ST_2564","Mannose Receptor","4LN6","Influenza A virus","The crystal structure of hemagglutinin from a h7n9 influenza virus (a/shanghai/2/2013)"
"ST_2565","Mannose Receptor","4LN8","Influenza A virus","The crystal structure of hemagglutinin from a h7n9 influenza virus (a/shanghai/2/2013) in complex with lstb"
"ST_2566","Mannose Receptor","4LSA","Arabidopsis thaliana","Crystal structure of BRI1 sud1 (Gly643Glu) bound to brassinolide"
"ST_2567","Mannose Receptor","4LSC","Arabidopsis thaliana","Isolated SERK1 co-receptor ectodomain at high resolution"
"ST_2568","Mannose Receptor","4LSX","Arabidopsis thaliana","Plant steroid receptor ectodomain bound to brassinolide and SERK1 co-receptor ectodomain"
"ST_2569","Mannose Receptor","4LXR","Drosophila melanogaster","Structure of the Toll - Spatzle complex, a molecular hub in Drosophila development and innate immunity"
"ST_2570","Mannose Receptor","4LXS","Drosophila melanogaster","Structure of the Toll - Spatzle complex, a molecular hub in Drosophila development and innate immunity (glycosylated form)"
"ST_2571","Mannose Receptor","4M4Y","Influenza A virus (strain swl A/California/04/2009 H1N1)","Crystal structure of a 2009 H1N1 influenza virus hemagglutinin with a stabilization mutation HA2 E47G"
"ST_2572","Mannose Receptor","4MHH","Influenza A virus (strain A/Goose/Guangdong/1/1996 H5N1 genotype Gs/Gd), Influenza A virus (strain A","Crystal structure of Fab H5M9 in complex with influenza virus hemagglutinin from A/Viet Nam/1203/2004 (H5N1)"
"ST_2573","Mannose Receptor","4MHI","Influenza A virus (strain A/Goose/Guangdong/1/1996 H5N1 genotype Gs/Gd)","Crystal structure of a H5N1 influenza virus hemagglutinin from A/goose/Guangdong/1/96"
"ST_2574","Mannose Receptor","4MHJ","Influenza A virus (strain A/Goose/Guangdong/1/1996 H5N1 genotype Gs/Gd)","Crystal structure of Fab H5M9 in complex with influenza virus hemagglutinin from A/goose/Guangdong/1/96 (H5N1)"
"ST_2575","Mannose Receptor","4MMX","Homo sapiens","Integrin AlphaVBeta3 ectodomain bound to the tenth domain of Fibronectin"
"ST_2576","Mannose Receptor","4MMY","Homo sapiens","Integrin AlphaVBeta3 ectodomain bound to the tenth domain of Fibronectin with the IAKGDWND motif"
"ST_2577","Mannose Receptor","4MMZ","Homo sapiens","Integrin AlphaVBeta3 ectodomain bound to an antagonistic tenth domain of Fibronectin"
"ST_2578","Mannose Receptor","4MQE","Homo sapiens","Crystal structure of the extracellular domain of human GABA(B) receptor in the apo form"
"ST_2579","Mannose Receptor","4MQF","Homo sapiens","Crystal structure of the extracellular domain of human GABA(B) receptor bound to the antagonist 2-hydroxysaclofen"
"ST_2580","Mannose Receptor","4MR7","Homo sapiens","Crystal structure of the extracellular domain of human GABA(B) receptor bound to the antagonist CGP54626"
"ST_2581","Mannose Receptor","4MR8","Homo sapiens","Crystal structure of the extracellular domain of human GABA(B) receptor bound to the antagonist CGP35348"
"ST_2582","Mannose Receptor","4MR9","Homo sapiens","Crystal structure of the extracellular domain of human GABA(B) receptor bound to the antagonist SCH50911"
"ST_2583","Mannose Receptor","4MRM","Homo sapiens","Crystal structure of the extracellular domain of human GABA(B) receptor bound to the antagonist phaclofen"
"ST_2584","Mannose Receptor","4MS1","Homo sapiens","Crystal structure of the extracellular domain of human GABA(B) receptor bound to the antagonist CGP46381"
"ST_2585","Mannose Receptor","4MSL","Homo sapiens","Crystal structure of the Vps10p domain of human sortilin/NTS3 in complex with AF40431"
"ST_2586","Mannose Receptor","4N0U","Homo sapiens","Ternary complex between Neonatal Fc receptor, serum albumin and Fc"
"ST_2587","Mannose Receptor","4N37","Homo sapiens","Structure of langerin CRD I313 D288 complexed with Me-Man"
"ST_2588","Mannose Receptor","4N4W","Homo sapiens, Shigella flexneri serotype 5b (strain 8401)","Structure of the human smoothened receptor in complex with SANT-1."
"ST_2589","Mannose Receptor","4N5J","Influenza A virus","Crystal structure of hemagglutinin from an H7N9 influenza virus"
"ST_2590","Mannose Receptor","4N5K","Influenza A virus","Crystal structure of hemagglutinin from an H7N9 influenza virus in complex with LSTa"
"ST_2591","Mannose Receptor","4N5Y","NA","Crystal structure of H5 hemagglutinin mutant (N158D, N224K and Q226L) from the influenza virus A/Viet Nam/1203/2004 (H5N1)"
"ST_2592","Mannose Receptor","4N5Z","NA","Crystal structure of aerosol transmissible influenza H5 hemagglutinin mutant (N158D, N224K"
"ST_2593","Mannose Receptor","4N60","Influenza A virus","Crystal structure of hemagglutinin from an H7N9 influenza virus in complex with LSTc"
"ST_2594","Mannose Receptor","4N62","Influenza A virus","Crystal structure of hemagglutinin from an H7N9 influenza virus in complex with a sulfated receptor analog"
"ST_2595","Mannose Receptor","4N7E","Homo sapiens","Crystal structure of the Vps10p domain of human sortilin/NTS3 in complex with AF38469"
"ST_2596","Mannose Receptor","4NEH","Homo sapiens","An internal ligand-bound, metastable state of a leukocyte integrin, aXb2"
"ST_2597","Mannose Receptor","4NEN","Homo sapiens","An internal ligand-bound, metastable state of a leukocyte integrin, aXb2"
"ST_2598","Mannose Receptor","4NRJ","Influenza B virus (strain B/Lee/1940)","Structure of hemagglutinin with F95Y mutation of influenza virus B/Lee/40"
"ST_2599","Mannose Receptor","4NRK","Influenza B virus (strain B/Lee/1940)","Structure of hemagglutinin with F95Y mutation of influenza virus B/Lee/40 complex with LSTc"
"ST_2600","Mannose Receptor","4NRL","Influenza B virus (strain B/Lee/1940)","Structure of hemagglutinin with F95Y mutation of influenza virus B/Lee/40"
"ST_2601","Mannose Receptor","4NZD","Homo sapiens","Interleukin 21 receptor"
"ST_2602","Mannose Receptor","4O02","Homo sapiens","AlphaVBeta3 integrin in complex with monoclonal antibody FAB fragment."
"ST_2603","Mannose Receptor","4O58","Influenza A virus (strain A/Victoria/3/1975 H3N2)","Crystal structure of broadly neutralizing antibody F045-092 in complex with A/Victoria/3/1975 (H3N2) influenza hemagglutinin"
"ST_2604","Mannose Receptor","4O5I","Influenza A virus","Crystal structure of broadly neutralizing antibody F045-092 in complex with A/Victoria/361/2011 (H3N2) influenza hemagglutinin"
"ST_2605","Mannose Receptor","4O5N","Influenza A virus","Crystal structure of A/Victoria/361/2011 (H3N2) influenza virus hemagglutinin"
"ST_2606","Mannose Receptor","4OGA","Homo sapiens","Insulin in complex with Site 1 of the human insulin receptor"
"ST_2607","Mannose Receptor","4OQT","Homo sapiens","LINGO-1/Li81 Fab complex"
"ST_2608","Mannose Receptor","4PE5","Rattus norvegicus","Crystal Structure of GluN1a/GluN2B NMDA Receptor Ion Channel"
"ST_2609","Mannose Receptor","4PIR","Mus musculus","X-ray structure of the mouse serotonin 5-HT3 receptor"
"ST_2610","Mannose Receptor","4PO7","Homo sapiens","Structure of the Sortilin:neurotensin complex at excess neurotensin concentration"
"ST_2611","Mannose Receptor","4PXF","Bos taurus","Crystal structure of the active G-protein-coupled receptor opsin in complex with the finger-loop peptide derived from the full-length arrestin-1"
"ST_2612","Mannose Receptor","4Q4B","Homo sapiens","Crystal structure of LIMP-2 (space group C2221)"
"ST_2613","Mannose Receptor","4Q4F","Homo sapiens","Crystal structure of LIMP-2 (space group C2)"
"ST_2614","Mannose Receptor","4QBZ","Homo sapiens","Crystal structure of human TLR8 in complex with DS-802"
"ST_2615","Mannose Receptor","4QC0","Homo sapiens","Crystal structure of human TLR8 in complex with XG-1-236"
"ST_2616","Mannose Receptor","4QGT","Homo sapiens","The Crystal Structure of Human IgG Fc Domain with Enhanced Aromatic Sequon"
"ST_2617","Mannose Receptor","4QT8","Homo sapiens","Crystal Structure of RON Sema-PSI-IPT1 extracellular domains in complex with MSP beta-chain"
"ST_2618","Mannose Receptor","4QZV","Bat coronavirus HKU4, Homo sapiens","Bat-derived coronavirus HKU4 uses MERS-CoV receptor human CD26 for cell entry"
"ST_2619","Mannose Receptor","4R07","Homo sapiens","Crystal structure of human TLR8 in complex with ORN06"
"ST_2620","Mannose Receptor","4R08","Homo sapiens","Crystal structure of human TLR8 in complex with ssRNA40"
"ST_2621","Mannose Receptor","4R09","Homo sapiens","Crystal structure of human TLR8 in complex with ORN06S"
"ST_2622","Mannose Receptor","4R0A","Homo sapiens","Crystal structure of human TLR8 in complex with uridine mononucleoside"
"ST_2623","Mannose Receptor","4R6A","Homo sapiens","Crystal structure of human TLR8 in complex with Hybrid-2"
"ST_2624","Mannose Receptor","4TVZ","Homo sapiens","Crystal Structure of SCARB2 in Neural Condition (pH7.5)"
"ST_2625","Mannose Receptor","4TW0","Homo sapiens","Crystal Structure of SCARB2 in Acidic Condition (pH4.8)"
"ST_2626","Mannose Receptor","4TW2","Homo sapiens","Crystal Structure of SCARB2 in Neural Condition (pH7.5)"
"ST_2627","Mannose Receptor","4U4G","Rattus norvegicus","Structure of GluA2* in complex with competitive antagonist ZK 200775"
"ST_2628","Mannose Receptor","4UI2","Homo sapiens","Crystal structure of the ternary RGMB-BMP2-NEO1 complex"
"ST_2629","Mannose Receptor","4UM8","Homo sapiens","Crystal structure of alpha V beta 6"
"ST_2630","Mannose Receptor","4UM9","Homo sapiens","Crystal structure of alpha V beta 6 with peptide"
"ST_2631","Mannose Receptor","4UV7","Homo sapiens","The complex structure of extracellular domain of EGFR and GC1118A"
"ST_2632","Mannose Receptor","4V3D","Homo sapiens","The CIDRa domain from HB3var03 PfEMP1 bound to endothelial protein C receptor"
"ST_2633","Mannose Receptor","4V3E","Homo sapiens","The CIDRa domain from IT4var07 PfEMP1 bound to endothelial protein C receptor"
"ST_2634","Mannose Receptor","4W4N","Homo sapiens","Crystal structure of human Fc at 1.80 A"
"ST_2635","Mannose Receptor","4W4O","Homo sapiens","High-resolution crystal structure of Fc bound to its human receptor Fc-gamma-RI"
"ST_2636","Mannose Receptor","4WE4","Influenza A virus (strain A/Hong Kong/1/1968 H3N2)","The crystal structure of hemagglutinin from 1968 H3N2 influenza virus"
"ST_2637","Mannose Receptor","4WE5","Influenza A virus (strain A/Port Chalmers/1/1973 H3N2)","The crystal structure of hemagglutinin from A/Port Chalmers/1/1973 influenza virus"
"ST_2638","Mannose Receptor","4WEF","Human respirovirus 3","Structure of the Hemagglutinin-neuraminidase from Human parainfluenza virus type III: complex with difluorosialic acid"
"ST_2639","Mannose Receptor","4WEG","Mus musculus","influenza virus neuraminidase N9 in complex 2,3-difluorosialic acid"
"ST_2640","Mannose Receptor","4WJK","Homo sapiens","Metal Ion and Ligand Binding of Integrin"
"ST_2641","Mannose Receptor","4WK0","Homo sapiens","Metal Ion and Ligand Binding of Integrin"
"ST_2642","Mannose Receptor","4WK2","Homo sapiens","Metal Ion and Ligand Binding of Integrin"
"ST_2643","Mannose Receptor","4WK4","Homo sapiens","Metal Ion and Ligand Binding of Integrin"
"ST_2644","Mannose Receptor","4X4M","Homo sapiens","Structure of FcgammaRI in complex with Fc reveals the importance of glycan recognition for high affinity IgG binding"
"ST_2645","Mannose Receptor","4XSS","Homo sapiens","Insulin-like growth factor I in complex with site 1 of a hybrid insulin receptor / Type 1 insulin-like growth factor receptor"
"ST_2646","Mannose Receptor","4Y19","Homo sapiens","immune complex"
"ST_2647","Mannose Receptor","4YGB","Homo sapiens","Crystal structure of ERGIC-53/MCFD2, monoclinic calcium-free form"
"ST_2648","Mannose Receptor","4YGC","Homo sapiens","Crystal structure of ERGIC-53/MCFD2, monoclinic calcium-free form"
"ST_2649","Mannose Receptor","4YGD","Homo sapiens","Crystal structure of ERGIC-53/MCFD2, monoclinic calcium-bound form 2"
"ST_2650","Mannose Receptor","4YGE","Homo sapiens","Crystal structure of ERGIC-53/MCFD2, trigonal calcium-bound form 2"
"ST_2651","Mannose Receptor","4YH6","Mus musculus","Crystal structure of IL1RAPL1 ectodomain"
"ST_2652","Mannose Receptor","4YH7","Mus musculus","Crystal structure of PTPdelta ectodomain in complex with IL1RAPL1"
"ST_2653","Mannose Receptor","4YYA","H6N1 subtype","The structure of hemagglutinin from a H6N1 influenza virus (A/Taiwan/2/2013) in complex with avian receptor analog 3'SLNLN"
"ST_2654","Mannose Receptor","4YYB","H6N1 subtype","The structure of hemagglutinin from a H6N1 influenza virus (A/Taiwan/2/2013) in complex with human receptor analog 6'SLNLN"
"ST_2655","Mannose Receptor","4Z7V","Triticum aestivum, Homo sapiens","L3-12 complex"
"ST_2656","Mannose Receptor","4Z7W","Homo sapiens, Triticum aestivum","T316 complex"
"ST_2657","Mannose Receptor","4ZNE","Homo sapiens","IgG1 Fc-FcgammaRI ecd complex"
"ST_2658","Mannose Receptor","4ZNO","Danio rerio","Crystal structure of Dln1 complexed with sucrose"
"ST_2659","Mannose Receptor","4ZNQ","Danio rerio","Crystal structure of Dln1 complexed with Man(alpha1-2)Man"
"ST_2660","Mannose Receptor","4ZNR","Danio rerio","Crystal structure of Dln1 complexed with Man(alpha1-3)Man"
"ST_2661","Mannose Receptor","4ZXB","Homo sapiens","Structure of the human insulin receptor ectodomain, IRDeltabeta construct"
"ST_2662","Mannose Receptor","5AFH","Homo sapiens, Lymnaea stagnalis","alpha7-AChBP in complex with lobeline"
"ST_2663","Mannose Receptor","5AFJ","Homo sapiens, Lymnaea stagnalis","alpha7-AChBP in complex with lobeline and fragment 1"
"ST_2664","Mannose Receptor","5AFK","Homo sapiens, Lymnaea stagnalis","alpha7-AChBP in complex with lobeline and fragment 2"
"ST_2665","Mannose Receptor","5AFL","Homo sapiens, Lymnaea stagnalis","alpha7-AChBP in complex with lobeline and fragment 3"
"ST_2666","Mannose Receptor","5AFN","Homo sapiens, Lymnaea stagnalis","alpha7-AChBP in complex with lobeline and fragment 5"
"ST_2667","Mannose Receptor","5AJM","Influenza A virus","H5 (VN1194) Asn186Lys Mutant Haemagglutinin in Complex with Avian Receptor Analogue 3'SLN"
"ST_2668","Mannose Receptor","5AO5","Homo sapiens","Endo180 D1-4"
"ST_2669","Mannose Receptor","5AO6","Homo sapiens","Endo180 D1-4, trigonal form"
"ST_2670","Mannose Receptor","5AWA","Homo sapiens","Crystal structure of human TLR8 in complex with MB-568"
"ST_2671","Mannose Receptor","5AWB","Homo sapiens","Crystal structure of human TLR8 in complex with N1-3-aminomethylbenzyl (meta-amine)"
"ST_2672","Mannose Receptor","5AWC","Homo sapiens","Crystal structure of human TLR8 in complex with MB-564"
"ST_2673","Mannose Receptor","5AWD","Homo sapiens","Crystal structure of human TLR8 in complex with N1-4-aminomethylbenzyl (IMDQ)"
"ST_2674","Mannose Receptor","5AZ5","Homo sapiens","Crystal structure of human TLR8 in complex with MB-343"
"ST_2675","Mannose Receptor","5B1X","Homo sapiens","Crystal structure of human dendritic cell inhibitory receptor (DCIR) C-type lectin domain in complex with biantennary glycan"
"ST_2676","Mannose Receptor","5B22","Mus musculus","Dimer structure of murine Nectin-3 D1D2"
"ST_2677","Mannose Receptor","5BW7","Homo sapiens","Crystal structure of nonfucosylated Fc Y296W mutant complexed with bis-glycosylated soluble form of Fc gamma receptor IIIa"
"ST_2678","Mannose Receptor","5CAY","Homo sapiens, Human immunodeficiency virus type 2 subtype A","Envelope glycoprotein gp120 core from HIV type 2 bound to the first two domains of human soluble CD4 receptor"
"ST_2679","Mannose Receptor","5D28","Ovis aries","Complex of GM-CSF/IL-2 inhibition factor with Granulocyte-macrophage colony-stimulating factor"
"ST_2680","Mannose Receptor","5D4Q","Homo sapiens","Crystal structure of GASDALIE IgG1 Fc"
"ST_2681","Mannose Receptor","5D6D","Homo sapiens","Crystal structure of GASDALIE IgG1 Fc in complex with FcgRIIIa"
"ST_2682","Mannose Receptor","5DI0","Danio rerio","Crystal structure of Dln1"
"ST_2683","Mannose Receptor","5DYS","Bos taurus","Crystal Structure of T94I rhodopsin mutant"
"ST_2684","Mannose Receptor","5E4K","Homo sapiens","Structure of ligand binding region of uPARAP at pH 7.4"
"ST_2685","Mannose Receptor","5E4L","Homo sapiens","Structure of ligand binding region of uPARAP at pH 5.3"
"ST_2686","Mannose Receptor","5E5W","Influenza D virus","Hemagglutinin-esterase-fusion mutant structure of influenza D virus"
"ST_2687","Mannose Receptor","5.00E+62","Influenza D virus","HEF-mut with Tr323 complex"
"ST_2688","Mannose Receptor","5.00E+64","Influenza D virus","Hemagglutinin-esterase-fusion protein structure of influenza D virus"
"ST_2689","Mannose Receptor","5.00E+65","Influenza D virus","The complex structure of Hemagglutinin-esterase-fusion mutant protein from the influenza D virus with receptor analog 9-O-Ac-3'SLN (Tr322)"
"ST_2690","Mannose Receptor","5.00E+66","Influenza D virus","The complex structure of Hemagglutinin-esterase-fusion mutant protein from the influenza D virus with receptor analog 9-N-Ac-Sia"
"ST_2691","Mannose Receptor","5EN0","Bos taurus","Crystal Structure of T94I rhodopsin mutant"
"ST_2692","Mannose Receptor","5ES4","Homo sapiens","RE-REFINEMENT OF INTEGRIN ALPHAXBETA2 ECTODOMAIN IN THE CLOSED/BENT CONFORMATION"
"ST_2693","Mannose Receptor","5EW6","Homo sapiens","Structure of ligand binding region of uPARAP at pH 7.4 without calcium"
"ST_2694","Mannose Receptor","5EWJ","Homo sapiens, Xenopus laevis","CRYSTAL STRUCTURE OF AMINO TERMINAL DOMAINS OF THE NMDA RECEPTOR SUBUNIT GLUN1 AND GLUN2B IN COMPLEX WITH IFENPRODIL"
"ST_2695","Mannose Receptor","5EWL","Xenopus laevis, Homo sapiens","CRYSTAL STRUCTURE OF AMINO TERMINAL DOMAINS OF THE NMDA RECEPTOR SUBUNIT GLUN1 AND GLUN2B IN COMPLEX WITH MK-22"
"ST_2696","Mannose Receptor","5EWM","Xenopus laevis, Homo sapiens","CRYSTAL STRUCTURE OF AMINO TERMINAL DOMAINS OF THE NMDA RECEPTOR SUBUNIT GLUN1 AND GLUN2B IN COMPLEX WITH EVT-101"
"ST_2697","Mannose Receptor","5FFG","Homo sapiens","Crystal structure of integrin alpha V beta 6 head"
"ST_2698","Mannose Receptor","5FFO","Homo sapiens","Integrin alpha V beta 6 in complex with pro-TGF-beta"
"ST_2699","Mannose Receptor","5FYN","Puumala orthohantavirus","Sub-tomogram averaging of Tula virus glycoprotein spike"
"ST_2700","Mannose Receptor","5GIJ","Arabidopsis thaliana","Crystal structure of TDR-TDIF complex"
"ST_2701","Mannose Receptor","5GS0","Homo sapiens","Crystal structure of the complex of TLR3 and bi-specific diabody"
"ST_2702","Mannose Receptor","5HBT","Bungarus multicinctus, Homo sapiens","Complex structure of Fab35 and human nAChR alpha1"
"ST_2703","Mannose Receptor","5HBV","Bungarus multicinctus","Complex structure of Fab35 and mouse nAChR alpha1"
"ST_2704","Mannose Receptor","5HDH","Homo sapiens","Crystal structure of human TLR8 with an uncleaved Z-loop"
"ST_2705","Mannose Receptor","5HJ3","Zaire ebolavirus (strain Kikwit-95)","Crystal structure of host-primed Ebola virus GP, GPcl."
"ST_2706","Mannose Receptor","5HMG","Influenza A virus (strain A/Aichi/2/1968 H3N2)","REFINEMENT OF THE INFLUENZA VIRUS HEMAGGLUTININ BY SIMULATED ANNEALING"
"ST_2707","Mannose Receptor","5HNS","Homo sapiens","Structure of glycosylated NPC1 luminal domain C"
"ST_2708","Mannose Receptor","5IEI","Homo sapiens","X-ray crystallographic structure of a high affinity IGF2 antagonist (Domain11 AB5 RHH) based on human IGF2R domain 11"
"ST_2709","Mannose Receptor","5IXQ","Arabidopsis thaliana","Crystal structure of the Arabidopsis receptor kinase HAESA LRR ectdomain in complex with the peptide hormone IDA."
"ST_2710","Mannose Receptor","5IXT","Arabidopsis thaliana","The crystal structure of the Arabidopsis receptor kinase HAESA LRR ectdomain in complex with a N-terminal extended IDA peptide hormone ligand."
"ST_2711","Mannose Receptor","5IYV","Arabidopsis thaliana","Crystal structure of the Arabidopsis receptor kinase HAESA LRR ectdomain in complex with the peptide hormone IDL1."
"ST_2712","Mannose Receptor","5J2S","Rattus norvegicus","NKR-P1B from Rattus norvegicus"
"ST_2713","Mannose Receptor","5J3H","Homo sapiens","Human insulin receptor domains L1-CR in complex with peptide S519C16 and 83-7 Fv"
"ST_2714","Mannose Receptor","5JIF","Murine coronavirus (strain DVIM)","Crystal structure of mouse hepatitis virus strain DVIM Hemagglutinin-Esterase"
"ST_2715","Mannose Receptor","5JKA","Homo sapiens","Crystal structure of human JUNO (crystal form 1)"
"ST_2716","Mannose Receptor","5JLV","Homo sapiens, Clostridium botulinum (strain Hall / ATCC 3502 / NCTC 13319 / Type A)","Receptor binding domain of Botulinum neurotoxin A in complex with human glycosylated SV2C"
"ST_2717","Mannose Receptor","5K33","Homo sapiens","Crystal structure of extracellular domain of HER2 in complex with Fcab STAB19"
"ST_2718","Mannose Receptor","5KUY","Influenza A virus (strain A/Hong Kong/1/1968 H3N2)","Influenza hemagglutinin H3 A/Hong Kong/1/1968 in complex with designed inhibitor protein HSB.2A"
"ST_2719","Mannose Receptor","5KV8","Human respirovirus 3","Crystal structure of a hPIV haemagglutinin-neuraminidase-inhibitor complex"
"ST_2720","Mannose Receptor","5KVM","Mus musculus","Extracellular region of mouse GPR56/ADGRG1 in complex with FN3 monobody"
"ST_2721","Mannose Receptor","5L2J","Homo sapiens","Crystal Structure of human CD1b in complex with C36-GMM"
"ST_2722","Mannose Receptor","5L56","Mus musculus","Plexin A1 full extracellular region, domains 1 to 10"
"ST_2723","Mannose Receptor","5L59","Mus musculus","Plexin A1 full extracellular region, domains 1 to 10"
"ST_2724","Mannose Receptor","5L5C","Mus musculus","Plexin A1 full extracellular region, domains 1 to 10"
"ST_2725","Mannose Receptor","5LDS","Sus scrofa","Structure of the porcine aminopeptidase N ectodomain"
"ST_2726","Mannose Receptor","5LGD","Homo sapiens","The CIDRa domain from MCvar1 PfEMP1 bound to CD36"
"ST_2727","Mannose Receptor","5LGK","Homo sapiens","Crystal structure of the human IgE-Fc bound to its B cell receptor derCD23"
"ST_2728","Mannose Receptor","5LZ3","Aichi virus 1, Homo sapiens","Crystal structure of human ACBD3 GOLD domain in complex with 3A protein of Aichivirus A"
"ST_2729","Mannose Receptor","5M5E","Homo sapiens","Crystal structure of a interleukin-2 variant in complex with interleukin-2 receptor"
"ST_2730","Mannose Receptor","5MGR","Homo sapiens","Human receptor NKR-P1 in glycosylated formÂ  extracellular domain"
"ST_2731","Mannose Receptor","5MH1","Crassostrea gigas","Crystal structure of a DM9 domain containing protein from Crassostrea gigas"
"ST_2732","Mannose Receptor","5MRI","Homo sapiens","Crystal structure of the Vps10p domain of human sortilin/NTS3 in complex with Triazolone 18"
"ST_2733","Mannose Receptor","5MXA","Homo sapiens","Structure of unbound Interleukin-23"
"ST_2734","Mannose Receptor","5MYA","Homo sapiens","Homodimerization of Tie2 Fibronectin-like domains 1-3 in space group C2"
"ST_2735","Mannose Receptor","5MYB","Homo sapiens","Homodimerization of Tie2 Fibronectin-like domains 2 and 3 in space group P21"
"ST_2736","Mannose Receptor","5MZV","Homo sapiens","IL-23:IL-23R:Nb22E11 complex"
"ST_2737","Mannose Receptor","5NEM","Foot-and-mouth disease virus - type O, Foot-and-mouth disease virus - type A, Homo sapiens","Localised reconstruction of alpha v beta 6 bound to Foot and Mouth Disease Virus O PanAsia - Pose A."
"ST_2738","Mannose Receptor","5NER","Homo sapiens, Foot-and-mouth disease virus - type A, Foot-and-mouth disease virus - type O","Localised reconstruction of alpha v beta 6 bound to Foot and Mouth Disease Virus O PanAsia - Pose A prime."
"ST_2739","Mannose Receptor","5NET","Foot-and-mouth disease virus - type O, Foot-and-mouth disease virus, Homo sapiens","Localised Reconstruction of Integrin alpha V beta 6 bound to Foot and Mouth Disease Virus O1 Manisa - Pose A."
"ST_2740","Mannose Receptor","5NFF","Morogoro mammarenavirus","Crystal structure of GP1 receptor binding domain from Morogoro virus"
"ST_2741","Mannose Receptor","5NJD","Homo sapiens","Structure of Interleukin 23 in complex with Briakinumab FAb"
"ST_2742","Mannose Receptor","5NMT","Mus musculus","Dimer structure of Sortilin ectodomain crystal form 1,2.3A"
"ST_2743","Mannose Receptor","5NNI","Mus musculus","Dimer structure of Sortilin ectodomain crystal form 2, 3.2 Angstrom"
"ST_2744","Mannose Receptor","5NNJ","Mus musculus","Dimer structure of Sortilin ectodomain crystal form 3, 4.0 Angstrom"
"ST_2745","Mannose Receptor","5NSJ","Whitewater Arroyo mammarenavirus","GP1 receptor-binding domain from Whitewater Arroyo mammarenavirus"
"ST_2746","Mannose Receptor","5NUZ","Junin mammarenavirus","Junin virus GP1 glycoprotein in complex with an antibody Fab fragment"
"ST_2747","Mannose Receptor","5O0N","Mus musculus","Deglycosylated Nogo Receptor with native disulfide structure 4"
"ST_2748","Mannose Receptor","5O4G","Homo sapiens","HER2 in complex with Fab MF3958"
"ST_2749","Mannose Receptor","5O7P","Homo sapiens","HER3 in complex with Fab MF3178"
"ST_2750","Mannose Receptor","5O8F","Homo sapiens","Structure of a chimaeric beta3-alpha5 GABAA receptor in complex with nanobody Nb25 and pregnanolone"
"ST_2751","Mannose Receptor","5OJM","Homo sapiens","Structure of a chimaeric beta3-alpha5 GABAA receptor in complex with nanobody Nb25"
"ST_2752","Mannose Receptor","5OUG","NA","Humanized alpha-AChBP (acetylcholine binding protein) in complex with lobeline and allosteric binder fragment 4."
"ST_2753","Mannose Receptor","5OUH","NA","Humanized alpha-AChBP (acetylcholine binding protein) in complex with lobeline."
"ST_2754","Mannose Receptor","5OUI","NA","Humanized alpha-AChBP (acetylcholine binding protein) in complex with allosteric binder fragment CU2017"
"ST_2755","Mannose Receptor","5TGO","Influenza A virus","Crystal structure of H10 hemagglutinin mutant (K158aA-D193T-Q226L-G228S) from Jiangxi-Donghu (2013) H10N8 influenza virus"
"ST_2756","Mannose Receptor","5TGU","Influenza A virus","Crystal structure of H10 hemagglutinin mutant (K158aA-D193T-Q226L-G228S) from Jiangxi-Donghu (2013) H10N8 influenza virus in complex with 6'-SLNLN"
"ST_2757","Mannose Receptor","5TGV","Influenza A virus","Crystal structure of H10 hemagglutinin mutant (K158aA-D193T-Q226L-G228S) from Jiangxi-Donghu (2013) H10N8 influenza virus in complex with 3'-SLN"
"ST_2758","Mannose Receptor","5TH0","Influenza A virus","Crystal structure of H10 hemagglutinin mutant (K158aA-Q226L-G228S) from Jiangxi-Donghu (2013) H10N8 influenza virus"
"ST_2759","Mannose Receptor","5TH1","Influenza A virus","Crystal structure of H10 hemagglutinin mutant (K158aA-Q226L-G228S) from Jiangxi-Donghu (2013) H10N8 influenza virus in complex with 6'-SLNLN"
"ST_2760","Mannose Receptor","5THB","Influenza A virus","Crystal structure of H10 hemagglutinin mutant (T193D-Q226L-G228S) from Jiangxi-Donghu (2013) H10N8 influenza virus"
"ST_2761","Mannose Receptor","5THC","Influenza A virus","Crystal structure of H10 hemagglutinin mutant (T193D-Q226L-G228S) from Jiangxi-Donghu (2013) H10N8 influenza virus in complex with 6'-SLNLN"
"ST_2762","Mannose Receptor","5THF","Influenza A virus (strain A/Hong Kong/1/1968 H3N2)","Crystal structure of H3 hemagglutinin with insertion of two amino acids in the 150-loop from the A/Hong Kong/1/1968 (H3N2) influenza virus"
"ST_2763","Mannose Receptor","5TP1","Mus musculus, Chlamydia trachomatis (strain D/UW-3/Cx)","The structure of the C-terminus of virulence protein IncE from Chlamydia trachomatis bound to Mus musculus SNX5-PX domain"
"ST_2764","Mannose Receptor","5TZN","Mus musculus","Structure of the viral immunoevasin m12 (Smith) bound to the natural killer cell receptor NKR-P1B (B6)"
"ST_2765","Mannose Receptor","5U8Q","Homo sapiens","Structure of the ectodomain of the human Type 1 insulin-like growth factor receptor in complex with IGF-I"
"ST_2766","Mannose Receptor","5UG0","Influenza A virus","Human antibody H2897 in complex with influenza hemagglutinin H1 Solomon Islands/03/2006"
"ST_2767","Mannose Receptor","5UGY","Influenza A virus, Influenza A virus","Influenza hemagglutinin in complex with a neutralizing antibody"
"ST_2768","Mannose Receptor","5UJZ","Influenza A virus","CryoEM structure of an influenza virus receptor-binding site antibody-antigen interface - Class 1"
"ST_2769","Mannose Receptor","5UK0","Influenza A virus","CryoEM structure of an influenza virus receptor-binding site antibody-antigen interface - Class 2"
"ST_2770","Mannose Receptor","5UK1","Influenza A virus","CryoEM structure of an influenza virus receptor-binding site antibody-antigen interface - Class 3"
"ST_2771","Mannose Receptor","5UK2","Influenza A virus","CryoEM structure of an influenza virus receptor-binding site antibody-antigen interface - Class 4"
"ST_2772","Mannose Receptor","5UPH","Homo sapiens","Lipids bound lysosomal integral membrane protein 2"
"ST_2773","Mannose Receptor","5UV4","Zea mays","Crystal Structure of Maize SIRK1 (sucrose-induced receptor kinase 1) kinase domain bound to AMP-PNP"
"ST_2774","Mannose Receptor","5UV8","Homo sapiens","Interleukin-3 Receptor Complex"
"ST_2775","Mannose Receptor","5V2A","Influenza A virus","Crystal structure of Fab H7.167 in complex with influenza virus hemagglutinin from A/Shanghai/02/2013 (H7N9)"
"ST_2776","Mannose Receptor","5V4E","Homo sapiens","Engineered human IgG Fc domain glyco801 (Fc801)"
"ST_2777","Mannose Receptor","5VAN","Homo sapiens","Crystal Structure of Beta-Klotho"
"ST_2778","Mannose Receptor","5VC1","Homo sapiens","Crystal structure of L-selectin lectin/EGF domains"
"ST_2779","Mannose Receptor","5VCJ","Mus musculus, Homo sapiens","Structure of alpha-galactosylphytosphingosine bound by CD1d and in complex with the Va14Vb8.2 TCR"
"ST_2780","Mannose Receptor","5VGP","Homo sapiens","Fc fragment of human IgG1 antibody, from NIST mAb"
"ST_2781","Mannose Receptor","5VJK","NA","Crystal structure of H7 hemagglutinin mutant (V186K, K193T"
"ST_2782","Mannose Receptor","5VKJ","Homo sapiens","Crystal structure of human CD22 Ig domains 1-3"
"ST_2783","Mannose Receptor","5VKM","Homo sapiens","Crystal structure of human CD22 Ig domains 1-3 in complex with alpha 2-6 sialyllactose"
"ST_2784","Mannose Receptor","5VL3","Homo sapiens","CD22 d1-d3 in complex with therapeutic Fab Epratuzumab"
"ST_2785","Mannose Receptor","5VMC","Influenza A virus (strain A/Brevig Mission/1/1918 H1N1)","Influenza hemagglutinin H1 mutant DH1 in complex with 6'SLN"
"ST_2786","Mannose Receptor","5VME","Homo sapiens","Crystal structure of human IgG1 Fc K248E,"
"ST_2787","Mannose Receptor","5VMF","Influenza A virus (strain A/Brevig Mission/1/1918 H1N1)","Influenza hemagglutinin H1 mutant DH1D in complex with 6'SLN"
"ST_2788","Mannose Receptor","5VMG","Influenza A virus, Influenza A virus (strain A/Brevig Mission/1/1918 H1N1)","Influenza hemagglutinin H1 mutant DH1E in complex with 6'SLN"
"ST_2789","Mannose Receptor","5VMJ","Influenza A virus (strain A/Brevig Mission/1/1918 H1N1), Influenza A virus","Influenza hemagglutinin H1 mutant DH1E in complex with 3'SLN"
"ST_2790","Mannose Receptor","5VN3","Human immunodeficiency virus 1, Homo sapiens","Cryo-EM model of B41 SOSIP.664 in complex with soluble CD4 (D1-D2) and fragment antigen binding variable domain of 17b"
"ST_2791","Mannose Receptor","5VN8","Human immunodeficiency virus 1","Cryo-EM model of B41 SOSIP.664 in complex with fragment antigen binding variable domain of b12"
"ST_2792","Mannose Receptor","5VTQ","Influenza A virus (strain A/Hong Kong/1/1968 H3N2)","Crystal structure of the A/Hong Kong/1/1968 (H3N2) influenza virus hemagglutinin G225L/L226S mutant in complex with 3'-SLN"
"ST_2793","Mannose Receptor","5VTR","Influenza A virus (strain A/Hong Kong/1/1968 H3N2)","Crystal structure of the A/Hong Kong/1/1968 (H3N2) influenza virus hemagglutinin G225L/L226S mutant in complex with 6'-SLN"
"ST_2794","Mannose Receptor","5VTU","Influenza A virus (strain A/Hong Kong/1/1968 H3N2)","Crystal structure of the A/Hong Kong/1/1968 (H3N2) influenza virus hemagglutinin G225L/L226S mutant apo form"
"ST_2795","Mannose Receptor","5VTV","Influenza A virus (strain A/Hong Kong/1/1968 H3N2)","Crystal structure of the A/Hong Kong/1/1968 (H3N2) influenza virus hemagglutinin G225M/L226T/S228A mutant in complex with 3'-SLN"
"ST_2796","Mannose Receptor","5VTW","Influenza A virus (strain A/Hong Kong/1/1968 H3N2)","Crystal structure of the A/Hong Kong/1/1968 (H3N2) influenza virus hemagglutinin G225M/L226T/S228A mutant in complex with 6'-SLN"
"ST_2797","Mannose Receptor","5VTX","Influenza A virus (strain A/Hong Kong/1/1968 H3N2)","Crystal structure of the A/Hong Kong/1/1968 (H3N2) influenza virus hemagglutinin G225M/L226T/S228A mutant apo form"
"ST_2798","Mannose Receptor","5VTY","Influenza A virus (strain A/Hong Kong/1/1968 H3N2)","Crystal structure of the A/Hong Kong/1/1968 (H3N2) influenza virus hemagglutinin G225Q/L226A mutant in complex with 3'-SLN"
"ST_2799","Mannose Receptor","5VTZ","Influenza A virus (strain A/Hong Kong/1/1968 H3N2)","Crystal structure of the A/Hong Kong/1/1968 (H3N2) influenza virus hemagglutinin G225Q/L226A mutant apo form"
"ST_2800","Mannose Receptor","5VU0","Homo sapiens","Crystal structure of the complex between afucosylated/galactosylated human IgG1 Fc and Fc gamma receptor IIIa (CD16A) with Man5 N-glycans"
"ST_2801","Mannose Receptor","5VU4","Influenza A virus (strain A/Hong Kong/1/1968 H3N2)","Crystal structure of the A/Hong Kong/1/1968 (H3N2) influenza virus hemagglutinin G225Q/L226A mutant in complex with 6'-SLN"
"ST_2802","Mannose Receptor","5W1K","Homo sapiens, Junin mammarenavirus","JUNV GP1 CR1-10 Fab CR1-28 Fab complex"
"ST_2803","Mannose Receptor","5W1M","Machupo virus, Homo sapiens","MACV GP1 CR1-07 Fab complex"
"ST_2804","Mannose Receptor","5W38","Homo sapiens","1.80A resolution structure of human IgG3 Fc (N392K)"
"ST_2805","Mannose Receptor","5WB7","Homo sapiens","Crystal structure of the epidermal growth factor receptor extracellular region in complex with epiregulin"
"ST_2806","Mannose Receptor","5WB8","Homo sapiens","Crystal structure of the epidermal growth factor receptor extracellular region in complex with epigen"
"ST_2807","Mannose Receptor","5WI8","Mus musculus","Crystal structure of murine 4-1BB from HEK293T cells in P21 space group"
"ST_2808","Mannose Receptor","5WIW","Mus musculus","Crystal structure of murine 4-1BB N128A mutant from HEK293T cells in P43 space group"
"ST_2809","Mannose Receptor","5WKE","Homo sapiens","Crystal Structure of Human CD1b in Complex with PS"
"ST_2810","Mannose Receptor","5WKG","Homo sapiens","Crystal Structure of Human CD1b in Complex with PA"
"ST_2811","Mannose Receptor","5WKT","Bos taurus","3.2-Angstrom In situ Mylar structure of bovine opsin at 100 K"
"ST_2812","Mannose Receptor","5WL1","Homo sapiens","Crystal Structure of Human CD1b in Complex with PG"
"ST_2813","Mannose Receptor","5WY8","Homo sapiens","Crystal structure of PTP delta Ig1-Ig3 in complex with IL1RAPL1 Ig1-Ig3"
"ST_2814","Mannose Receptor","5WYX","Homo sapiens","Crystal structure of human TLR8 in complex with CU-CPT8m"
"ST_2815","Mannose Receptor","5WYZ","Homo sapiens","Crystal structure of human TLR8 in complex with CU-CPT9b"
"ST_2816","Mannose Receptor","5WZY","Danio rerio","Crystal structure of the P2X4 receptor from zebrafish in the presence of CTP at 2.8 Angstroms"
"ST_2817","Mannose Receptor","5X2P","Oryzias latipes","Crystal structure of the medaka fish taste receptor T1r2a-T1r3 ligand binding domains in complex with L-glutamate"
"ST_2818","Mannose Receptor","5X2Q","Oryzias latipes","Crystal structure of the medaka fish taste receptor T1r2a-T1r3 ligand binding domains in complex with glycine"
"ST_2819","Mannose Receptor","5XBM","Homo sapiens","Structure of SCARB2-JL2 complex"
"ST_2820","Mannose Receptor","5XJE","Homo sapiens","Crystal structure of fucosylated IgG1 Fc complexed with bis-glycosylated soluble form of Fc gamma receptor IIIa"
"ST_2821","Mannose Receptor","5XJF","Homo sapiens","Crystal structure of fucosylated IgG Fc Y296W mutant complexed with bis-glycosylated soluble form of Fc gamma receptor IIIa"
"ST_2822","Mannose Receptor","5XTS","Homo sapiens","Crystal structure of the CysR-CTLD3 fragment of human MR at basic/neutral pH"
"ST_2823","Mannose Receptor","5XTW","Homo sapiens","Crystal structure of the CysR-CTLD2 fragment of human MR at acidic pH"
"ST_2824","Mannose Receptor","5XWD","Homo sapiens","Crystal structure of the complex of 059-152-Fv and EGFR-ECD"
"ST_2825","Mannose Receptor","5Y2Z","Homo sapiens","Crystal structure of human LGI1 EPTP and human ADAM22 complex"
"ST_2826","Mannose Receptor","5Y32","Mus musculus","Crystal structure of PTP delta Ig1-Ig2 in complex with IL1RAPL1"
"ST_2827","Mannose Receptor","5Y92","Arabidopsis thaliana","Crystal structure of ANXUR2 extracellular domain from Arabidopsis thaliana"
"ST_2828","Mannose Receptor","5YC5","Homo sapiens","Crystal structure of human IgG-Fc in complex with aglycan and optimized Fc gamma receptor IIIa"
"ST_2829","Mannose Receptor","5Z14","Homo sapiens","Crystal structure of human TLR8 in complex with CU-CPT9a"
"ST_2830","Mannose Receptor","5Z15","Homo sapiens","Crystal structure of human TLR8 in complex with CU-CPT9c"
"ST_2831","Mannose Receptor","5ZLN","synthetic construct","Crystal structure of mouse TLR9 in complex with two DNAs (CpG DNA and TCGCCA DNA)"
"ST_2832","Mannose Receptor","6AOP","Influenza A virus","Crystal structure of the A/Brisbane/10/2007 (H3N2) influenza virus hemagglutinin L194P mutant apo form"
"ST_2833","Mannose Receptor","6AOQ","Influenza A virus","Crystal structure of the A/Brisbane/10/2007 (H3N2) influenza virus hemagglutinin apo form"
"ST_2834","Mannose Receptor","6AOR","Influenza A virus","Crystal structure of the A/Brisbane/10/2007 (H3N2) influenza virus hemagglutinin apo form"
"ST_2835","Mannose Receptor","6AOS","Influenza A virus","Crystal structure of the A/Brisbane/10/2007 (H3N2) influenza virus hemagglutinin L194P mutant in complex with 3'-SLNLN"
"ST_2836","Mannose Receptor","6AOT","Influenza A virus","Crystal structure of the A/Brisbane/10/2007 (H3N2) influenza virus hemagglutinin L194P mutant in complex with 6'-SLNLN"
"ST_2837","Mannose Receptor","6AOU","Influenza A virus","Crystal structure of the A/Brisbane/10/2007 (H3N2) influenza virus hemagglutinin in complex with 3'-SLNLN"
"ST_2838","Mannose Receptor","6AOV","Influenza A virus","Crystal structure of the A/Brisbane/10/2007 (H3N2) influenza virus hemagglutinin in complex with 6'-SLNLN"
"ST_2839","Mannose Receptor","6B3S","Homo sapiens","Crystal structure of the Fab fragment of necitumumab (Fab11F8) in complex with domain III from a cetuximab resistant variant of EGFR (sEGFRd3-S468R)"
"ST_2840","Mannose Receptor","6BE1","Mus musculus","Cryo-EM structure of serotonin receptor"
"ST_2841","Mannose Receptor","6BHQ","Mus musculus","Mouse Immunoglobulin G 2c Fc fragment with complex-type glycan"
"ST_2842","Mannose Receptor","6BKM","Influenza A virus (strain A/Hong Kong/1/1968 H3N2), Influenza A virus (strain A/Northern Territory/6","Crystal structure of the A/Hong Kong/1/1968 (H3N2) influenza virus hemagglutinin E190D mutant apo form"
"ST_2843","Mannose Receptor","6BKN","Influenza A virus, Influenza A virus","Crystal structure of the A/Wyoming/3/2003 (H3N2) influenza virus hemagglutinin apo form"
"ST_2844","Mannose Receptor","6BKO","Influenza A virus, Influenza A virus","Crystal structure of the A/Wyoming/3/2003 (H3N2) influenza virus hemagglutinin D190E mutant apo form"
"ST_2845","Mannose Receptor","6BKP","Influenza A virus","Crystal structure of the A/Michigan/15/2014 (H3N2) influenza virus hemagglutinin apo form"
"ST_2846","Mannose Receptor","6BKQ","Influenza A virus (strain A/Hong Kong/1/1968 H3N2)","Crystal structure of the A/Hong Kong/1/1968 (H3N2) influenza virus hemagglutinin E190D mutant in complex with 6'-SLN"
"ST_2847","Mannose Receptor","6BKR","Influenza A virus, Influenza A virus","Crystal structure of the A/Wyoming/3/2003 (H3N2) influenza virus hemagglutinin in complex with 6'-SLN"
"ST_2848","Mannose Receptor","6BKS","Influenza A virus, Influenza A virus","Crystal structure of the A/Wyoming/3/2003 (H3N2) influenza virus hemagglutinin D190E mutant in complex with 6'-SLN"
"ST_2849","Mannose Receptor","6BP2","Lake Victoria marburgvirus (strain Ravn-87)","Therapeutic human monoclonal antibody MR191 bound to a marburgvirus glycoprotein"
"ST_2850","Mannose Receptor","6CE9","Homo sapiens","Insulin Receptor ectodomain in complex with two insulin molecules"
"ST_2851","Mannose Receptor","6CEB","Homo sapiens","Insulin Receptor ectodomain in complex with two insulin molecules - C1 symmetry"
"ST_2852","Mannose Receptor","6CEX","Influenza A virus (strain A/Hong Kong/1/1968 H3N2),","Crystal structure of the A/Hong Kong/1/1968 (H3N2) influenza virus hemagglutinin in complex with small molecule N-Cyclohexyltaurine"
"ST_2853","Mannose Receptor","6CNJ","Homo sapiens","Structure of the 2alpha3beta stiochiometry of the human Alpha4Beta2 nicotinic receptor"
"ST_2854","Mannose Receptor","6CNK","Homo sapiens","Structure of the 3alpha2beta stiochiometry of the human Alpha4Beta2 nicotinic receptor"
"ST_2855","Mannose Receptor","6CRV","Human SARS coronavirus, Enterobacteria phage T4","SARS Spike Glycoprotein, Stabilized variant, C3 symmetry"
"ST_2856","Mannose Receptor","6CRW","Human immunodeficiency virus 1","SARS Spike Glycoprotein, Stabilized variant"
"ST_2857","Mannose Receptor","6CRX","Human SARS coronavirus","SARS Spike Glycoprotein, Stabilized variant"
"ST_2858","Mannose Receptor","6CRZ","Human SARS coronavirus, Enterobacteria phage T4","SARS Spike Glycoprotein, Trypsin-cleaved, Stabilized variant, C3 symmetry"
"ST_2859","Mannose Receptor","6CS0","Human SARS coronavirus, Enterobacteria phage T4","SARS Spike Glycoprotein, Trypsin-cleaved, Stabilized variant, one S1 CTD in an upwards conformation"
"ST_2860","Mannose Receptor","6CS1","Human SARS coronavirus, Enterobacteria phage T4","SARS Spike Glycoprotein,Â  Trypsin-cleaved, Stabilized variant,two S1 CTDs in an upwards conformation"
"ST_2861","Mannose Receptor","6CS2","Â Human SARS coronavirus, Enterobacteria phage T4","SARS Spike Glycoprotein - human ACE2 complex, Stabilized variant, all ACE2-bound particles"
"ST_2862","Mannose Receptor","6D6T","Homo sapiens","Human GABA-A receptor alpha1-beta2-gamma2 subtype in complex with GABA and flumazenil, conformation B"
"ST_2863","Mannose Receptor","6D6U","Homo sapiens","Human GABA-A receptor alpha1-beta2-gamma2 subtype in complex with GABA and flumazenil, conformation A"
"ST_2864","Mannose Receptor","6EHO","Homo sapiens","Dimer of the Sortilin Vps10p domain at low pH"
"ST_2865","Mannose Receptor","6FB3","Gallus gallus","Teneurin 2 Partial Extracellular Domain"
"ST_2866","Mannose Receptor","6FG8","Arabidopsis thaliana","Crystal structure of the BIR3 - SERK1 complex from Arabidopsis thaliana."
"ST_2867","Mannose Receptor","6FIF","Arabidopsis thaliana","Crystal structure of the BRI1 Gly644-Asp (bri1-6) mutant from Arabidopsis thaliana."
"ST_2868","Mannose Receptor","6FIH","Arabidopsis thaliana","Crystal structure of the ANX2 ectodomain from Arabidopsis thaliana"
"ST_2869","Mannose Receptor","6FK6","Bos taurus","Crystal structure of N2C/D282C stabilized opsin bound to RS01"
"ST_2870","Mannose Receptor","6FK7","Bos taurus","Crystal structure of N2C/D282C stabilized opsin bound to RS06"
"ST_2871","Mannose Receptor","6FK8","Bos taurus","Crystal structure of N2C/D282C stabilized opsin bound to RS08"
"ST_2872","Mannose Receptor","6FK9","Bos taurus","Crystal structure of N2C/D282C stabilized opsin bound to RS09"
"ST_2873","Mannose Receptor","6FKA","Bos taurus","Crystal structure of N2C/D282C stabilized opsin bound to RS11"
"ST_2874","Mannose Receptor","6FKB","Bos taurus","Crystal structure of N2C/D282C stabilized opsin bound to RS13"
"ST_2875","Mannose Receptor","6FKC","Bos taurus","Crystal structure of N2C/D282C stabilized opsin bound to RS15"
"ST_2876","Mannose Receptor","6FKD","Bos taurus","Crystal structure of N2C/D282C stabilized opsin bound to RS16"
"ST_2877","Mannose Receptor","6G3W","Arabidopsis thaliana","Crystal structure of the BIR3 - SERK2 complex from Arabidopsis thaliana."
"ST_2878","Mannose Receptor","7NN9","Influenza A virus (strain A/Tern/Australia/G70C/1975 H11N9)","NATIVE INFLUENZA VIRUS NEURAMINIDASE SUBTYPE N9 (TERN)"
"ST_2879","Millectin","1BV4","Rattus norvegicus","APO-MANNOSE-BINDING PROTEIN-C"
"ST_2880","Millectin","1PW9","Homo sapiens","High resolution crystal structure of an active recombinant fragment of human lung surfactant protein D"
"ST_2881","Millectin","1PWB","Homo sapiens","High resolution crystal structure of an active recombinant fragment of human lung surfactant protein D with maltose"
"ST_2882","Millectin","2JWP","Xenopus laevis","Malectin"
"ST_2883","Millectin","2K46","Xenopus laevis","Xenopus laevis malectin complexed with nigerose (Glcalpha1-3Glc)"
"ST_2884","Millectin","2KR2","Xenopus laevis","Xenopus laevis malectin complexed with maltose (Glcalpha1-4Glc)"
"ST_2885","Millectin","2OX9","Mus musculus","Mouse Scavenger Receptor C-type Lectin carbohydrate-recognition domain."
"ST_2886","Millectin","3PAK","Rattus norvegicus","Crystal Structure of Rat Surfactant Protein A neck and carbohydrate recognition domain (NCRD) complexed with Mannose"
"ST_2887","Millectin","3PAQ","Rattus norvegicus","Surfactant Protein A neck and carbohydrate recognition domain (NCRD) complexed with alpha-methylmannose"
"ST_2888","Millectin","3PAR","Rattus norvegicus","Surfactant Protein-A neck and carbohydrate recognition domain (NCRD) in the absence of ligand"
"ST_2889","Millectin","3PBF","Rattus norvegicus","Surfactant Protein-A neck and carbohydrate recognition domain (NCRD) complexed with glycerol"
"ST_2890","Millectin","4DN8","Sus scrofa","Structure of porcine surfactant protein D neck and carbohydrate recognition domain complexed with mannose"
"ST_2891","Millectin","4.00E+52","Homo sapiens","Crystal structure of Haemophilus Eagan 4A polysaccharide bound human lung surfactant protein D"
"ST_2892","Millectin","4M17","Homo sapiens","Crystal Structure of Surfactant Protein-D D325A/R343V mutant"
"ST_2893","Millectin","4M18","Homo sapiens","Crystal Structure of Surfactant Protein-D D325A/R343V mutant in complex with trimannose (Man-a1,2Man-a1,2Man)"
"ST_2894","Millectin","4WR9","Rattus norvegicus","Crystal Structure of Surfactant Protein-A DED Mutant (E171D/P175E/K203D)"
"ST_2895","Millectin","4WRC","Rattus norvegicus","Crystal Structure of Surfactant Protein-A DEDN Mutant (E171D/P175E/R197N/K203D)"
"ST_2896","Millectin","4WRE","Rattus norvegicus","Crystal Structure of Surfactant Protein-A DEDN Mutant (E171D/P175E/R197N/K203D) Complexed with Inositol"
"ST_2897","Millectin","4WRF","Rattus norvegicus","Crystal Structure of Surfactant Protein-A DEDN Mutant (E171D/P175E/R197N/K203D) Complexed with Mannose"
"ST_2898","Millectin","4WUW","Rattus norvegicus","Crystal Structure of Surfactant Protein-A DED Mutant (E171D/P175E/K203D) Complexed with Inositol"
"ST_2899","Millectin","4WUX","Rattus norvegicus","Crystal Structure of Surfactant Protein-A DED Mutant (E171D/P175E/K203D) Complexed with Mannose"
"ST_2900","Millectin","4YLI","Homo sapiens","CL-K1 trimer"
"ST_2901","Millectin","4YMD","Homo sapiens","CL-K1 trimer bound to man(alpha1-2)man"
"ST_2902","Millectin","5FFR","Rattus norvegicus","Crystal Structure of Surfactant Protein-A complexed with phosphocholine"
"ST_2903","Millectin","5FFS","Rattus norvegicus","Crystal Structure of Surfactant Protein-A Y164A Mutant"
"ST_2904","Millectin","5FFT","Rattus norvegicus","Crystal Structure of Surfactant Protein-A Y221A Mutant"
"ST_2905","Millectin","5OXR","Homo sapiens","Crystal structure of human lung surfactant protein D trimeric fragment with bound ligand Salmonella enterica Minnesota R7 oligosaccharide"
"ST_2906","Millectin","5OXS","Homo sapiens","Crystal structure of human lung surfactant protein D trimeric fragment with bound ligand Salmonella enterica Minnesota R5 oligosaccharide"
"ST_2907","Millectin","6FIG","Arabidopsis thaliana","Crystal structure of the ANX1 ectodomain from Arabidopsis thaliana"
"ST_2908","Millectin","6FIH","Arabidopsis thaliana","Crystal structure of the ANX2 ectodomain from Arabidopsis thaliana"
"ST_2909","Mincle","3WH2","Homo sapiens","Human Mincle in complex with citrate"
"ST_2910","Mincle","3WH3","Homo sapiens","human Mincle, ligand free form"
"ST_2911","Mincle","3WHD","Â human MCL","C-type lectin"
"ST_2912","Mincle","4KZV","Bos taurus","Structure of the carbohydrate-recognition domain of the C-type lectin mincle bound to trehalose"
"ST_2913","Mincle","4KZW","Bos taurus","Structure of the carbohydrate-recognition domain of the C-type lectin mincle"
"ST_2914","Mincle","4ZRV","Bos taurus","Structure of cow mincle CRD complexed with trehalose mono butyrate"
"ST_2915","Mincle","4ZRW","Bos taurus","Structure of cow mincle complexed with trehalose"
"ST_2916","Mincle","5KTH","Bos taurus","Structure of cow mincle complexed with brartemicin"
"ST_2917","Mincle","5KTI","Bos taurus","Structure of cow mincle complexed with KMJ1"
"ST_2918","MjLecA","1MO3","Mycobacterium tuberculosis (strain ATCC 25618 / H37Rv)","RECA-ADP COMPLEX"
"ST_2919","MjLecA","1MO4","Mycobacterium tuberculosis (strain ATCC 25618 / H37Rv)","RECA-ATP-GAMMA-S COMPLEX"
"ST_2920","MjLecA","1MO5","Mycobacterium tuberculosis (strain ATCC 25618 / H37Rv)","RECA-ATP-GAMMA-S-MG COMPLEX"
"ST_2921","MjLecA","1MO6","Mycobacterium tuberculosis (strain ATCC 25618 / H37Rv)","RECA-DATP-MG COMPLEX"
"ST_2922","MjLecA","1NEV","NA","A-tract decamer"
"ST_2923","MjLecA","1UBC","Mycobacterium smegmatis (strain ATCC 700084 / mc(2)155)","Structure of Reca Protein"
"ST_2924","MjLecA","1UBE","Mycobacterium smegmatis (strain ATCC 700084 / mc(2)155)","MsRecA-ADP Complex"
"ST_2925","MjLecA","1UBF","Mycobacterium smegmatis (strain ATCC 700084 / mc(2)155)","MsREcA-ATPgS complex"
"ST_2926","MjLecA","1UBG","Mycobacterium smegmatis (strain ATCC 700084 / mc(2)155)","MsREcA-dATP complex"
"ST_2927","MjLecA","1VQQ","Staphylococcus aureus","Structure of Penicillin binding protein 2a from methicillin resistant Staphylococcus aureus strain 27r at 1.80 A resolution."
"ST_2928","MjLecA","2D45","Staphylococcus aureus (strain N315)","Crystal structure of the MecI-mecA repressor-operator complex"
"ST_2929","MjLecA","2G88","Mycobacterium smegmatis","MSRECA-dATP COMPLEX"
"ST_2930","MjLecA","2KR2","Xenopus laevis","Xenopus laevis malectin complexed with maltose (Glcalpha1-4Glc)"
"ST_2931","MjLecA","2MK6","Bacillus subtilis subsp. spizizenii ATCC 6633","Structure determination of substrate binding domain of MecA"
"ST_2932","MjLecA","2ODN","Mycobacterium smegmatis","MSRECA-dATP complex"
"ST_2933","MjLecA","2ODW","Mycobacterium smegmatis (strain ATCC 700084 / mc(2)155)","MSrecA-ATP-GAMA-S complex"
"ST_2934","MjLecA","2OE2","Mycobacterium smegmatis","MSrecA-native-low humidity 95%"
"ST_2935","MjLecA","2OEP","Mycobacterium smegmatis","MSrecA-ADP-complex"
"ST_2936","MjLecA","2OES","Mycobacterium smegmatis","MSrecA-native-SSB"
"ST_2937","MjLecA","2OFO","Mycobacterium smegmatis","MSrecA-native"
"ST_2938","MjLecA","2Y1Q","Bacillus subtilis (strain 168)","Crystal Structure of ClpC N-terminal Domain"
"ST_2939","MjLecA","2Y1R","Bacillus subtilis (strain 168)","Structure of MecA121 & ClpC N-domain complex"
"ST_2940","MjLecA","2YOI","NA","Crystal Structure of Ancestral Thioredoxin Relative to Last Eukaryotes Common Ancestor (LECA) from the Precambrian Period"
"ST_2941","MjLecA","2ZR0","Mycobacterium smegmatis (strain ATCC 700084 / mc(2)155)","MSRECA-Q196E mutant"
"ST_2942","MjLecA","2ZR7","Mycobacterium smegmatis (strain ATCC 700084 / mc(2)155)","Msreca native form II'"
"ST_2943","MjLecA","2ZR9","Mycobacterium smegmatis (strain ATCC 700084 / mc(2)155)","MsRecA Q196E dATP form IV"
"ST_2944","MjLecA","2ZRA","Mycobacterium smegmatis (strain ATCC 700084 / mc(2)155)","MsRecA Q196E ATPgS"
"ST_2945","MjLecA","2ZRB","Mycobacterium smegmatis (strain ATCC 700084 / mc(2)155)","MsRecA Q196E Form II'"
"ST_2946","MjLecA","2ZRC","Mycobacterium smegmatis (strain ATCC 700084 / mc(2)155)","MsRecA Q196N Form IV"
"ST_2947","MjLecA","2ZRD","Mycobacterium smegmatis (strain ATCC 700084 / mc(2)155)","MsRecA Q196N ADP form IV"
"ST_2948","MjLecA","2ZRE","Mycobacterium smegmatis (strain ATCC 700084 / mc(2)155)","MsRecA Q196N ATPgS form IV"
"ST_2949","MjLecA","2ZRF","Mycobacterium smegmatis (strain ATCC 700084 / mc(2)155)","MsRecA Q196N dATP form IV"
"ST_2950","MjLecA","2ZRG","Mycobacterium smegmatis (strain ATCC 700084 / mc(2)155)","MsRecA Q196N dATP form II'"
"ST_2951","MjLecA","2ZRH","Mycobacterium smegmatis (strain ATCC 700084 / mc(2)155)","MsRecA Q196A form IV"
"ST_2952","MjLecA","2ZRI","Mycobacterium smegmatis (strain ATCC 700084 / mc(2)155)","MsRecA Q196A ADP form IV"
"ST_2953","MjLecA","2ZRJ","Mycobacterium smegmatis (strain ATCC 700084 / mc(2)155)","MsRecA Q196A ATPgS form IV"
"ST_2954","MjLecA","2ZRK","Mycobacterium smegmatis (strain ATCC 700084 / mc(2)155)","MsRecA Q196A dATP form IV"
"ST_2955","MjLecA","2ZRL","Mycobacterium smegmatis (strain ATCC 700084 / mc(2)155)","MsRecA Q196A dATP FORM II'"
"ST_2956","MjLecA","2ZRM","Mycobacterium smegmatis (strain ATCC 700084 / mc(2)155)","MsRecA dATP form IV"
"ST_2957","MjLecA","2ZRN","Mycobacterium smegmatis (strain ATCC 700084 / mc(2)155)","MsRecA Form IV"
"ST_2958","MjLecA","2ZRO","Mycobacterium smegmatis (strain ATCC 700084 / mc(2)155)","MsRecA ADP form IV"
"ST_2959","MjLecA","2ZRP","Mycobacterium smegmatis (strain ATCC 700084 / mc(2)155)","MsRecA dATP form II'"
"ST_2960","MjLecA","3EXJ","Mus musculus","Crystal Structure of a p53 Core Tetramer Bound to DNA"
"ST_2961","MjLecA","3EXL","Mus musculus","Crystal Structure of a p53 Core Tetramer Bound to DNA"
"ST_2962","MjLecA","3J3R","Bacillus subtilis (strain 168)","Structural dynamics of the MecA-ClpC complex revealed by cryo-EM"
"ST_2963","MjLecA","3J3S","Bacillus subtilis (strain 168)","Structural dynamics of the MecA-ClpC complex revealed by cryo-EM"
"ST_2964","MjLecA","3J3T","Bacillus subtilis (strain 168)","Structural dynamics of the MecA-ClpC complex revealed by cryo-EM"
"ST_2965","MjLecA","3J3U","Bacillus subtilis (strain 168)","Structural dynamics of the MecA-ClpC complex revealed by cryo-EM"
"ST_2966","MjLecA","3JTN","Bacillus subtilis (strain 168)","Crystal Structure of the c-terminal domain of YpbH"
"ST_2967","MjLecA","3JTO","Bacillus subtilis (strain 168)","Crystal structure of the c-terminal domain of YpbH"
"ST_2968","MjLecA","3JTP","Bacillus subtilis (strain 168)","crystal structure of the C-terminal domain of MecA"
"ST_2969","MjLecA","3LY2","Homo sapiens","Catalytic Domain of Human Phosphodiesterase 4B in Complex with A Coumarin-Based Inhibitor"
"ST_2970","MjLecA","3PXG","Bacillus subtilis (strain 168)","Structure of MecA121 and ClpC1-485 complex"
"ST_2971","MjLecA","3PXI","Bacillus subtilis (strain 168)","Structure of MecA108:ClpC"
"ST_2972","MjLecA","3QK5","Rattus norvegicus","Crystal structure of fatty acid amide hydrolase with small molecule inhibitor"
"ST_2973","MjLecA","3R2N","Mycobacterium leprae (strain Br4923)","Crystal structure of cytidine deaminase from Mycobacterium leprae"
"ST_2974","MjLecA","3ZTG","Homo sapiens","Solution structure of the RING finger-like domain of Retinoblastoma Binding Protein-6 (RBBP6)"
"ST_2975","MjLecA","3ZYB","Pseudomonas aeruginosa (strain ATCC 15692 / DSM 22644 / CIP 104116 / JCM 14847 / LMG 12228 / 1C / PR","CRYSTAL STRUCTURE OF PA-IL LECTIN COMPLEXED WITH GALAG0 AT 2.3 A RESOLUTION"
"ST_2976","MjLecA","3ZYF","Pseudomonas aeruginosa (strain ATCC 15692 / DSM 22644 / CIP 104116 / JCM 14847 / LMG 12228 / 1C / PR","CRYSTAL STRUCTURE OF PA-IL LECTIN COMPLEXED WITH NPG AT 1.9 A RESOLUTION"
"ST_2977","MjLecA","3ZYH","Pseudomonas aeruginosa (strain ATCC 15692 / DSM 22644 / CIP 104116 / JCM 14847 / LMG 12228 / 1C / PR","CRYSTAL STRUCTURE OF PA-IL LECTIN COMPLEXED WITH GALBG0 AT 1.5 A RESOLUTION"
"ST_2978","MjLecA","4A6S","Pseudomonas aeruginosa (strain ATCC 15692 / DSM 22644 / CIP 104116 / JCM 14847 / LMG 12228 / 1C / PR","Structure of the PAIL lectin from Pseudomonas aeruginosa in complex with 2-Naphtyl-1-thio-beta-D-galactopyranoside"
"ST_2979","MjLecA","4AL9","Pseudomonas aeruginosa (strain ATCC 15692 / DSM 22644 / CIP 104116 / JCM 14847 / LMG 12228 / 1C / PR","Crystal structure of the lectin PA-IL from Pseudomonas aeruginoas in complex with melibiose"
"ST_2980","MjLecA","4CHS","Glycine max","Crystal structure of a tau class glutathione transferase 10 from Glycine max"
"ST_2981","MjLecA","4CP9","Pseudomonas aeruginosa (strain ATCC 15692 / DSM 22644 / CIP 104116 / JCM 14847 / LMG 12228 / 1C / PR","Crystal structure OF lecA lectin complexed with a divalent galactoside at 1.65 angstrom"
"ST_2982","MjLecA","4CPB","Pseudomonas aeruginosa (strain ATCC 15692 / DSM 22644 / CIP 104116 / JCM 14847 / LMG 12228 / 1C / PR","CRYSTAL STRUCTURE OF LECA IN COMPLEX WITH A DIVALENT GALACTOSIDE AT 1. 57 ANGSTROM IN MAGNESIUM"
"ST_2983","MjLecA","4ECP","Mycobacterium leprae (strain TN)","X-ray crystal structure of Inorganic Pyrophosphate PPA from Mycobacterium leprae"
"ST_2984","MjLecA","4EO9","Mycobacterium leprae (strain Br4923)","Crystal structure of a phosphoglycerate mutase gpm1 from Mycobacterium leprae"
"ST_2985","MjLecA","4J07","Mycobacterium leprae (strain Br4923)","Crystal structure of a PROBABLE RIBOFLAVIN SYNTHASE, BETA CHAIN RIBH (6,7-dimethyl-8-ribityllumazine synthase,Crystal structure of a PROBABLE RIBOFLAV"
"ST_2986","MjLecA","4LJH","Pseudomonas aeruginosa (strain ATCC 15692 / DSM 22644 / CIP 104116 / JCM 14847 / LMG 12228 / 1C / PR","Crystal Structure of Pseudomonas aeruginosa Lectin LecA Complexed with 1-Methyl-3-indolyl-b-D-galactopyranoside at 1.45 A Resolution"
"ST_2987","MjLecA","4LK6","Pseudomonas aeruginosa (strain ATCC 15692 / DSM 22644 / CIP 104116 / JCM 14847 / LMG 12228 / 1C / PR","Crystal Structure of Pseudomonas aeruginosa Lectin LecA Complexed with Chlorophenol Red-b-D-galactopyranoside at 2.86 A Resolution"
"ST_2988","MjLecA","4LK7","Pseudomonas aeruginosa (strain ATCC 15692 / DSM 22644 / CIP 104116 / JCM 14847 / LMG 12228 / 1C / PR","Crystal Structure of Pseudomonas aeruginosa Lectin LecA Complexed with Resorufin-b-D-galactopyranoside at 1.76 A Resolution"
"ST_2989","MjLecA","4LKD","Pseudomonas aeruginosa (strain ATCC 15692 / DSM 22644 / CIP 104116 / JCM 14847 / LMG 12228 / 1C / PR","Crystal Structure of Pseudomonas aeruginosa Lectin LecA Complexed with GalA-QRS at 2.31 A Resolution"
"ST_2990","MjLecA","4LKE","Pseudomonas aeruginosa (strain ATCC 15692 / DSM 22644 / CIP 104116 / JCM 14847 / LMG 12228 / 1C / PR","Crystal Structure of Pseudomonas aeruginosa Lectin LecA Complexed with GalA-WRI at 1.65 A Resolution"
"ST_2991","MjLecA","4LKF","Pseudomonas aeruginosa (strain ATCC 15692 / DSM 22644 / CIP 104116 / JCM 14847 / LMG 12228 / 1C / PR","Crystal Structure of Pseudomonas aeruginosa Lectin LecA Complexed with GalA-WKY at 1.64 A Resolution"
"ST_2992","MjLecA","4OQF","Mycobacterium tuberculosis (strain CDC 1551 / Oshkosh)","Mycobacterium tuberculosis RecA glycerol bound low temperature structure IIB-SR"
"ST_2993","MjLecA","4PO1","Mycobacterium tuberculosis (strain CDC 1551 / Oshkosh)","Mycobacterium tuberculosis RecA glycerol bound room temperature structure IIC-RT"
"ST_2994","MjLecA","4PO8","Mycobacterium tuberculosis (strain ATCC 25618 / H37Rv)","Mycobacterium tuberculosis RecA glycerol bound low temperature structure IIC-CR"
"ST_2995","MjLecA","4PO9","Mycobacterium tuberculosis (strain ATCC 25618 / H37Rv)","Mycobacterium tuberculosis RecA glycerol bound low temperature structure IIC-BR"
"ST_2996","MjLecA","4POA","Mycobacterium tuberculosis (strain ATCC 25618 / H37Rv)","Mycobacterium tuberculosis RecA glycerol bound low temperature structure IIC-BN"
"ST_2997","MjLecA","4PPF","Mycobacterium tuberculosis (strain ATCC 25618 / H37Rv)","Mycobacterium tuberculosis RecA citrate bound low temperature structure IIA-N"
"ST_2998","MjLecA","4PPG","Mycobacterium tuberculosis (strain ATCC 25618 / H37Rv)","Mycobacterium tuberculosis RecA citrate bound low temperature structure IIA-BR"
"ST_2999","MjLecA","4PPN","Mycobacterium tuberculosis (strain ATCC 25618 / H37Rv)","Mycobacterium tuberculosis RecA citrate bound low temperature structure IIA-BN"
"ST_3000","MjLecA","4PPQ","Mycobacterium tuberculosis (strain ATCC 25618 / H37Rv)","Mycobacterium tuberculosis RecA citrate bound low temperature structure IIA-CR"
"ST_3001","MjLecA","4PQF","Mycobacterium tuberculosis (strain ATCC 25618 / H37Rv)","Mycobacterium tuberculosis RecA glycerol bound low temperature structure IIB-CR"
"ST_3002","MjLecA","4PQR","Mycobacterium tuberculosis (strain ATCC 25618 / H37Rv)","Mycobacterium tuberculosis RecA glycerol bound low temperature structure IIB-BN"
"ST_3003","MjLecA","4PQY","Mycobacterium tuberculosis (strain ATCC 25618 / H37Rv)","Mycobacterium tuberculosis RecA glycerol bound low temperature structure IIC-N4"
"ST_3004","MjLecA","4TOP","Glycine max","Glycine max glutathione transferase"
"ST_3005","MjLecA","4UT5","Pseudomonas aeruginosa (strain PA7)","Crystal structure of the LecB lectin from Pseudomonas aeruginosa strain PA7 in complex with lewis a tetrasaccharide"
"ST_3006","MjLecA","4WKW","Mycobacterium leprae (strain Br4923)","Crystal Structure of a Conserved Hypothetical Protein from Mycobacterium leprae Determined by Iodide SAD Phasing"
"ST_3007","MjLecA","4YW6","Pseudomonas aeruginosa (strain ATCC 15692 / DSM 22644 / CIP 104116 / JCM 14847 / LMG 12228 / 1C / PR","Structural Insight into Divalent Galactoside Binding to Pseudomonas aeruginosa lectin LecA"
"ST_3008","MjLecA","4YW7","Pseudomonas aeruginosa (strain ATCC 15692 / DSM 22644 / CIP 104116 / JCM 14847 / LMG 12228 / 1C / PR","Structural Insight into Divalent Galactoside Binding to Pseudomonas aeruginosa lectin LecA"
"ST_3009","MjLecA","4YWA","Pseudomonas aeruginosa (strain ATCC 15692 / DSM 22644 / CIP 104116 / JCM 14847 / LMG 12228 / 1C / PR","Structural Insight into Divalent Galactoside Binding to Pseudomonas aeruginosa lectin LecA"
"ST_3010","MjLecA","5AGY","Glycine max","CRYSTAL STRUCTURE OF A TAU CLASS GST MUTANT FROM GLYCINE"
"ST_3011","MjLecA","5D21","Pseudomonas aeruginosa (strain ATCC 15692 / DSM 22644 / CIP 104116 / JCM 14847 / LMG 12228 / 1C / PR","Multivalency Effects in Glycopeptide Dendrimer Inhibitors of Pseudomonas aeruginosa Biofilms Targeting Lectin LecA"
"ST_3012","MjLecA","5LCZ","Homo sapiens","Chimeric GST"
"ST_3013","MjLecA","5LD0","Homo sapiens","Chimeric GST"
"ST_3014","MjLecA","5MIH","Pseudomonas aeruginosa (strain ATCC 15692 / DSM 22644 / CIP 104116 / JCM 14847 / LMG 12228 / 1C / PR","Crystal structure of the lectin LecA from Pseudomonas aeruginosa in complex with a phenyl-epoxy-galactopyranoside"
"ST_3015","MjLecA","5T7X","NA","Crystal structure of HHV-4 EBNA1 DNA binding domain (patient-derived, nasopharyngeal carcinoma) bound to DNA"
"ST_3016","MjLecA","5WMF","Epstein-Barr virus (strain B95-8)","Crystal structure of the Hexameric Ring of Epstein-Barr Virus Nuclear Antigen-1, EBNA1"
"ST_3017","MjLecA","6EMW","Staphylococcus aureus (strain NCTC 8325), Staphylococcus aureus (strain bovine RF122 / ET3-1)","Structure of S.aureus ClpC in complex with MecA"
"ST_3018","MrCTL","1AIE","Homo sapiens","P53 TETRAMERIZATION DOMAIN CRYSTAL STRUCTURE"
"ST_3019","MrCTL","1B5M","Rattus norvegicus","RAT OUTER MITOCHONDRIAL MEMBRANE CYTOCHROME B5"
"ST_3020","MrCTL","1BX7","Hirudo medicinalis","HIRUSTASIN FROM HIRUDO MEDICINALIS AT 1.2 ANGSTROMS"
"ST_3021","MrCTL","1BX8","Hirudo medicinalis","HIRUSTASIN FROM HIRUDO MEDICINALIS AT 1.4 ANGSTROMS"
"ST_3022","MrCTL","1C94","NA","REVERSING THE SEQUENCE OF THE GCN4 LEUCINE ZIPPER DOES NOT AFFECT ITS FOLD."
"ST_3023","MrCTL","1EJB","Saccharomyces cerevisiae (strain ATCC 204508 / S288c)","LUMAZINE SYNTHASE FROM SACCHAROMYCES CEREVISIAE"
"ST_3024","MrCTL","1F4A","Escherichia coli (strain K12)","E. COLI (LACZ) BETA-GALACTOSIDASE (NCS CONSTRAINED MONOMER-ORTHORHOMBIC)"
"ST_3025","MrCTL","1F4H","Escherichia coli (strain K12)","E. COLI (LACZ) BETA-GALACTOSIDASE (ORTHORHOMBIC)"
"ST_3026","MrCTL","1FG2","Mus musculus","CRYSTAL STRUCTURE OF THE LCMV PEPTIDIC EPITOPE GP33 IN COMPLEX WITH THE MURINE CLASS I MHC MOLECULE H-2DB"
"ST_3027","MrCTL","1GES","Escherichia coli (strain K12)","ANATOMY OF AN ENGINEERED NAD-BINDING SITE"
"ST_3028","MrCTL","1GET","Escherichia coli (strain K12)","ANATOMY OF AN ENGINEERED NAD-BINDING SITE"
"ST_3029","MrCTL","1GEU","Escherichia coli (strain K12)","ANATOMY OF AN ENGINEERED NAD-BINDING SITE"
"ST_3030","MrCTL","1HIA","Sus scrofa, Hirudo medicinalis","KALLIKREIN COMPLEXED WITH HIRUSTASIN"
"ST_3031","MrCTL","1HW6","Corynebacterium sp. (strain ATCC 31090)","CRYSTAL STRUCTURE OF APO-2,5-DIKETO-D-GLUCONATE REDUCTASE"
"ST_3032","MrCTL","1I5O","Escherichia coli (strain K12)","CRYSTAL STRUCTURE OF MUTANT R105A OF E. COLI ASPARTATE TRANSCARBAMOYLASE"
"ST_3033","MrCTL","1JQZ","Homo sapiens","Human Acidic Fibroblast Growth Factor. 141 Amino Acid Form with Amino Terminal His Tag."
"ST_3034","MrCTL","1JT3","Homo sapiens","Human Acidic Fibroblast Growth Factor. 141 Amino Acid Form with Amino Histidine Tag AND LEU 73 REPLACED BY VAL (L73V)"
"ST_3035","MrCTL","1JT4","Homo sapiens","Human Acidic Fibroblast Growth Factor. 141 Amino Acid Form with Amino Terminal His Tag AND VAL 109 REPLACED BY LEU (V109L)"
"ST_3036","MrCTL","1JT5","Homo sapiens","Human Acidic Fibroblast Growth Factor. 141 Amino Acid Form with Amino Terminal His Tag AND LEU 73 REPLACED BY VAL AND VAL 109 REPLACED BY LEU (L73V/V1"
"ST_3037","MrCTL","1JT7","Homo sapiens","Human Acidic Fibroblast Growth Factor. 141 Amino Acid Form with Amino Terminal His Tag AND LEU 44 REPLACED BY PHE AND LEU 73 REPLACED BY VAL AND VAL 1"
"ST_3038","MrCTL","1JTC","Homo sapiens","Human Acidic Fibroblast Growth Factor. 141 Amino Acid Form with Amino Terminal His Tag AND LEU 44 REPLACED BY PHE (L44F)"
"ST_3039","MrCTL","1KKC","Neosartorya fumigata (strain ATCC MYA-4609 / Af293 / CBS 101355 / FGSC A1100)","Crystal structure of Aspergillus fumigatus MnSOD"
"ST_3040","MrCTL","1KLX","Helicobacter pylori (strain ATCC 700392 / 26695)","Helicobacter pylori cysteine rich protein B (hcpB)"
"ST_3041","MrCTL","1KSO","Homo sapiens","CRYSTAL STRUCTURE OF APO S100A3"
"ST_3042","MrCTL","1OUV","Helicobacter pylori (strain ATCC 700392 / 26695)","Helicobacter cysteine rich protein C (HcpC)"
"ST_3043","MrCTL","1RCL","Gibberella fujikuroi","THE THREE DIMENSIONAL STRUCTURE OF GUANINE-SPECIFIC RIBONUCLEASE F1 IN SOLUTION DETERMINED BY NMR SPECTROSCOPY AND DISTANCE GEOMETRY"
"ST_3044","MrCTL","1RCT","Homo sapiens","Crystal structure of Human purine nucleoside phosphorylase complexed with INOSINE"
"ST_3045","MrCTL","1RTL","Hepatitis C virus genotype 1a","CRYSTAL STRUCTURE OF HCV NS3 PROTEASE DOMAIN: NS4A PEPTIDE COMPLEX WITH COVALENTLY BOUND PYRROLIDINE-5,5-TRANSLACTAM INHIBITOR"
"ST_3046","MrCTL","2BRA","Mus musculus","Structure of N-Terminal FAD Binding motif of mouse MICAL"
"ST_3047","MrCTL","2BRY","Mus musculus","Crystal structure of the native monooxygenase domain of MICAL at 1.45 A resolution"
"ST_3048","MrCTL","2C4C","Mus musculus","Crystal structure of the NADPH-treated monooxygenase domain of MICAL"
"ST_3049","MrCTL","2CTL","Homo sapiens","Solution structure of the 13th KH type I domain from human Vigilin"
"ST_3050","MrCTL","2D88","Homo sapiens","Solution structure of the CH domain from human MICAL-3 protein"
"ST_3051","MrCTL","2DK9","Homo sapiens","Solution structure of Calponin Homology domain of Human MICAL-1"
"ST_3052","MrCTL","2DKO","Homo sapiens","Extended substrate recognition in caspase-3 revealed by high resolution X-ray structure analysis"
"ST_3053","MrCTL","2E9K","Homo sapiens","Solution structure of the CH domain from human MICAL-2"
"ST_3054","MrCTL","2FBE","Homo sapiens","Crystal Structure of the PRYSPRY-domain"
"ST_3055","MrCTL","2ING","Homo sapiens","X-ray Structure of the BRCA1 BRCT mutant M1775K"
"ST_3056","MrCTL","2JZP","Finegoldia magna","NMR solution structure of Kx5Q ProtL mutant"
"ST_3057","MrCTL","2KAC","Finegoldia magna","NMR solution structure of KX6E protL mutant"
"ST_3058","MrCTL","2KSP","Homo sapiens","Mechanism for the selective interaction of C-terminal EH-domain proteins with specific NPF-containing partners"
"ST_3059","MrCTL","2VXB","Schizosaccharomyces pombe (strain 972 / ATCC 24843)","Structure of the Crb2-BRCT2 domain"
"ST_3060","MrCTL","2VXC","Schizosaccharomyces pombe (strain 972 / ATCC 24843)","Structure of the Crb2-BRCT2 domain complex with phosphopeptide."
"ST_3061","MrCTL","2XEN","NA","Structural Determinants for Improved Thermal Stability of Designed Ankyrin Repeat Proteins With a Redesigned C-capping Module."
"ST_3062","MrCTL","3AL2","Homo sapiens","Crystal Structure of TopBP1 BRCT7/8"
"ST_3063","MrCTL","3AL3","Homo sapiens","Crystal Structure of TopBP1 BRCT7/8-BACH1 peptide complex"
"ST_3064","MrCTL","3COJ","Homo sapiens","Crystal Structure of the BRCT Domains of Human BRCA1 in Complex with a Phosphorylated Peptide from Human Acetyl-CoA Carboxylase 1"
"ST_3065","MrCTL","3CTL","Escherichia coli (strain K12)","Crystal structure of D-Allulose 6-Phosphate 3-Epimerase from Escherichia coli K12 complexed with D-glucitol 6-phosphate and magnesium"
"ST_3066","MrCTL","3HUE","Schizosaccharomyces pombe (strain 972 / ATCC 24843)","Structure of the S. pombe Nbs1 FHA-BRCT1-BRCT2 domains"
"ST_3067","MrCTL","3HUF","Schizosaccharomyces pombe (strain 972 / ATCC 24843)","Structure of the S. pombe Nbs1-Ctp1 complex"
"ST_3068","MrCTL","3L40","Schizosaccharomyces pombe (strain 972 / ATCC 24843)","Crystal Structure of S. pombe Brc1 BRCT5-BRCT6 domains"
"ST_3069","MrCTL","3L41","Schizosaccharomyces pombe (strain 972 / ATCC 24843)","Crystal Structure of S. pombe Brc1 BRCT5-BRCT6 domains in complex with phosphorylated H2A"
"ST_3070","MrCTL","3LFK","Thermoplasma volcanium (strain ATCC 51530 / DSM 4299 / JCM 9571 / NBRC 15438 / GSS1)","A reported archaeal mechanosensitive channel is a structural homolog of MarR-like transcriptional regulators"
"ST_3071","MrCTL","3RTL","Staphylococcus aureus (strain N315)","Staphylococcus aureus heme-bound IsdB-N2"
"ST_3072","MrCTL","3SQD","Homo sapiens","Crystal structure of human PTIP BRCT5/6-gamma H2AX complex"
"ST_3073","MrCTL","3U3Z","Homo sapiens","Structure of human microcephalin (MCPH1) tandem BRCT domains in complex with an H2A.X peptide phosphorylated at Ser139 and Tyr142"
"ST_3074","MrCTL","3UEN","Homo sapiens","Crystal structure of TopBP1 BRCT4/5 domains"
"ST_3075","MrCTL","3UEO","Homo sapiens","Crystal structure of TopBP1 BRCT4/5 domains in complex with a phospho-peptide"
"ST_3076","MrCTL","4BMC","Schizosaccharomyces pombe (strain 972 / ATCC 24843)","Crystal structure of s.pombe Rad4 BRCT1"
"ST_3077","MrCTL","4BMD","Schizosaccharomyces pombe (strain 972 / ATCC 24843)","Crystal structure of S.pombe Rad4 BRCT3"
"ST_3078","MrCTL","4DB6","NA","Designed Armadillo repeat protein (YIIIM3AII)"
"ST_3079","MrCTL","4DB8","NA","Designed Armadillo-repeat Protein"
"ST_3080","MrCTL","4DB9","NA","Designed Armadillo repeat protein (YIIIM3AIII)"
"ST_3081","MrCTL","4DYA","Influenza A virus (strain A/Wilson-Smith/1933 H1N1)","Crystal Structure of WSN/A Influenza Nucleoprotein with BMS-885986 Ligand Bound"
"ST_3082","MrCTL","4DYB","Influenza A virus (strain A/Wilson-Smith/1933 H1N1)","Crystal Structure of WSN/A Influenza Nucleoprotein with BMS-883559 Ligand Bound"
"ST_3083","MrCTL","4DYN","Influenza A virus (strain A/Wilson-Smith/1933 H1N1)","Crystal Structure of WSN/A Influenza Nucleoprotein with BMS-885838 Ligand Bound"
"ST_3084","MrCTL","4DYP","Influenza A virus (strain A/Wilson-Smith/1933 H1N1)","Crystal Structure of WSN/A Influenza Nucleoprotein with BMS-831780 Ligand Bound"
"ST_3085","MrCTL","4DYS","Influenza A virus","Crystal Structure of Apo Swine Flu Influenza Nucleoprotein"
"ST_3086","MrCTL","4DYT","Â influenza A virus (strain A/Wilson-Smith/1933 H1N1)","Crystal Structure of WSN/A Influenza Nucleoprotein with Three Mutations (E53D ,Y289H)"
"ST_3087","MrCTL","4FHV","Schizosaccharomyces pombe (strain 972 / ATCC 24843)","Crystal structures of the Cid1 poly (U) polymerase reveal the mechanism for UTP selectivity - MgCTP bound"
"ST_3088","MrCTL","4HS6","Hepacivirus C","Hepatitus C envelope glycoprotein E2 fragment 412-423 with humanized and affinity-matured antibody MRCT10.v362"
"ST_3089","MrCTL","4PLQ","Â Escherichia coli (strain K12)","Crystal Structures of Designed Armadillo Repeat Proteins: Implications of Construct Design and Crystallization Conditions on Overall Structure."
"ST_3090","MrCTL","4RCL","Mycobacterium smegmatis (strain ATCC 700084 / mc(2)155)","Structure of EspG3 chaperone from the type VII (ESX-3) secretion system"
"ST_3091","MrCTL","4RTL","synthetic construct","Complex of Escherichia coli DNA Adenine Methyltransferase (DAM) with Sinefungin and with DNA Containing Distal Pap Regulon Sequence"
"ST_3092","MrCTL","4TXI","Mus musculus","Construct of MICAL-1 containing the monooxygenase and calponin homology domains"
"ST_3093","MrCTL","4TXK","Mus musculus","Construct of MICAL-1 containing the monooxygenase and calponin homology domains"
"ST_3094","MrCTL","5LE0","Homo sapiens","MICAL1 Cterminal domain"
"ST_3095","MrCTL","5LE3","NA","Crystal structure of DARPin-DARPin rigid fusion, variant DD_D12_09_D12"
"ST_3096","MrCTL","5LE4","NA","Crystal structure of DARPin-DARPin rigid fusion, variant DD_D12_11_D12"
"ST_3097","MrCTL","5LEA","NA","Crystal structure of DARPin-DARPin rigid fusion, variant DD_Off7_12_3G124"
"ST_3098","MrCTL","5LEB","NA","Crystal structure of DARPin-DARPin rigid fusion, variant DDD_D12_06_D12_06_D12"
"ST_3099","MrCTL","5LED","NA","Crystal structure of DARPin-DARPin rigid fusion, variant DDD_D12_12_D12_12_D12"
"ST_3100","MrCTL","5LEE","NA","Crystal structure of DARPin-DARPin rigid fusion, variant DDD_D12_12_D12_12_D12"
"ST_3101","MrCTL","5LPN","Homo sapiens","Structure of human Rab10 in complex with the bMERB domain of Mical-1"
"ST_3102","MrCTL","5OJ9","Physeter catodon","Structure of Mb NMH"
"ST_3103","MrCTL","5SZG","Homo sapiens","Structure of the bMERB domain of Mical-3"
"ST_3104","MrCTL","5SZH","Homo sapiens","Structure of human Rab1b in complex with the bMERB domain of Mical-cL"
"ST_3105","MrCTL","5SZI","Homo sapiens","Structure of human Rab8a in complex with the bMERB domain of Mical-cL"
"ST_3106","MrCTL","5SZJ","Homo sapiens","Structure of human Rab10 in complex with the bMERB domain of Mical-cL"
"ST_3107","MrCTL","5SZK","Homo sapiens","Structure of human N-terminally engineered Rab1b in complex with the bMERB domain of Mical-cL"
"ST_3108","MrCTL","5T7B","Mus musculus","Argonaute-2 - 5'-(E)-vinylphosphonate 2'-O-methyl-uridine modified mrTTR guide RNA complex"
"ST_3109","MrCTL","5U6K","Homo sapiens","Crystal structure of TopBP1 BRCT4/5 in complex with a BLM phosphopeptide"
"ST_3110","MrCTL","5UBO","Homo sapiens","Mical-oxidized Actin complex with Gelsolin Segment 1"
"ST_3111","MrCTL","5UJ7","Homo sapiens","Structure of the active form of human Origin Recognition Complex ATPase motor moduleÂ  Oryctolagus cuniculus"
"ST_3112","MrCTL","5UJ8","Homo sapiens","Human Origin Recognition Complex subunits 2 and 3"
"ST_3113","MrCTL","5UJM","Homo sapiens","Structure of the active form of human Origin Recognition Complex and its ATPase motor module"
"ST_3114","MrCTL","6AV9","Oryctolagus cuniculus","CryoEM structure of Mical Oxidized Actin (Class 1)"
"ST_3115","MrCTL","6AVB","Oryctolagus cuniculus","CryoEM structure of Mical Oxidized Actin (Class 1)"
"ST_3116","MrCTL","6BWQ","Lactobacillus plantarum (strain ATCC BAA-793 / NCIMB 8826 / WCFS1)","LarC2, the C-terminal domain of a cyclometallase involved in the synthesis of the NPN cofactor of lactate racemase, in complex with MnCTP"
"ST_3117","MrCTL","6CTL","Homo sapiens","Ternary complex crystal structure of DNA polymerase Beta with a dideoxy terminated primer with CHCL-R/S isomers, beta"
"ST_3118","NALP","1UYN","Neisseria meningitidis","Translocator domain of autotransporter NalP from Neisseria meningitidis"
"ST_3119","NALP","1UYO","Neisseria meningitidis","Translocator domain of autotransporter NalP from Neisseria meningitidis"
"ST_3120","NALP","2DO9","Mus musculus","Solution structure of the Pyrin/PAAD-DAPIN domain in mouse NALP10 (NACHT"
"ST_3121","NALP","2KM6","Homo sapiens","NMR structure of the NLRP7 Pyrin domain"
"ST_3122","NIK","1K8X","Salmonella typhimurium (strain LT2 / SGSC1412 / ATCC 700720)","Crystal Structure Of AlphaT183V Mutant Of Tryptophan Synthase From Salmonella Typhimurium"
"ST_3123","NIK","1KFB","Salmonella typhimurium (strain LT2 / SGSC1412 / ATCC 700720)","CRYSTAL STRUCTURE OF ALPHAT183V MUTANT OF TRYPTOPHAN SYNTHASE FROM SALMONELLA TYPHIMURIUM WITH Indole Glycerol Phosphate"
"ST_3124","NIK","1KFC","Salmonella typhimurium (strain LT2 / SGSC1412 / ATCC 700720)","CRYSTAL STRUCTURE OF ALPHAT183V MUTANT OF TRYPTOPHAN SYNTHASE FROM SALMONELLA TYPHIMURIUM With Indole Propanol Phosphate"
"ST_3125","NIK","1KFE","Salmonella typhimurium (strain LT2 / SGSC1412 / ATCC 700720)","CRYSTAL STRUCTURE OF ALPHAT183V MUTANT OF TRYPTOPHAN SYNTHASE FROM SALMONELLA TYPHIMURIUM WITH L-Ser Bound To The Beta Site"
"ST_3126","NIK","1KFJ","Salmonella typhimurium (strain LT2 / SGSC1412 / ATCC 700720)","CRYSTAL STRUCTURE OF WILD-TYPE TRYPTOPHAN SYNTHASE COMPLEXED WITH L-SERINE"
"ST_3127","NIK","1KFK","Salmonella typhimurium (strain LT2 / SGSC1412 / ATCC 700720)","Crystal structure of Tryptophan Synthase From Salmonella Typhimurium"
"ST_3128","NIK","1RD5","Zea mays","Crystal structure of Tryptophan synthase alpha chain homolog BX1: a member of the chemical plant defense system"
"ST_3129","NIK","1TJP","Salmonella typhimurium (strain LT2 / SGSC1412 / ATCC 700720)","Crystal Structure Of Wild-Type Tryptophan Synthase Complexed With 1-[(2-hydroxylphenyl)amino]3-glycerolphosphate"
"ST_3130","NIK","1TJR","Zea mays","Crystal structure of wild-type BX1 complexed with a sulfate ion"
"ST_3131","NIK","1WBJ","Salmonella typhimurium (strain LT2 / SGSC1412 / ATCC 700720)","wildtype tryptophan synthase complexed with glycerol phosphate"
"ST_3132","NIK","1XCF","Escherichia coli (strain K12)","Crystal structure of P28L/Y173F tryptophan synthase alpha-subunits from Escherichia coli"
"ST_3133","NIK","2CLE","Salmonella typhimurium (strain LT2 / SGSC1412 / ATCC 700720)","Tryptophan Synthase in complex with N-(4'-trifluoromethoxybenzoyl)-2- amino-1-ethylphosphate (F6) - lowF6 complex"
"ST_3134","NIK","2CLF","Salmonella typhimurium (strain LT2 / SGSC1412 / ATCC 700720)","Tryptophan Synthase in complex with N-(4'-trifluoromethoxybenzoyl)-2- amino-1-ethylphosphate (F6) - highF6 complex"
"ST_3135","NIK","2CLH","Salmonella typhimurium (strain LT2 / SGSC1412 / ATCC 700720)","Tryptophan Synthase in complex with (naphthalene-2'-sulfonyl)-2-amino- 1-ethylphosphate (F19)"
"ST_3136","NIK","2CLI","Salmonella typhimurium (strain LT2 / SGSC1412 / ATCC 700720)","Tryptophan Synthase in complex with N-(4'- trifluoromethoxybenzenesulfonyl)-2-amino-1-ethylphosphate (F9)"
"ST_3137","NIK","2CLK","Salmonella typhimurium (strain LT2 / SGSC1412 / ATCC 700720)","Tryptophan Synthase in complex with D-glyceraldehyde 3-phosphate (G3P)"
"ST_3138","NIK","2CLL","Salmonella typhimurium (strain LT2 / SGSC1412 / ATCC 700720)","Tryptophan Synthase (external aldimine state) in complex with N-(4'- trifluoromethoxybenzenesulfonyl)-2-amino-1-ethylphosphate (F9)"
"ST_3139","NIK","2CLM","Salmonella typhimurium (strain LT2 / SGSC1412 / ATCC 700720)","Tryptophan Synthase (external aldimine state) in complex with N-(4'- trifluoromethoxybenzoyl)-2-amino-1-ethylphosphate (F6F)"
"ST_3140","NIK","2CLO","Salmonella typhimurium (strain LT2 / SGSC1412 / ATCC 700720)","Tryptophan Synthase (external aldimine state) in complex with (naphthalene-2'-sulfonyl)-2-amino-1-ethylphosphate (F19)"
"ST_3141","NIK","2J9X","Salmonella typhimurium (strain LT2 / SGSC1412 / ATCC 700720)","Tryptophan Synthase in complex with GP, alpha-D"
"ST_3142","NIK","2J9Y","Salmonella typhimurium (strain LT2 / SGSC1412 / ATCC 700720)","Tryptophan Synthase Q114N mutant in complex with Compound II"
"ST_3143","NIK","2J9Z","Salmonella typhimurium (strain LT2 / SGSC1412 / ATCC 700720)","Tryptophan Synthase T110 mutant complex"
"ST_3144","NIK","3CEP","Salmonella typhimurium (strain LT2 / SGSC1412 / ATCC 700720)","Structure of a tryptophan synthase quinonoid intermediate"
"ST_3145","NIK","3PR2","Salmonella typhimurium (strain LT2 / SGSC1412 / ATCC 700720)","Tryptophan synthase indoline quinonoid structure with F9 inhibitor in alpha site"
"ST_3146","NIK","3U34","Xanthomonas axonopodis pv. citri (strain 306)","Crystal structure of the general stress FMN/FAD binding protein from the phytopathogen Xanthomonas citri"
"ST_3147","NIK","3U35","Xanthomonas axonopodis pv. citri (strain 306)","Crystal structure of the general stress FMN/FAD binding protein from the phytopathogen Xanthomonas citri"
"ST_3148","NIK","4DN5","Homo sapiens","Crystal Structure of NF-kB-inducing Kinase (NIK)"
"ST_3149","NIK","4G3C","Mus musculus","Crystal structure of apo murine Nf-kappaB inducing kinase (NIK)"
"ST_3150","NIK","4G3D","Homo sapiens","Crystal structure of human NF-kappaB inducing kinase (NIK)"
"ST_3151","NIK","4G3E","Mus musculus","Crystal structure of murine NF-kappaB inducing kinase (NIK) bound to a 6-alkynylindoline (cmp1)"
"ST_3152","NIK","4G3F","Mus musculus","Crystal structure of murine NF-kappaB inducing kinase (NIK) bound to a 2-(aminothiazoly)phenol (cmp2)"
"ST_3153","NIK","4G3G","Mus musculus","Crystal structure of murine NF-kappaB inducing kinase (NIK) V408L bound to a 2-(aminothiazolyl)phenol (cmp3)"
"ST_3154","NIK","4HN4","Salmonella typhimurium (strain LT2 / SGSC1412 / ATCC 700720)","Tryptophan synthase in complex with alpha aminoacrylate E(A-A) form and the F9 inhibitor in the alpha site"
"ST_3155","NIK","4HPJ","Salmonella typhimurium (strain LT2 / SGSC1412 / ATCC 700720)","Crystal structure of Tryptophan Synthase at 1.45 A resolution in complex with 2-aminophenol quinonoid in the beta site and the F9 inhibitor in the alp"
"ST_3156","NIK","4HPX","Salmonella typhimurium (strain LT2 / SGSC1412 / ATCC 700720)","Crystal structure of Tryptophan Synthase at 1.65 A resolution in complex with alpha aminoacrylate E(A-A) and benzimidazole in the beta site and the F9"
"ST_3157","NIK","4HT3","NA","The crystal structure of Salmonella typhimurium Tryptophan Synthase at 1.30A complexed with N-(4'-TRIFLUOROMETHOXYBENZENESULFONYL)-2-AMINO-1-ETHYLPHOS"
"ST_3158","NIK","4IDT","Homo sapiens","Crystal Structure of NIK with 11-bromo-5 6 7 8-tetrahydropyrimido[4' 5':3 4]cyclohepta[1 2-b]indol-2-amine (T28)"
"ST_3159","NIK","4IDV","Homo sapiens","Crystal Structure of NIK with compound 4-{3-[2-amino-5-(2-methoxyethoxy)pyrimidin-4-yl]-1H-indol-5-yl}-2-methylbut-3-yn-2-ol (13V)"
"ST_3160","NIK","4KKX","Salmonella typhimurium (strain LT2 / SGSC1412 / ATCC 700720)","Crystal structure of Tryptophan Synthase from Salmonella typhimurium with 2-aminophenol quinonoid in the beta site and the F6 inhibitor in the alpha s"
"ST_3161","NIK","4OBO","Homo sapiens","MAP4K4 in complex with inhibitor (compound 22), 6-(3-CHLOROPHENYL)QUINAZOLIN-4-AMINE"
"ST_3162","NIK","4OBP","Homo sapiens","MAP4K4 in complex with inhibitor (compound 29), 6-(2-FLUOROPYRIDIN-4-YL)PYRIDO[3,2-D]PYRIMIDIN-4-AMINE"
"ST_3163","NIK","4OBQ","NA","MAP4K4 in complex with inhibitor (compound 31), N-[3-(4-AMINOQUINAZOLIN-6-YL)-5-FLUOROPHENYL]-2-(PYRROLIDIN-1-YL)ACETAMIDE, internal aldimine"
"ST_3164","NIK","4RVT","Homo sapiens","MAP4K4 in complex with a pyridin-2(1H)-one derivative"
"ST_3165","NIK","4U3Y","Homo sapiens","Apo Mitogen-activated protein kinase kinase kinase kinase 4 (MAP4K4)"
"ST_3166","NIK","4U3Z","Homo sapiens","APO MAP4K4 T181E Phosphomimetic Mutant"
"ST_3167","NIK","4U40","Homo sapiens","Mitogen-activated protein kinase kinase kinase kinase 4 (MAP4K4) Bound to AMPPNP"
"ST_3168","NIK","4U41","Homo sapiens","MAP4K4 Bound to inhibitor compound 1"
"ST_3169","NIK","4U42","Homo sapiens","MAP4K4 T181E Mutant Bound to inhibitor compound 1"
"ST_3170","NIK","4U43","Homo sapiens","MAP4K4 in complex with inhibitor (compound 6)"
"ST_3171","NIK","4U44","Homo sapiens","MAP4K4 in complex with inhibitor (compound 16)"
"ST_3172","NIK","4U45","Homo sapiens","MAP4K4 in complex with inhibitor (compound 25)"
"ST_3173","NIK","4WX2","Salmonella typhimurium (strain LT2 / SGSC1412 / ATCC 700720)","Crystal structure of Tryptophan Synthase from Salmonella typhimurium in complex with two F6F molecules in the alpha-site and one F6F molecule in the b"
"ST_3174","NIK","4XUG","Salmonella typhimurium (strain LT2 / SGSC1412 / ATCC 700720)","Crystal structure of Tryptophan Synthase from Salmonella typhimurium in complex with 2-({[4-(Trifluoromethoxy)Phenyl]Sulfonyl}Amino)Ethyl Dihydrogen P"
"ST_3175","NIK","4ZK5","Homo sapiens","MAP4K4 in complex with inhibitor GNE-495"
"ST_3176","NIK","4ZP5","Homo sapiens","MAP4K4 in complex with inhibitor"
"ST_3177","NIK","5BW6","Salmonella typhimurium (strain LT2 / SGSC1412 / ATCC 700720)","Tryptophan Synthase from Salmonella typhimurium in complex with a single molecule of 2-({[4-(trifluoromethoxy)phenyl]carbonyl}amino)ethyl dihydrogen p"
"ST_3178","NIK","5DI1","Homo sapiens","MAP4K4 in complex with an inhibitor"
"ST_3179","NIK","5J95","Homo sapiens","MAP4K4 in complex with inhibitor"
"ST_3180","NIK","5T8F","Bos taurus, Homo sapiens","p110delta/p85alpha with taselisib (GDC-0032)"
"ST_3181","NIK","5T8O","Mus musculus","Crystal structure of murine NF-kappaB inducing kinase (NIK) bound to Imidazobenzoxepin Compound 3"
"ST_3182","NIK","5T8P","Mus musculus","Crystal structure of murine NF-kappaB inducing kinase (NIK) bound to benzoxepin compound 2"
"ST_3183","NIK","5T8Q","Mus musculus","Crystal structure of murine NF-kappaB inducing kinase (NIK) bound to aryl pyrrole fragment 17"
"ST_3184","NIK","5W5Q","Homo sapiens","MAP4K4 in complex with inhibitor compound 12 (N3-methyl-10-(3-methyl-3-(5-methyloxazol-2-yl)but-1-yn-1-yl)-6,7-dihydro-5H-5,7-methanobenzo[c]imidazo[1"
"ST_3185","NIK","6G4Y","Mus musculus","Crystal structure of human NF-kappaB inducing kinase (NIK) in complex with compound 1a"
"ST_3186","NIK","6G4Z","Mus musculus","Crystal structure of human NF-kappaB inducing kinase (NIK) in complex with compound 2f"
"ST_3187","NLR","2NCG","Aegilops tauschii","The CC domain structure from the wheat stem rust resistance protein Sr33 challenges paradigms for dimerization in plant NLR proteins"
"ST_3188","NLR","2XCM","Arabidopsis thaliana,Hordeum vulgare","COMPLEX OF HSP90 N-TERMINAL, SGT1 CS AND RAR1 CHORD2 DOMAIN"
"ST_3189","NLR","3JBL","Mus musculus","Cryo-EM Structure of the Activated NAIP2/NLRC4 Inflammasome Reveals Nucleated Polymerization"
"ST_3190","NLR","3QFL","Hordeum vulgare","Coiled-Coil Domain-Dependent Homodimerization of Intracellular MLA Immune Receptors Defines a Minimal Functional Module for Triggering Cell Death"
"ST_3191","NLR","3UN9","Homo sapiens","Crystal structure of an immune receptor"
"ST_3192","NLR","4EWI","Homo sapiens","Crystal structure of the NLRP4 Pyrin domain"
"ST_3193","NLR","4KXF","Mus musculus","Crystal structure of NLRC4 reveals its autoinhibition mechanism"
"ST_3194","NLR","5A6P","Oryza sativa subsp. japonica","Heavy metal associated domain of NLR-type immune receptor Pikp1 from rice (Oryza sativa)"
"ST_3195","NLR","5A6W","Magnaporthe oryzae","Complex of rice blast (Magnaporthe oryzae) effector protein AVR-PikD with the HMA domain of Pikp1 from rice (Oryza sativa)"
"ST_3196","NLR","5AJ2","Mus musculus","Cryo electron tomography of the Naip5-Nlrc4 inflammasome"
"ST_3197","NLR","5JHJ","Magnaporthe oryzae","M. Oryzae effector AVR-Pia mutant H3"
"ST_3198","NLR","5KU7","Vitis rotundifolia","Crystal structure of the TIR domain from the Muscadinia rotundifolia disease resistance protein RPV1"
"ST_3199","NLR","5T1Y","Hordeum vulgare","MLA10 coiled-coil fragment"
"ST_3200","NLR","5TEC","Arabidopsis thaliana","Crystal structure of the TIR domain from the Arabidopsis thaliana NLR protein SNC1"
"ST_3201","NLR","5YUD","Mus musculus","Flagellin derivative in complex with the NLR protein NAIP5"
"ST_3202","NLR","6B5B","Legionella pneumophila subsp. pneumophila (strain Philadelphia 1 / ATCC 33152 / DSM 7513)","Cryo-EM structure of the NAIP5-NLRC4-flagellin inflammasome"
"ST_3203","NLR","6FU9","Magnaporthe oryzae","Complex of rice blast (Magnaporthe oryzae) effector protein AVR-PikD with the HMA domain of Pikm-1 from rice (Oryza sativa)"
"ST_3204","NLR","6FUB","Magnaporthe oryzae","Complex of rice blast (Magnaporthe oryzae) effector protein AVR-PikE with the HMA domain of Pikm-1 from rice (Oryza sativa)"
"ST_3205","NLR","6FUD","Oryza sativa subsp. Japonica, Magnaporthe oryzae","Complex of rice blast (Magnaporthe oryzae) effector protein AVR-PikA with the HMA domain of Pikm-1 from rice (Oryza sativa)"
"ST_3206","NLR","6G10","Oryza sativa subsp. Japonica, Magnaporthe oryzae","Complex of rice blast (Magnaporthe oryzae) effector protein AVR-PikD with the HMA domain of Pikp-1 from rice (Oryza sativa)"
"ST_3207","NLR","6G11","Oryza sativa subsp. Japonica, Magnaporthe oryzae","Complex of rice blast (Magnaporthe oryzae) effector protein AVR-PikE with the HMA domain of Pikp-1 from rice (Oryza sativa)"
"ST_3208","NOD1","2B1W","Homo sapiens","Solution structure of the NOD1 Caspase Activating and Recruitment Domain"
"ST_3209","NOD1","2DBD","Homo sapiens","Solution structure of the CARD domain in human caspase recruitment domain protein 4 (Nod1 protein)"
"ST_3210","NOD1","2NSN","Homo sapiens","Crystal structure of Caspace Activation and Recruitment Domain (CARD) of NOD1"
"ST_3211","NOD1","2NZ7","Homo sapiens","Crystal Structure Analysis of Caspase-recruitment Domain (CARD) of Nod1"
"ST_3212","NOD1","4E9M","Homo sapiens","NOD1 card domain with three disulfide-clinched, domain-swapped dimers in the asymmetric unit"
"ST_3213","NOD1","4JQW","Homo sapiens","Crystal Structure of a Complex of NOD1 CARD and Ubiquitin"
"ST_3214","NOD2","5IRL","Oryctolagus cuniculus","Crystal structure of rabbit NOD2 SER mutant in an ADP-bound state"
"ST_3215","NOD2","5IRM","Oryctolagus cuniculus","Crystal structure of rabbit NOD2 in an ADP-bound state (Crystal form2)"
"ST_3216","NOD2","5IRN","Oryctolagus cuniculus","Crystal structure of rabbit NOD2 in an ADP-bound state (Crystal form1)"
"ST_3217","NOD2","6FU5","Homo sapiens","Structure of the kinase domain of human RIPK2 in complex with the inhibitor CSLP18"
"ST_3218","NLrc4","3JBL","Mus musculus","Cryo-EM Structure of the Activated NAIP2/NLRC4 Inflammasome Reveals Nucleated Polymerization"
"ST_3219","NLrc4","4KXF","Mus musculus","Crystal structure of NLRC4 reveals its autoinhibition mechanism"
"ST_3220","NLrc4","5AJ2","Mus musculus","Cryo electron tomography of the Naip5-Nlrc4 inflammasome"
"ST_3221","NLrc4","5YUD","Mus musculus","Flagellin derivative in complex with the NLR protein NAIP5"
"ST_3222","NLrc4","6B5B","Legionella pneumophila subsp. pneumophila (strain Philadelphia 1 / ATCC 33152 / DSM 7513)","Cryo-EM structure of the NAIP5-NLRC4-flagellin inflammasome"
"ST_3223","P2X7","5U1L","Ailuropoda melanoleuca","Crystal structure of the ATP-gated P2X7 ion channel in the closed, apo state"
"ST_3224","P2X7","5U1U","Ailuropoda melanoleuca","Crystal structure of the ATP-gated P2X7 ion channel bound to allosteric antagonist A740003"
"ST_3225","P2X7","5U1V","Ailuropoda melanoleuca","Crystal structure of the ATP-gated P2X7 ion channel bound to allosteric antagonist A804598"
"ST_3226","P2X7","5U1W","Ailuropoda melanoleuca","Crystal structure of the ATP-gated P2X7 ion channel bound to allosteric antagonist AZ10606120"
"ST_3227","P2X7","5U1X","Ailuropoda melanoleuca","Crystal structure of the ATP-gated P2X7 ion channel bound to allosteric antagonist JNJ47965567"
"ST_3228","P2X7","5U1Y","Ailuropoda melanoleuca","Crystal structure of the ATP-gated P2X7 ion channel bound to allosteric antagonist GW791343"
"ST_3229","P2X7","5U2H","Ailuropoda melanoleuca","Crystal structure of the ATP-gated P2X7 ion channel bound to ATP and allosteric antagonist A804598"
"ST_3230","P2X7","5XW6","Gallus gallus","Crystal structure of the chicken ATP-gated P2X7 receptor channel in the presence of competitive antagonist TNP-ATP at 3.1 Angstroms"
"ST_3231","RIP2","2N7Z","Homo sapiens","Solution structure of RIP2 CARD"
"ST_3232","RIP2","2N83","Homo sapiens","p75NTR DD:RIP2 CARD"
"ST_3233","RIP2","3D6F","Homo sapiens","Crystal structure of human caspase-1 with a naturally-occurring Arg240->Gln substitution in complex with 3-[2-(2-benzyloxycarbonylamino-3-methyl-butyr"
"ST_3234","RIP2","3D6H","Homo sapiens","Crystal structure of human caspase-1 with a naturally-occurring Asn263->Ser substitution in complex with 3-[2-(2-benzyloxycarbonylamino-3-methyl-butyr"
"ST_3235","RIP2","3D6M","Homo sapiens","Crystal structure of human caspase-1 with a naturally-occurring Lys319->Arg substitution in complex with 3-[2-(2-benzyloxycarbonylamino-3-methyl-butyr"
"ST_3236","RIP2","4JQW","Homo sapiens","Crystal Structure of a Complex of NOD1 CARD and Ubiquitin"
"ST_3237","RIP2","5AR2","Homo sapiens","RIP2 Kinase Catalytic Domain (1 - 310)"
"ST_3238","RIP2","5AR3","Homo sapiens","RIP2 Kinase Catalytic Domain (1 - 310) complex with AMP-PCP"
"ST_3239","RIP2","5AR4","Homo sapiens","RIP2 Kinase Catalytic Domain (1 - 310) complex with SB-203580"
"ST_3240","RIP2","5AR5","Homo sapiens","RIP2 Kinase Catalytic Domain (1 - 310) complex with Benzimidazole"
"ST_3241","RIP2","5AR7","Homo sapiens","RIP2 Kinase Catalytic Domain (1 - 310) complex with Biaryl Urea"
"ST_3242","RIP2","5AR8","Homo sapiens","RIP2 Kinase Catalytic Domain (1 - 310) complex with Biphenylsulfonamide"
"ST_3243","RIP2","5J79","Homo sapiens","The identification and pharmacological characterization of 6-(tert-butylsulfonyl)-N-(5-fluoro-1H-indazol-3-yl)quinolin-4-amine (GSK583), a highly pote"
"ST_3244","RIP2","5J7B","Homo sapiens","The identification and pharmacological characterization of 6-(tert-butylsulfonyl)-N-(5-fluoro-1H-indazol-3-yl)quinolin-4-amine (GSK583), a highly pote"
"ST_3245","RIP2","5NG0","Homo sapiens","Structure of RIP2K(L294F) with bound AMPPCP"
"ST_3246","RIP2","5NG2","Homo sapiens","Structure of RIP2K(D146N) with bound Staurosporine"
"ST_3247","RIP2","5NG3","Homo sapiens","Structure of inactive kinase RIP2K(K47R)"
"ST_3248","RIP2","5W5J","Homo sapiens","Identification of potent and selective RIPK2 inhibitors for the treatment of inflammatory diseases"
"ST_3249","RIP2","5W5O","Homo sapiens","Identification of potent and selective RIPK2 inhibitors for the treatment of inflammatory diseases."
"ST_3250","RIP2","5YDG","Arabidopsis thaliana","Crystal structure of the Arabidopsis thaliana chloroplast RNA editing factors 2(MORF2)"
"ST_3251","RIP2","6ES0","Homo sapiens","Crystal structure of the kinase domain of human RIPK2 in complex with the activation loop targeting inhibitor CS-R35"
"ST_3252","RIP2","6FU5","Homo sapiens","Structure of the kinase domain of human RIPK2 in complex with the inhibitor CSLP18"
"ST_3253","RNA POL-III","1YTY","Homo sapiens","Structural basis for recognition of UUUOH 3'-terminii of nascent RNA pol III transcripts by La autoantigen"
"ST_3254","RNA POL-III","1ZH5","Homo sapiens","Structural basis for recognition of UUUOH 3'-terminii of nascent RNA pol III transcripts by La autoantigen"
"ST_3255","RNA POL-III","2R2R","Moloney murine leukemia virus","d(ATTAGTTATAACTAAT) complexed with MMLV RT catalytic fragment"
"ST_3256","RNA POL-III","2R2S","Moloney murine leukemia virus","Co(III)bleomycinB2 bound to d(ATTAGTTATAACTAAT) complexed with MMLV RT catalytic fragment"
"ST_3257","RNA POL-III","2R2T","Moloney murine leukemia virus","d(ATTTAGTTAACTAAAT) complexed with MMLV RT catalytic fragment"
"ST_3258","RNA POL-III","2R2U","Moloney murine leukemia virus","Co(III)bleomycinB2 bithiazole/C-terminal tail domain bound to d(ATTTAGTTAACTAAAT) complexed with MMLV RT catalytic fragment"
"ST_3259","RNA POL-III","3J0K","Saccharomyces cerevisiae (strain ATCC 204508 / S288c)","Orientation of RNA polymerase II within the human VP16-Mediator-pol II-TFIIF assembly"
"ST_3260","RNA POL-III","3NR5","Homo sapiens","Crystal structure of human Maf1"
"ST_3261","RNA POL-III","4C3J","Saccharomyces cerevisiae (strain ATCC 204508 / S288c)","Structure of 14-subunit RNA polymerase I at 3.35 A resolution, crystal form C2-90"
"ST_3262","RNA POL-III","4PZ6","Schizosaccharomyces pombe (strain 972 / ATCC 24843)","PCE1 guanylyltransferase bound to SER2/SER5 phosphorylated RNA pol II CTD"
"ST_3263","RNA POL-III","4V1M","Saccharomyces cerevisiae (strain ATCC 204508 / S288c), synthetic construct","Architecture of the RNA polymerase II-Mediator core transcription initiation complex"
"ST_3264","RNA POL-III","5FJ8","Saccharomyces cerevisiae (strain ATCC 204508 / S288c), synthetic construct","Cryo-EM structure of yeast RNA polymerase III elongation complex at 3. 9 A"
"ST_3265","RNA POL-III","5FJ9","Saccharomyces cerevisiae (strain ATCC 204508 / S288c)","Cryo-EM structure of yeast apo RNA polymerase III at 4.6 A"
"ST_3266","RNA POL-III","5FJA","Saccharomyces cerevisiae (strain ATCC 204508 / S288c)","Cryo-EM structure of yeast RNA polymerase III at 4.7 A"
"ST_3267","RNA POL-III","5FLM","Bos taurus, synthetic construct","Structure of transcribing mammalian RNA polymerase II"
"ST_3268","RNA POL-III","5FYW","Saccharomyces cerevisiae (strain ATCC 204508 / S288c), synthetic construct","Transcription initiation complex structures elucidate DNA opening (OC)"
"ST_3269","RNA POL-III","5FZ5","Saccharomyces cerevisiae (strain ATCC 204508 / S288c)","Transcription initiation complex structures elucidate DNA opening (CC)"
"ST_3270","RNA POL-III","5IHE","Pyrococcus abyssi (strain GE5 / Orsay)","D-family DNA polymerase - DP1 subunit (3'-5' proof-reading exonuclease)"
"ST_3271","RNA POL-III","5VVR","Saccharomyces cerevisiae (strain ATCC 204508 / S288c)","Ternary complex of RNA Pol II, transcription scaffold and Rad26"
"ST_3272","RNA POL-III","5VVS","Saccharomyces cerevisiae (strain ATCC 204508 / S288c)","RNA pol II elongation complex"
"ST_3273","RNA POL-III","5W4U","Saccharomyces cerevisiae (strain ATCC 204508 / S288c)","Pol II elongation complex with an N6-methyladenine-containing template"
"ST_3274","RNA POL-III","5W51","Saccharomyces cerevisiae","Pol II elongation complex with an N6-methyladenine-containing template and a matched UMPNPP"
"ST_3275","RNA POL-III","6BLO","Saccharomyces cerevisiae (strain ATCC 204508 / S288c), synthetic construct","Pol II elongation complex with an abasic lesion at i+1 position"
"ST_3276","RNA POL-III","6BLP","Saccharomyces cerevisiae (strain ATCC 204508 / S288c),synthetic construct","Pol II elongation complex with an abasic lesion at i+1 position, soaking AMPCPP"
"ST_3277","RNA POL-III","6BM2","Saccharomyces cerevisiae (strain ATCC 204508 / S288c), synthetic construct","Pol II elongation complex with an abasic lesion at i-1 position"
"ST_3278","RNA POL-III","6BM4","Saccharomyces cerevisiae (strain ATCC 204508 / S288c),synthetic construct","Pol II elongation complex with an abasic lesion at i-1 position,soaking UMPNPP"
"ST_3279","RNA POL-III","6BQF","Saccharomyces cerevisiae (strain ATCC 204508 / S288c)","Pol II elongation complex with 'dT-AP' at i+1, i-1 position"
"ST_3280","RNA POL-III","6EU0","Saccharomyces cerevisiae (strain ATCC 204508 / S288c)","RNA Polymerase III open pre-initiation complex (OC-PIC)"
"ST_3281","RNA POL-III","6EU1","Saccharomyces cerevisiae S288C","RNA Polymerase III - open DNA complex (OC-POL3)"
"ST_3282","RNA POL-III","6EU2","Saccharomyces cerevisiae (strain ATCC 204508 / S288c)","Apo RNA Polymerase III - open conformation (oPOL3)"
"ST_3283","RNA POL-III","6EU3","Saccharomyces cerevisiae (strain ATCC 204508 / S288c)","Apo RNA Polymerase III - closed conformation (cPOL3)"
"ST_3284","RNA POL-III","6F40","Saccharomyces cerevisiae (strain ATCC 204508 / S288c)","RNA Polymerase III open complex"
"ST_3285","RNA POL-III","6F42","Saccharomyces cerevisiae (strain ATCC 204508 / S288c)","RNA Polymerase III closed complex CC1."
"ST_3286","RNA POL-III","6F44","Saccharomyces cerevisiae (strain ATCC 204508 / S288c)","RNA Polymerase III closed complex CC2."
"ST_3287","RAC1","1.00E+96","Homo sapiens","Structure of the Rac/p67phox complex"
"ST_3288","RAC1","1FOE","Mus musculus, Homo sapiens","CRYSTAL STRUCTURE OF RAC1 IN COMPLEX WITH THE GUANINE NUCLEOTIDE EXCHANGE REGION OF TIAM1"
"ST_3289","RAC1","1G4U","Salmonella typhimurium (strain LT2 / SGSC1412 / ATCC 700720), Homo sapiens","CRYSTAL STRUCTURE OF THE SALMONELLA TYROSINE PHOSPHATASE AND GTPASE ACTIVATING PROTEIN SPTP BOUND TO RAC1"
"ST_3290","RAC1","1G4W","Salmonella typhimurium (strain LT2 / SGSC1412 / ATCC 700720)","CRYSTAL STRUCTURE OF THE SALMONELLA TYROSINE PHOSPHATASE AND GTPASE ACTIVATING PROTEIN SPTP"
"ST_3291","RAC1","1HE1","Homo sapiens","Crystal structure of the complex between the GAP domain of the Pseudomonas aeruginosa ExoS toxin and human Rac"
"ST_3292","RAC1","1HH4","Homo sapiens","Rac1-RhoGDI complex involved in NADPH oxidase activation"
"ST_3293","RAC1","1I4D","Homo sapiens","CRYSTAL STRUCTURE ANALYSIS OF RAC1-GDP COMPLEXED WITH ARFAPTIN (P21)"
"ST_3294","RAC1","1I4L","Homo sapiens","CRYSTAL STRUCTURE ANALYSIS OF RAC1-GDP IN COMPLEX WITH ARFAPTIN (P41)"
"ST_3295","RAC1","1I4T","Homo sapiens","CRYSTAL STRUCTURE ANALYSIS OF RAC1-GMPPNP IN COMPLEX WITH ARFAPTIN"
"ST_3296","RAC1","1MH1","Homo sapiens","SMALL G-PROTEIN"
"ST_3297","RAC1","1NF3","Mus musculus,Homo sapiens","Structure of Cdc42 in a complex with the GTPase-binding domain of the cell polarity protein, Par6"
"ST_3298","RAC1","1RYF","Homo sapiens","Alternative Splicing of Rac1 Generates Rac1b, a Self-activating GTPase"
"ST_3299","RAC1","1RYH","Homo sapiens","Alternative Splicing of Rac1 Generates Rac1b, a Self-activating GTPase"
"ST_3300","RAC1","1URF","Homo sapiens","HR1b domain from PRK1"
"ST_3301","RAC1","2DCO","Homo sapiens","S1P4 First Extracellular Loop Peptidomimetic"
"ST_3302","RAC1","2FJU","Homo sapiens","Activated Rac1 bound to its effector phospholipase C beta 2"
"ST_3303","RAC1","2H7V","Homo sapiens, Yersinia pseudotuberculosis serotype I (strain IP32953)","Co-crystal structure of YpkA-Rac1"
"ST_3304","RAC1","2JPH","Homo sapiens","NMR solution structure of the Rho GTPase binding domain of human plexin-b1"
"ST_3305","RAC1","2NZ8","Homo sapiens","N-terminal DHPH cassette of Trio in complex with nucleotide-free Rac1"
"ST_3306","RAC1","2P2L","Homo sapiens","Rac1-GDP-Zinc Complex"
"ST_3307","RAC1","2R2O","Homo sapiens","Crystal structure of the effector domain of human Plexin B1"
"ST_3308","RAC1","2RMK","Homo sapiens","Rac1/PRK1 Complex"
"ST_3309","RAC1","2VRW","Homo sapiens","Critical structural role for the PH and C1 domains of the Vav1 exchange factor"
"ST_3310","RAC1","2W6B","Rattus norvegicus","Crystal Structure of the Trimeric beta-PIX Coiled-Coil Domain"
"ST_3311","RAC1","2WKP","Avena sativa, Homo sapiens","Structure of a photoactivatable Rac1 containing Lov2 Wildtype"
"ST_3312","RAC1","2WKQ","Avena sativa, Homo sapiens","Structure of a photoactivatable Rac1 containing the Lov2 C450A Mutant"
"ST_3313","RAC1","2WKR","Avena sativa, Homo sapiens","Structure of a photoactivatable Rac1 containing the Lov2 C450M Mutant"
"ST_3314","RAC1","2YIN","Homo sapiens","STRUCTURE OF THE COMPLEX BETWEEN Dock2 AND Rac1."
"ST_3315","RAC1","2ZKM","Homo sapiens","Crystal Structure of Phospholipase C Beta 2"
"ST_3316","RAC1","3B13","Homo sapiens","Crystal structure of the DHR-2 domain of DOCK2 in complex with Rac1 (T17N mutant)"
"ST_3317","RAC1","3BJI","Homo sapiens","Structural Basis of Promiscuous Guanine Nucleotide Exchange by the T-Cell Essential Vav1"
"ST_3318","RAC1","3P8C","Homo sapiens","Structure and Control of the Actin Regulatory WAVE Complex"
"ST_3319","RAC1","3QIS","Homo sapiens","Recognition of the F&H motif by the Lowe Syndrome protein OCRL"
"ST_3320","RAC1","3RYT","Mus musculus, Homo sapiens","The Plexin A1 intracellular region in complex with Rac1"
"ST_3321","RAC1","3SBD","Homo sapiens","Crystal structure of RAC1 P29S mutant"
"ST_3322","RAC1","3SBE","Homo sapiens","Crystal structure of RAC1 P29S mutant"
"ST_3323","RAC1","3SU8","Homo sapiens","Crystal structure of a truncated intracellular domain of Plexin-B1 in complex with Rac1"
"ST_3324","RAC1","3SUA","Homo sapiens","Crystal structure of the intracellular domain of Plexin-B1 in complex with Rac1"
"ST_3325","RAC1","3TH5","Homo sapiens","Crystal structure of wild-type RAC1"
"ST_3326","RAC1","4DCN","Homo sapiens","Crystal Structure Analysis of the Arfaptin2 BAR domain in Complex with ARL1"
"ST_3327","RAC1","4GZL","Homo sapiens","Crystal structure of RAC1 Q61L mutant"
"ST_3328","RAC1","4GZM","Homo sapiens","Crystal structure of RAC1 F28L mutant"
"ST_3329","RAC1","4N78","Homo sapiens","The WAVE Regulatory Complex Links Diverse Receptors to the Actin Cytoskeleton"
"ST_3330","RAC1","4U5X","Oryza sativa subsp. japonica","Structure of plant small GTPase OsRac1 complexed with the non-hydrolyzable GTP analog GMPPNP"
"ST_3331","RAC1","4UIP","Eptatretus burgeri, Listeria monocytogenes","The complex structure of extracellular domain of EGFR with Repebody (rAC1)."
"ST_3332","RAC1","4XC2","Homo sapiens","Crystal structure of GABARAP in complex with KBTBD6 LIR peptide"
"ST_3333","RAC1","4YON","Homo sapiens","P-Rex1:Rac1 complex"
"ST_3334","RAC1","4ZVB","Escherichia coli (strain K12)","Crystal structure of globin domain of the E. coli DosC - form II (ferrous)"
"ST_3335","RAC1","4ZVC","Escherichia coli (strain K12)","Crystal structure of MID domain of the E. coli DosC - form I"
"ST_3336","RAC1","4ZVD","Escherichia coli (strain K12)","Crystal structure of MID domain of the E. coli DosC - form II"
"ST_3337","RAC1","4ZVE","Escherichia coli (strain K12)","Crystal structure of GGDEF domain of the E. coli DosC - form I (apo-form)"
"ST_3338","RAC1","4ZVF","Escherichia coli (strain K12)","Crystal structure of GGDEF domain of the E. coli DosC - form II (GTP-alpha-S-bound)"
"ST_3339","RAC1","4ZVG","Escherichia coli (strain K12)","Crystal structure of GGDEF domain of the E. coli DosC - form III"
"ST_3340","RAC1","4ZVH","Escherichia coli (strain K12)","Crystal structure of GGDEF domain of the E. coli DosC - form IV"
"ST_3341","RAC1","5FI0","Homo sapiens","Crystal Structure of the P-Rex1 DH/PH tandem in complex with Rac1"
"ST_3342","RAC1","5HZH","Avena sativa, Homo sapiens","Crystal structure of photoinhibitable Rac1 containing C450A mutant LOV2 domain"
"ST_3343","RAC1","5N6O","Homo sapiens","Wild type GDP form Rac1"
"ST_3344","RAC1","5O33","Homo sapiens","A structure of the GEF Kalirin DH1 domain in complex with the small GTPase Rac1"
"ST_3345","RAC1","6BC1","Homo sapiens","A Complex between PH Domain of p190RhoGEF and Activated Rac1 Bound to a GTP Analog"
"ST_3346","RECEPTOR LIKE KINASE","1FLT","Homo sapiens","VEGF IN COMPLEX WITH DOMAIN 2 OF THE FLT-1 RECEPTOR"
"ST_3347","RECEPTOR LIKE KINASE","1H30","Homo sapiens","C-terminal LG domain pair of human Gas6"
"ST_3348","RECEPTOR LIKE KINASE","1IA9","Mus musculus","CRYSTAL STRUCTURE OF THE ATYPICAL PROTEIN KINASE DOMAIN OF A TRP CA-CHANNEL, CHAK (AMPPNP COMPLEX)"
"ST_3349","RECEPTOR LIKE KINASE","1IAH","Mus musculus","CRYSTAL STRUCTURE OF THE ATYPICAL PROTEIN KINASE DOMAIN OF A TRP CA-CHANNEL, CHAK (AMPPNP COMPLEX)"
"ST_3350","RECEPTOR LIKE KINASE","1IAJ","Mus musculus","CRYSTAL STRUCTURE OF THE ATYPICAL PROTEIN KINASE DOMAIN OF A TRP CA-CHANNEL, CHAK (APO)"
"ST_3351","RECEPTOR LIKE KINASE","1JLN","Mus musculus","Crystal structure of the catalytic domain of protein tyrosine phosphatase PTP-SL/BR7"
"ST_3352","RECEPTOR LIKE KINASE","1JPA","Mus musculus","Crystal Structure of unphosphorylated EphB2 receptor tyrosine kinase and juxtamembrane region"
"ST_3353","RECEPTOR LIKE KINASE","1K3A","Homo sapiens","Structure of the Insulin-like Growth Factor 1 Receptor Kinase"
"ST_3354","RECEPTOR LIKE KINASE","1M7N","Homo sapiens","Crystal Structure of Unactivated APO Insulin-like Growth Factor-1 Receptor Kinase Domain"
"ST_3355","RECEPTOR LIKE KINASE","1NUN","Homo sapiens","Crystal Structure Analysis of the FGF10-FGFR2b Complex"
"ST_3356","RECEPTOR LIKE KINASE","1P4O","Homo sapiens","Structure of Apo unactivated IGF-1R KInase domain at 1.5A resolution."
"ST_3357","RECEPTOR LIKE KINASE","1PY5","Homo sapiens","Crystal Structure of TGF-beta receptor I kinase with inhibitor"
"ST_3358","RECEPTOR LIKE KINASE","1QTY","Homo sapiens","VASCULAR ENDOTHELIAL GROWTH FACTOR IN COMPLEX WITH DOMAIN 2 OF THE FLT-1 RECEPTOR"
"ST_3359","RECEPTOR LIKE KINASE","1REW","Homo sapiens","Structural refinement of the complex of bone morphogenetic protein 2 and its type IA receptor"
"ST_3360","RECEPTOR LIKE KINASE","1RW8","Homo sapiens","Crystal Structure of TGF-beta receptor I kinase with ATP site inhibitor"
"ST_3361","RECEPTOR LIKE KINASE","1UTI","Mus musculus","Mona/Gads SH3C in complex with HPK derived peptide"
"ST_3362","RECEPTOR LIKE KINASE","1VJY","Homo sapiens","Crystal Structure of a Naphthyridine Inhibitor of Human TGF-beta Type I Receptor"
"ST_3363","RECEPTOR LIKE KINASE","1WQ8","Vipera ammodytes ammodytes","Crystal structure of Vammin, a VEGF-F from a snake venom"
"ST_3364","RECEPTOR LIKE KINASE","1WQ9","Daboia russelii","Crystal structure of VR-1, a VEGF-F from a snake venom"
"ST_3365","RECEPTOR LIKE KINASE","1X67","Homo sapiens","Solution structure of the cofilin homology domain of HIP-55 (drebrin-like protein)"
"ST_3366","RECEPTOR LIKE KINASE","1XR0","Homo sapiens","Structural Basis of SNT PTB Domain Interactions with Distinct Neurotrophic Receptors"
"ST_3367","RECEPTOR LIKE KINASE","2C5D","Homo sapiens","Structure of a minimal Gas6-Axl complex"
"ST_3368","RECEPTOR LIKE KINASE","2CR3","Homo sapiens","Solution structure of the first Ig-like domain of human fibroblast growth factor receptor 1"
"ST_3369","RECEPTOR LIKE KINASE","2GOO","Homo sapiens","Ternary Complex of BMP-2 bound to BMPR-Ia-ECD and ActRII-ECD"
"ST_3370","RECEPTOR LIKE KINASE","2H62","Homo sapiens","Crystal structure of a ternary ligand-receptor complex of BMP-2"
"ST_3371","RECEPTOR LIKE KINASE","2H64","Mus musculus, Homo sapiens","Crystal structure of a ternary ligand-receptor complex of BMP-2"
"ST_3372","RECEPTOR LIKE KINASE","2IEP","Rattus norvegicus","Crystal structure of immunoglobulin-like domains 1 and 2 of the receptor tyrosine kinase MuSK"
"ST_3373","RECEPTOR LIKE KINASE","2ITU","Homo sapiens","Crystal structure of EGFR kinase domain L858R mutation in complex with AFN941"
"ST_3374","RECEPTOR LIKE KINASE","2ITW","Homo sapiens","Crystal structure of EGFR kinase domain in complex with AFN941"
"ST_3375","RECEPTOR LIKE KINASE","2IUI","Homo sapiens","Crystal structure of the PI3-kinase p85 N-terminal SH2 domain in complex with PDGFR phosphotyrosyl peptide"
"ST_3376","RECEPTOR LIKE KINASE","2K2M","Homo sapiens","Structural Basis of PxxDY Motif Recognition in SH3 Binding"
"ST_3377","RECEPTOR LIKE KINASE","2K3G","Homo sapiens","NMR structure analysis of a BMP receptor"
"ST_3378","RECEPTOR LIKE KINASE","2KSO","Homo sapiens","EphA2:SHIP2 SAM:SAM complex"
"ST_3379","RECEPTOR LIKE KINASE","2KXC","Homo sapiens","1H, 13C, and 15N Chemical Shift Assignments for IRTKS-SH3 and EspFu-R47 complex"
"ST_3380","RECEPTOR LIKE KINASE","2L2T","Homo sapiens","Solution NMR structure of the ErbB4 dimeric membrane domain"
"ST_3381","RECEPTOR LIKE KINASE","2L5S","Homo sapiens","Solution structure of the extracellular domain of the TGF-beta type I receptor"
"ST_3382","RECEPTOR LIKE KINASE","2L6W","Homo sapiens","PDGFR beta-TM"
"ST_3383","RECEPTOR LIKE KINASE","2L9U","Homo sapiens","Spatial structure of dimeric ErbB3 transmembrane domain"
"ST_3384","RECEPTOR LIKE KINASE","2LCR","Homo sapiens","NMR Structure of Alk1 extracellular domain"
"ST_3385","RECEPTOR LIKE KINASE","2LCX","Homo sapiens","Spatial Structure of the ErbB4 dimeric TM domain"
"ST_3386","RECEPTOR LIKE KINASE","2LNH","Homo sapiens, Escherichia coli O157:H7","Enterohaemorrhagic E. coli (EHEC) exploits a tryptophan switch to hijack host F-actin assembly"
"ST_3387","RECEPTOR LIKE KINASE","2LW8","Homo sapiens","NMR solution structure of Eph receptor"
"ST_3388","RECEPTOR LIKE KINASE","2N83","Homo sapiens","p75NTR DD:RIP2 CARD"
"ST_3389","RECEPTOR LIKE KINASE","2OJ9","Homo sapiens","Structure of IGF-1R kinase domain complexed with a benzimidazole inhibitor"
"ST_3390","RECEPTOR LIKE KINASE","2PJY","Homo sapiens","Structural basis for cooperative assembly of the TGF-beta signaling complex"
"ST_3391","RECEPTOR LIKE KINASE","2QJ9","Homo sapiens","Crystal structure analysis of BMP-2 in complex with BMPR-IA variant B1"
"ST_3392","RECEPTOR LIKE KINASE","2QJA","Homo sapiens","Crystal structure analysis of BMP-2 in complex with BMPR-IA variant B12"
"ST_3393","RECEPTOR LIKE KINASE","2QJB","Homo sapiens","Crystal structure analysis of BMP-2 in complex with BMPR-IA variant IA/IB"
"ST_3394","RECEPTOR LIKE KINASE","2ROL","Homo sapiens","Structural Basis of PxxDY motif recognition in SH3 binding"
"ST_3395","RECEPTOR LIKE KINASE","2VEA","Synechocystis sp. (strain PCC 6803 / Kazusa)","The complete sensory module of the cyanobacterial phytochrome Cph1 in the Pr-state."
"ST_3396","RECEPTOR LIKE KINASE","2WOT","Homo sapiens","ALK5 IN COMPLEX WITH 4-((5 6-dimethyl-2-(2-pyridyl)-3-pyridyl)oxy)-N-(3 4 5-trimethoxyphenyl)pyridin-2-amine)"
"ST_3397","RECEPTOR LIKE KINASE","2WOU","Homo sapiens","ALK5 IN COMPLEX WITH 4-((4-((2,6-dimethyl-3-pyridyl)oxy)-2-pyridyl) amino)benzenesulfonamide"
"ST_3398","RECEPTOR LIKE KINASE","2X1W","Homo sapiens","Crystal Structure of VEGF-C in Complex with Domains 2 and 3 of VEGFR2"
"ST_3399","RECEPTOR LIKE KINASE","2X1X","Homo sapiens","CRYSTAL STRUCTURE OF VEGF-C IN COMPLEX WITH DOMAINS 2 AND 3 OF VEGFR2 IN A TETRAGONAL CRYSTAL FORM"
"ST_3400","RECEPTOR LIKE KINASE","2X2U","Homo sapiens","First two Cadherin-like domains from Human RET"
"ST_3401","RECEPTOR LIKE KINASE","2X7O","Homo sapiens","Crystal structure of TGFbRI complexed with an indolinone inhibitor"
"ST_3402","RECEPTOR LIKE KINASE","2XAC","Homo sapiens","Structural Insights into the Binding of VEGF-B by VEGFR-1D2: Recognition and Specificity"
"ST_3403","RECEPTOR LIKE KINASE","2Z6D","Arabidopsis thaliana","Crystal structure of LOV1 domain of phototropin2 from Arabidopsis thaliana"
"ST_3404","RECEPTOR LIKE KINASE","2ZM3","Homo sapiens","Complex Structure of Insulin-like Growth Factor Receptor and Isoquinolinedione Inhibitor"
"ST_3405","RECEPTOR LIKE KINASE","3A2E","Â Saccharomyces cerevisiae","Crystal structure of ginkbilobin-2, the novel antifungal protein from Ginkgo biloba seeds"
"ST_3406","RECEPTOR LIKE KINASE","3C2W","Pseudomonas aeruginosa (strain ATCC 15692 / DSM 22644 / CIP 104116 / JCM 14847 / LMG 12228 / 1C / PR","Crystal structure of the photosensory core domain of P. aeruginosa bacteriophytochrome PaBphP in the Pfr state"
"ST_3407","RECEPTOR LIKE KINASE","3C4F","Homo sapiens","FGFR TYROSINE KINASE DOMAIN IN COMPLEX WITH 3-(3-methoxybenzyl)-7-azaindole"
"ST_3408","RECEPTOR LIKE KINASE","3CAF","Homo sapiens","Crystal Structure of hFGFR2 D2 Domain"
"ST_3409","RECEPTOR LIKE KINASE","3CU1","Homo sapiens","Crystal Structure of 2:2:2 FGFR2D2:FGF1:SOS complex"
"ST_3410","RECEPTOR LIKE KINASE","3D94","Homo sapiens","Crystal structure of the insulin-like growth factor-1 receptor kinase in complex with PQIP"
"ST_3411","RECEPTOR LIKE KINASE","3DAR","Homo sapiens","Crystal structure of D2 domain from human FGFR2"
"ST_3412","RECEPTOR LIKE KINASE","3DPK","Homo sapiens","cFMS tyrosine kinase in complex with a pyridopyrimidinone inhibitor"
"ST_3413","RECEPTOR LIKE KINASE","3ETA","Homo sapiens","Kinase domain of insulin receptor complexed with a pyrrolo pyridine inhibitor"
"ST_3414","RECEPTOR LIKE KINASE","3EUU","Homo sapiens","Crystal structure of the FGFR2 D2 domain"
"ST_3415","RECEPTOR LIKE KINASE","3EVS","Homo sapiens","Crystal structure of the GDF-5:BMP receptor IB complex."
"ST_3416","RECEPTOR LIKE KINASE","3F5P","Homo sapiens","Complex Structure of Insulin-like Growth Factor Receptor and 3-Cyanoquinoline Inhibitor"
"ST_3417","RECEPTOR LIKE KINASE","3FAA","Homo sapiens","Crystal structure of TGFbRI complexed with a 2-aminoimidazole inhibitor"
"ST_3418","RECEPTOR LIKE KINASE","3FL7","Homo sapiens","Crystal structure of the human ephrin A2 ectodomain"
"ST_3419","RECEPTOR LIKE KINASE","3FRX","Saccharomyces cerevisiae (strain ATCC 204508 / S288c)","Crystal Structure of the Yeast Orthologue of RACK1, Asc1."
"ST_3420","RECEPTOR LIKE KINASE","3G6O","Pseudomonas aeruginosa (strain ATCC 15692 / DSM 22644 / CIP 104116 / JCM 14847 / LMG 12228 / 1C / PR","Crystal structure of P. aeruginosa bacteriophytochrome PaBphP photosensory core domain mutant Q188L"
"ST_3421","RECEPTOR LIKE KINASE","3GQI","Homo sapiens","Crystal Structure of activated receptor tyrosine kinase in complex with substrates"
"ST_3422","RECEPTOR LIKE KINASE","3GQL","Homo sapiens","Crystal Structure of activated receptor tyrosine kinase in complex with substrates"
"ST_3423","RECEPTOR LIKE KINASE","3GXL","Homo sapiens","ALK-5 kinase complex with GW857175"
"ST_3424","RECEPTOR LIKE KINASE","3H9R","Homo sapiens","Crystal structure of the kinase domain of type I activin receptor (ACVR1) in complex with FKBP12 and dorsomorphin"
"ST_3425","RECEPTOR LIKE KINASE","3HKL","Rattus norvegicus","Crystal Structure of the Frizzled-like Cysteine-rich Domain of MuSK"
"ST_3426","RECEPTOR LIKE KINASE","3HMM","Homo sapiens","Structure of Alk5 + GW855857"
"ST_3427","RECEPTOR LIKE KINASE","3HNG","Homo sapiens","Crystal structure of VEGFR1 in complex with N-(4-Chlorophenyl)-2-((pyridin-4-ylmethyl)amino)benzamide"
"ST_3428","RECEPTOR LIKE KINASE","3I81","Homo sapiens","Crystal structure of insulin-like growth factor 1 receptor (IGF-1R-WT) complex with BMS-754807 [1-(4-((5-cyclopropyl-1H-pyrazol-3-yl)amino)pyrrolo[2,1"
"ST_3429","RECEPTOR LIKE KINASE","3IBR","Pseudomonas aeruginosa (strain ATCC 15692 / DSM 22644 / CIP 104116 / JCM 14847 / LMG 12228 / 1C / PR","Crystal Structure of P. aeruginosa Bacteriophytochrome Photosensory Core Module Mutant Q188L in the Mixed Pr/Pfr State"
"ST_3430","RECEPTOR LIKE KINASE","3J6X","Â Saccharomyces cerevisiae W303, Taura syndrome virus","S. cerevisiae 80S ribosome bound with Taura syndrome virus (TSV) IRES, 5 degree rotation (Class II)"
"ST_3431","RECEPTOR LIKE KINASE","3J6Y","Saccharomyces cerevisiae (strain ATCC 204508 / S288c)","S. cerevisiae 80S ribosome bound with Taura syndrome virus (TSV) IRES, 2 degree rotation (Class I)"
"ST_3432","RECEPTOR LIKE KINASE","3JS2","Homo sapiens","Crystal structure of minimal kinase domain of fibroblast growth factor receptor 1 in complex with 5-(2-thienyl)nicotinic acid"
"ST_3433","RECEPTOR LIKE KINASE","3KCF","Homo sapiens","Crystal structure of TGFbRI complexed with a pyrazolone inhibitor"
"ST_3434","RECEPTOR LIKE KINASE","3KFD","Homo sapiens","Ternary complex of TGF-b1 reveals isoform-specific ligand recognition and receptor recruitment in the superfamily"
"ST_3435","RECEPTOR LIKE KINASE","3KXX","Homo sapiens","Structure of the mutant Fibroblast Growth Factor receptor 1"
"ST_3436","RECEPTOR LIKE KINASE","3KY2","Homo sapiens","Crystal structure of Fibroblast Growth Factor Receptor 1 kinase domain"
"ST_3437","RECEPTOR LIKE KINASE","3LTF","Drosophila melanogaster","Crystal Structure of the Drosophila Epidermal Growth Factor Receptor ectodomain in complex with Spitz"
"ST_3438","RECEPTOR LIKE KINASE","3LTG","Drosophila melanogaster","Crystal structure of the Drosophila Epidermal Growth Factor Receptor ectodomain complexed with a low affinity Spitz mutant"
"ST_3439","RECEPTOR LIKE KINASE","3LVP","Homo sapiens","Crystal structure of bisphosphorylated IGF1-R Kinase domain (2P) in complex with a bis-azaindole inhibitor"
"ST_3440","RECEPTOR LIKE KINASE","3LW0","Homo sapiens","IGF-1RK in complex with ligand MSC1609119A-1"
"ST_3441","RECEPTOR LIKE KINASE","3LZB","Homo sapiens","EGFR kinase domain complexed with an imidazo[2 1-b]thiazole inhibitor"
"ST_3442","RECEPTOR LIKE KINASE","3MOP","Homo sapiens","The ternary Death Domain complex of MyD88, IRAK4, and IRAK2, and IRAK2"
"ST_3443","RECEPTOR LIKE KINASE","3MTF","Homo sapiens","Crystal structure of the ACVR1 kinase in complex with a 2-aminopyridine inhibitor"
"ST_3444","RECEPTOR LIKE KINASE","3MY0","Homo sapiens","Crystal structure of the ACVRL1 (ALK1) kinase domain bound to LDN-193189"
"ST_3445","RECEPTOR LIKE KINASE","3NH7","Homo sapiens","Crystal structure of the neutralizing Fab fragment AbD1556 bound to the BMP type I receptor IA"
"ST_3446","RECEPTOR LIKE KINASE","3NW5","Homo sapiens","Crystal structure of insulin-like growth factor 1 receptor (IGF-1R-WT) complex with a carbon-linked proline isostere inhibitor (11B)"
"ST_3447","RECEPTOR LIKE KINASE","3NW6","Homo sapiens","Crystal structure of insulin-like growth factor 1 receptor (IGF-1R-WT) complex with a carbon-linked proline isostere inhibitor (11A)"
"ST_3448","RECEPTOR LIKE KINASE","3NW7","Homo sapiens","Crystal structure of insulin-like growth factor 1 receptor (IGF-1R-WT) complex with a carbon-linked proline isostere inhibitor (34)"
"ST_3449","RECEPTOR LIKE KINASE","3O23","Homo sapiens","Human unphosphorylated IGF1-R Kinase domain in complex with an hydantoin inhibitor"
"ST_3450","RECEPTOR LIKE KINASE","3OJV","Homo sapiens","Crystal Structure of FGF1 complexed with the ectodomain of FGFR1c exhibiting an ordered ligand specificity-determining betaC'-betaE loop"
"ST_3451","RECEPTOR LIKE KINASE","3OOM","Homo sapiens","Crystal structure of the ACVR1 kinase domain in complex with the imidazo[1,2-b]pyridazine inhibitor K00507]"
"ST_3452","RECEPTOR LIKE KINASE","3P11","Homo sapiens","anti-EGFR/HER3 Fab DL11 in complex with domains I-III of the HER3 extracellular region"
"ST_3453","RECEPTOR LIKE KINASE","3P1I","Homo sapiens","Ligand binding domain of human ephrin type-B receptor 3"
"ST_3454","RECEPTOR LIKE KINASE","3Q4U","Homo sapiens","Crystal structure of the ACVR1 kinase domain in complex with LDN-193189"
"ST_3455","RECEPTOR LIKE KINASE","3QB4","Homo sapiens","Crystal structure of a TGF-beta ligand-receptor complex"
"ST_3456","RECEPTOR LIKE KINASE","3QQU","Homo sapiens","Cocrystal structure of unphosphorylated igf with pyrimidine 8"
"ST_3457","RECEPTOR LIKE KINASE","3QS7","Homo sapiens","Crystal structure of a human Flt3 ligand-receptor ternary complex"
"ST_3458","RECEPTOR LIKE KINASE","3QS9","Homo sapiens","Crystal structure of a human Flt3 ligand-receptor ternary complex"
"ST_3459","RECEPTOR LIKE KINASE","3RFG","Saccharomyces cerevisiae (strain ATCC 204508 / S288c)","Crystal structure of the yeast RACK1 dimer in space group P63"
"ST_3460","RECEPTOR LIKE KINASE","3RFH","Saccharomyces cerevisiae (strain ATCC 204508 / S288c)","Crystal structure of the yeast RACK1 dimer in space group P21"
"ST_3461","RECEPTOR LIKE KINASE","3RGX","Arabidopsis thaliana","Structural insight into brassinosteroid perception by BRI1"
"ST_3462","RECEPTOR LIKE KINASE","3RGZ","Arabidopsis thaliana","Structural insight into brassinosteroid perception by BRI1"
"ST_3463","RECEPTOR LIKE KINASE","3RHX","Homo sapiens","Crystal structure of the catalytic domain of FGFR1 kinase in complex with ARQ 069"
"ST_3464","RECEPTOR LIKE KINASE","3TL8","Pseudomonas syringae pv. tomato (strain ATCC BAA-871 / DC3000), Arabidopsis thaliana","The AvrPtoB-BAK1 complex reveals two structurally similar kinaseinteracting domains in a single type III effector"
"ST_3465","RECEPTOR LIKE KINASE","3TT0","Homo sapiens","Co-structure of Fibroblast Growth Factor Receptor 1 kinase domain with 3-(2,6-dichloro-3,5S)-3"
"ST_3466","RECEPTOR LIKE KINASE","3TZM","Homo sapiens","TGF-beta Receptor type 1 in complex with SB431542"
"ST_3467","RECEPTOR LIKE KINASE","3U2P","Homo sapiens","Crystal structure of N-terminal three extracellular domains of ErbB4/Her4"
"ST_3468","RECEPTOR LIKE KINASE","3U7U","Homo sapiens","Crystal structure of extracellular region of human epidermal growth factor receptor 4 in complex with neuregulin-1 beta"
"ST_3469","RECEPTOR LIKE KINASE","3U9U","Homo sapiens","Crystal Structure of Extracellular Domain of Human ErbB4/Her4 in complex with the Fab fragment of mAb1479"
"ST_3470","RECEPTOR LIKE KINASE","3UIM","Arabidopsis thaliana","Structural basis for the impact of phosphorylation on plant receptor-like kinase BAK1 activation"
"ST_3471","RECEPTOR LIKE KINASE","3UJL","Arabidopsis thaliana","Crystal structure of abscisic acid bound PYL2 in complex with type 2C protein phosphatase ABI2"
"ST_3472","RECEPTOR LIKE KINASE","3ULZ","Arabidopsis thaliana","Crystal structure of apo BAK1"
"ST_3473","RECEPTOR LIKE KINASE","3ZFM","Homo sapiens","Crystal structure of EphB2"
"ST_3474","RECEPTOR LIKE KINASE","3ZFX","Homo sapiens","Crystal structure of EphB1"
"ST_3475","RECEPTOR LIKE KINASE","3ZFY","Homo sapiens","Crystal structure of EphB3"
"ST_3476","RECEPTOR LIKE KINASE","3ZOS","Homo sapiens","Structure of the DDR1 kinase domain in complex with ponatinib"
"ST_3477","RECEPTOR LIKE KINASE","3ZQ5","Synechocystis sp. (strain PCC 6803 / Kazusa)","Structure of the Y263F mutant of the cyanobacterial phytochrome Cph1"
"ST_3478","RECEPTOR LIKE KINASE","4AG4","Homo sapiens","Crystal structure of a DDR1-Fab complex"
"ST_3479","RECEPTOR LIKE KINASE","4AOW","Homo sapiens","Crystal structure of the human Rack1 protein at a resolution of 2.45 angstrom"
"ST_3480","RECEPTOR LIKE KINASE","4BGG","Homo sapiens","Crystal structure of the ACVR1 kinase in complex with LDN-213844"
"ST_3481","RECEPTOR LIKE KINASE","4BK4","Homo sapiens","crystal structure of the human EphA4 ectodomain"
"ST_3482","RECEPTOR LIKE KINASE","4BK5","Homo sapiens","crystal structure of the human EphA4 ectodomain in complex with human ephrin A5 (amine-methylated sample)"
"ST_3483","RECEPTOR LIKE KINASE","4BKA","Homo sapiens","crystal structure of the human EphA4 ectodomain in complex with human ephrin A5"
"ST_3484","RECEPTOR LIKE KINASE","4BKF","Homo sapiens","crystal structure of the human EphA4 ectodomain in complex with human ephrinB3"
"ST_3485","RECEPTOR LIKE KINASE","4BKJ","Homo sapiens","Crystal structure of the human DDR1 kinase domain in complex with imatinib"
"ST_3486","RECEPTOR LIKE KINASE","4BSJ","Homo sapiens","Crystal structure of VEGFR-3 extracellular domains D4-5"
"ST_3487","RECEPTOR LIKE KINASE","4BSK","Homo sapiens","Crystal structure of VEGF-C in complex with VEGFR-3 domains D1-2"
"ST_3488","RECEPTOR LIKE KINASE","4C02","Homo sapiens","Crystal structure of human ACVR1 (ALK2) in complex with FKBP12.6 and dorsomorphin"
"ST_3489","RECEPTOR LIKE KINASE","4C8B","Homo sapiens","Structure of the kinase domain of human RIPK2 in complex with ponatinib"
"ST_3490","RECEPTOR LIKE KINASE","4CKR","Homo sapiens","Crystal structure of the human DDR1 kinase domain in complex with DDR1-IN-1"
"ST_3491","RECEPTOR LIKE KINASE","4CKV","Homo sapiens","Crystal structure of VEGFR-1 domain 2 in presence of Zn"
"ST_3492","RECEPTOR LIKE KINASE","4CL7","Homo sapiens","Crystal structure of VEGFR-1 domain 2 in presence of Cobalt"
"ST_3493","RECEPTOR LIKE KINASE","4D2R","Homo sapiens","Human IGF in complex with a Dyrk1B inhibitor"
"ST_3494","RECEPTOR LIKE KINASE","4D61","Oryctolagus cuniculus, Homo sapiens","Cryo-EM structures of ribosomal 80S complexes with termination factors and cricket paralysis virus IRES reveal the IRES in the translocated state"
"ST_3495","RECEPTOR LIKE KINASE","4D8D","Homo sapiens, Human immunodeficiency virus type 1 group M subtype B","Crystal structure of HIV-1 NEF Fyn-SH3 R96W variant"
"ST_3496","RECEPTOR LIKE KINASE","4DYM","Homo sapiens","Crystal structure of the ACVR1 kinase domain in complex with the imidazo[1,2-b]pyridazine inhibitor K00135]"
"ST_3497","RECEPTOR LIKE KINASE","4EBY","Arabidopsis thaliana","Crystal structure of the ectodomain of a receptor like kinase"
"ST_3498","RECEPTOR LIKE KINASE","4EBZ","Arabidopsis thaliana","Crystal structure of the ectodomain of a receptor like kinase"
"ST_3499","RECEPTOR LIKE KINASE","4ET7","Homo sapiens","Crystal structure of Eph receptor 5"
"ST_3500","RECEPTOR LIKE KINASE","4F63","Homo sapiens","Crystal structure of Human Fibroblast Growth Factor Receptor 1 Kinase domain in complex with compound 1"
"ST_3501","RECEPTOR LIKE KINASE","4F64","Homo sapiens","Crystal structure of Human Fibroblast Growth Factor Receptor 1 Kinase domain in complex with compound 6"
"ST_3502","RECEPTOR LIKE KINASE","4F65","Homo sapiens","Crystal structure of Human Fibroblast Growth Factor Receptor 1 Kinase domain in complex with compound 8"
"ST_3503","RECEPTOR LIKE KINASE","4FAO","Homo sapiens","Specificity and Structure of a high affinity Activin-like 1 (ALK1) signaling complex"
"ST_3504","RECEPTOR LIKE KINASE","4GFG","Homo sapiens","Crystal structure of spleen tyrosine kinase complexed with r9021"
"ST_3505","RECEPTOR LIKE KINASE","4HQ1","Arabidopsis thaliana","Crystal structure of an LRR protein with two solenoids"
"ST_3506","RECEPTOR LIKE KINASE","4IBM","Homo sapiens","Crystal structure of insulin receptor kinase domain in complex with an inhibitor Irfin-1"
"ST_3507","RECEPTOR LIKE KINASE","4J0M","Arabidopsis thaliana","Crystal structure of BRL1 (LRR) in complex with brassinolide"
"ST_3508","RECEPTOR LIKE KINASE","4L0P","Homo sapiens","Structure of the human EphA3 receptor ligand binding domain complexed with ephrin-A5"
"ST_3509","RECEPTOR LIKE KINASE","4L68","Arabidopsis thaliana","Structure of the psedudokinase domain of BIR2, an immune regulator of the RLK/Pelle family"
"ST_3510","RECEPTOR LIKE KINASE","4LEO","Homo sapiens","Crystal structure of anti-HER3 Fab RG7116 in complex with the extracellular domains of human Her3 (ERBB3)"
"ST_3511","RECEPTOR LIKE KINASE","4LIQ","Homo sapiens","Structure of the extracellular domain of human CSF-1 receptor in complex with the Fab fragment of RG7155"
"ST_3512","RECEPTOR LIKE KINASE","4LSC","Arabidopsis thaliana","Isolated SERK1 co-receptor ectodomain at high resolution"
"ST_3513","RECEPTOR LIKE KINASE","4LSX","Arabidopsis thaliana","Plant steroid receptor ectodomain bound to brassinolide and SERK1 co-receptor ectodomain"
"ST_3514","RECEPTOR LIKE KINASE","4M4P","Homo sapiens","Crystal structure of EPHA4 ectodomain"
"ST_3515","RECEPTOR LIKE KINASE","4M4R","Homo sapiens","Epha4 ectodomain complex with ephrin a5"
"ST_3516","RECEPTOR LIKE KINASE","4M66","Mus musculus","Crystal structure of the mouse RIP3 kinase domain"
"ST_3517","RECEPTOR LIKE KINASE","4M69","Mus musculus","Crystal structure of the mouse RIP3-MLKL complex"
"ST_3518","RECEPTOR LIKE KINASE","4M7E","Arabidopsis thaliana","Structural insight into BL-induced activation of the BRI1-BAK1 complex"
"ST_3519","RECEPTOR LIKE KINASE","4MN8","Arabidopsis thaliana","Crystal structure of flg22 in complex with the FLS2 and BAK1 ectodomains"
"ST_3520","RECEPTOR LIKE KINASE","4MNA","Arabidopsis thaliana","Crystal structure of the free FLS2 ectodomains"
"ST_3521","RECEPTOR LIKE KINASE","4NK9","Homo sapiens","Crystal structure of human fibroblast growth factor receptor 1 kinase domain in complex with pyrazolaminopyrimidine 1"
"ST_3522","RECEPTOR LIKE KINASE","4NKA","Homo sapiens","Crystal structure of human fibroblast growth factor receptor 1 kinase domain in complex with pyrazolaminopyrimidine 2"
"ST_3523","RECEPTOR LIKE KINASE","4NKS","Homo sapiens","Crystal structure of human fibroblast growth factor receptor 1 kinase domain in complex with pyrazolaminopyrimidine 3"
"ST_3524","RECEPTOR LIKE KINASE","4OTW","Homo sapiens","HER3 pseudokinase domain bound to bosutinib"
"ST_3525","RECEPTOR LIKE KINASE","4P59","Homo sapiens","HER3 extracellular domain in complex with Fab fragment of MOR09825"
"ST_3526","RECEPTOR LIKE KINASE","4P5Q","Homo sapiens","Human EphA3 Kinase domain in complex with quinoxaline derivatives"
"ST_3527","RECEPTOR LIKE KINASE","4P5Z","Homo sapiens","Human EphA3 Kinase domain in complex with quinoxaline derivatives"
"ST_3528","RECEPTOR LIKE KINASE","4PGZ","Homo sapiens","Structural basis of KIT activation by oncogenic mutations in the extracellular region reveals a zipper-like mechanism for ligand-dependent or oncogeni"
"ST_3529","RECEPTOR LIKE KINASE","4QT8","Homo sapiens","Crystal Structure of RON Sema-PSI-IPT1 extracellular domains in complex with MSP beta-chain"
"ST_3530","RECEPTOR LIKE KINASE","4RIW","Homo sapiens","Crystal structure of an EGFR/HER3 kinase domain heterodimer"
"ST_3531","RECEPTOR LIKE KINASE","4RIX","Homo sapiens","Crystal structure of an EGFR/HER3 kinase domain heterodimer containing the cancer-associated HER3-Q790R mutation"
"ST_3532","RECEPTOR LIKE KINASE","4RIY","Homo sapiens","Crystal structure of an EGFR/HER3 kinase domain heterodimer containing the cancer-associated HER3-E909G mutation"
"ST_3533","RECEPTOR LIKE KINASE","4RT7","Homo sapiens","Crystal Structure of FLT3 with a small molecule inhibitor"
"ST_3534","RECEPTOR LIKE KINASE","4RWI","Homo sapiens","Crystal structure of V561M FGFR1 gatekeeper mutation (C488A, C584S"
"ST_3535","RECEPTOR LIKE KINASE","4RWJ","Homo sapiens","Crystal Structure of FGFR1 (C488A"
"ST_3536","RECEPTOR LIKE KINASE","4RWK","Homo sapiens","Crystal structure of V561M FGFR1 gatekeeper mutation (C488A, C584S"
"ST_3537","RECEPTOR LIKE KINASE","4RWL","Homo sapiens","Crystal structure of FGFR1 (C488A, C584C) in complex with 6-(7-((1-aminocyclopropyl) methoxy)-6-methoxyquinolin-4-yloxy)-N-methyl-1-naphthamide (E3810"
"ST_3538","RECEPTOR LIKE KINASE","4TWN","Homo sapiens","Human EphA3 Kinase domain in complex with Birb796"
"ST_3539","RECEPTOR LIKE KINASE","4TWO","Homo sapiens","Human EphA3 Kinase domain in complex with compound 164"
"ST_3540","RECEPTOR LIKE KINASE","4U3M","Saccharomyces cerevisiae (strain ATCC 204508 / S288c)","Crystal structure of Anisomycin bound to the yeast 80S ribosome"
"ST_3541","RECEPTOR LIKE KINASE","4U3N","Saccharomyces cerevisiae (strain ATCC 204508 / S288c)","Crystal structure of CCA trinucleotide bound to the yeast 80S ribosome"
"ST_3542","RECEPTOR LIKE KINASE","4U3U","Saccharomyces cerevisiae (strain ATCC 204508 / S288c)","Crystal structure of Cycloheximide bound to the yeast 80S ribosome"
"ST_3543","RECEPTOR LIKE KINASE","4U4N","Saccharomyces cerevisiae (strain ATCC 204508 / S288c)","Crystal structure of Edeine bound to the yeast 80S ribosome"
"ST_3544","RECEPTOR LIKE KINASE","4U4O","Saccharomyces cerevisiae S288C","Crystal structure of Geneticin bound to the yeast 80S ribosome"
"ST_3545","RECEPTOR LIKE KINASE","4U4Q","Saccharomyces cerevisiae (strain ATCC 204508 / S288c)","Crystal structure of Homoharringtonine bound to the yeast 80S ribosome"
"ST_3546","RECEPTOR LIKE KINASE","4U4R","Saccharomyces cerevisiae S288C","Crystal structure of Lactimidomycin bound to the yeast 80S ribosome"
"ST_3547","RECEPTOR LIKE KINASE","4U4U","Saccharomyces cerevisiae (strain ATCC 204508 / S288c)","Crystal structure of Lycorine bound to the yeast 80S ribosome"
"ST_3548","RECEPTOR LIKE KINASE","4U4Y","Saccharomyces cerevisiae (strain ATCC 204508 / S288c)","Crystal structure of Pactamycin bound to the yeast 80S ribosome"
"ST_3549","RECEPTOR LIKE KINASE","4U4Z","Saccharomyces cerevisiae (strain ATCC 204508 / S288c)","Crystal structure of Phyllanthoside bound to the yeast 80S ribosome"
"ST_3550","RECEPTOR LIKE KINASE","4U50","Saccharomyces cerevisiae (strain ATCC 204508 / S288c)","Crystal structure of Verrucarin bound to the yeast 80S ribosome"
"ST_3551","RECEPTOR LIKE KINASE","4U51","Saccharomyces cerevisiae S288C","Crystal structure of Narciclasine bound to the yeast 80S ribosome"
"ST_3552","RECEPTOR LIKE KINASE","4U52","Saccharomyces cerevisiae (strain ATCC 204508 / S288c)","Crystal structure of Nagilactone C bound to the yeast 80S ribosome"
"ST_3553","RECEPTOR LIKE KINASE","4U53","Saccharomyces cerevisiae (strain ATCC 204508 / S288c)","Crystal structure of Deoxynivalenol bound to the yeast 80S ribosome"
"ST_3554","RECEPTOR LIKE KINASE","4U55","Saccharomyces cerevisiae (strain ATCC 204508 / S288c)","Crystal structure of Cryptopleurine bound to the yeast 80S ribosome"
"ST_3555","RECEPTOR LIKE KINASE","4U56","Saccharomyces cerevisiae (strain ATCC 204508 / S288c)","Crystal structure of Blasticidin S bound to the yeast 80S ribosome"
"ST_3556","RECEPTOR LIKE KINASE","4U6F","Saccharomyces cerevisiae (strain ATCC 204508 / S288c)","Crystal structure of T-2 toxin bound to the yeast 80S ribosome"
"ST_3557","RECEPTOR LIKE KINASE","4UG0","Homo sapiens","STRUCTURE OF THE HUMAN 80S RIBOSOME"
"ST_3558","RECEPTOR LIKE KINASE","4UJE","Oryctolagus cuniculus, Bos taurus, Escherichia coli","Regulation of the mammalian elongation cycle by 40S subunit rolling: a eukaryotic-specific ribosome rearrangement"
"ST_3559","RECEPTOR LIKE KINASE","4UWB","Homo sapiens","Fibroblast growth factor receptor 1 kinase in complex with JK-P5"
"ST_3560","RECEPTOR LIKE KINASE","4UWC","Homo sapiens","Fibroblast growth factor receptor 1 kinase in complex with JK-P3"
"ST_3561","RECEPTOR LIKE KINASE","4UWY","Homo sapiens","FGFR1 Apo structure"
"ST_3562","RECEPTOR LIKE KINASE","4V6W","Drosophila melanogaster","Structure of the D. melanogaster 80S ribosome"
"ST_3563","RECEPTOR LIKE KINASE","4V6X","Homo sapiens","Structure of the human 80S ribosome"
"ST_3564","RECEPTOR LIKE KINASE","4V7R","Saccharomyces cerevisiae (strain ATCC 204508 / S288c)","Yeast 80S ribosome."
"ST_3565","RECEPTOR LIKE KINASE","4V88","Saccharomyces cerevisiae (strain ATCC 204508 / S288c)","The structure of the eukaryotic ribosome at 3.0 A resolution."
"ST_3566","RECEPTOR LIKE KINASE","4V8Y","Saccharomyces cerevisiae (strain ATCC 204508 / S288c)","Cryo-EM reconstruction of the 80S-eIF5B-Met-itRNAMet Eukaryotic Translation Initiation Complex"
"ST_3567","RECEPTOR LIKE KINASE","4V8Z","Saccharomyces cerevisiae (strain ATCC 204508 / S288c)","Cryo-EM reconstruction of the 80S-eIF5B-Met-itRNAMet Eukaryotic Translation Initiation Complex"
"ST_3568","RECEPTOR LIKE KINASE","4W4Z","Homo sapiens","Structure of the EphA4 LBD in complex with peptide"
"ST_3569","RECEPTOR LIKE KINASE","4W50","Homo sapiens","Structure of the EphA4 LBD in complex with peptide"
"ST_3570","RECEPTOR LIKE KINASE","4WUN","Homo sapiens","Structure of FGFR1 in complex with AZD4547 (N-{3-[2-(3,5-DIMETHOXYPHENYL)ETHYL]-1H-PYRAZOL-5-YL}-4-[(3R,5-DIMETHYLPIPERAZIN-1-YL]BENZAMIDE) at 1.65 an"
"ST_3571","RECEPTOR LIKE KINASE","4X0M","Homo sapiens","Selection of fragments for kinase inhibitor design: decoration is key"
"ST_3572","RECEPTOR LIKE KINASE","4X2F","Homo sapiens","Selection of fragments for kinase inhibitor design: decoration is key"
"ST_3573","RECEPTOR LIKE KINASE","4X2G","Homo sapiens","Selection of fragments for kinase inhibitor design: decoration is key"
"ST_3574","RECEPTOR LIKE KINASE","4X2J","Homo sapiens","Selection of fragments for kinase inhibitor design: decoration is key"
"ST_3575","RECEPTOR LIKE KINASE","4X2K","Homo sapiens","Selection of fragments for kinase inhibitor design: decoration is key"
"ST_3576","RECEPTOR LIKE KINASE","4X2N","Homo sapiens","Selection of fragments for kinase inhibitor design: decoration is key"
"ST_3577","RECEPTOR LIKE KINASE","4XUF","Homo sapiens","Crystal structure of the FLT3 kinase domain bound to the inhibitor quizartinib (AC220)"
"ST_3578","RECEPTOR LIKE KINASE","4YRU","Rattus norvegicus","Crystal structure of C-terminally truncated Neuronal Calcium Sensor (NCS-1) from Rattus norvegicus"
"ST_3579","RECEPTOR LIKE KINASE","4Z61","Daucus carota, Arabidopsis thaliana","The plant peptide hormone receptor complex"
"ST_3580","RECEPTOR LIKE KINASE","4Z64","Arabidopsis thaliana","the plant peptide hormone receptor complex in arabidopsis"
"ST_3581","RECEPTOR LIKE KINASE","4ZSA","Homo sapiens","Crystal structure of FGFR1 kinase domain in complex with 7n"
"ST_3582","RECEPTOR LIKE KINASE","5ABD","Homo sapiens","CRYSTAL STRUCTURE OF VEGFR-1 DOMAIN 2 IN PRESENCE OF CU"
"ST_3583","RECEPTOR LIKE KINASE","5AEQ","Rattus norvegicus","Neuronal calcium sensor (NCS-1)from Rattus norvegicus"
"ST_3584","RECEPTOR LIKE KINASE","5AER","Rattus norvegicus, Homo sapiens","Neuronal calcium sensor-1 (NCS-1)from Rattus norvegicus complex with D2 dopamine receptor peptide from Homo sapiens"
"ST_3585","RECEPTOR LIKE KINASE","5AFP","Rattus norvegicus, Homo sapiens","Neuronal calcium sensor-1 (NCS-1)from Rattus norvegicus complex with rhodopsin kinase peptide from Homo sapiens"
"ST_3586","RECEPTOR LIKE KINASE","5AJ0","Homo sapiens","Cryo electron microscopy of actively translating human polysomes (POST state)."
"ST_3587","RECEPTOR LIKE KINASE","5AM6","Homo sapiens","Native FGFR1 with an inhibitor"
"ST_3588","RECEPTOR LIKE KINASE","5AM7","Homo sapiens","FGFR1 mutant with an inhibitor"
"ST_3589","RECEPTOR LIKE KINASE","5AR2","Homo sapiens","RIP2 Kinase Catalytic Domain (1 - 310)"
"ST_3590","RECEPTOR LIKE KINASE","5AR3","Homo sapiens","RIP2 Kinase Catalytic Domain (1 - 310) complex with AMP-PCP"
"ST_3591","RECEPTOR LIKE KINASE","5AR4","Homo sapiens","RIP2 Kinase Catalytic Domain (1 - 310) complex with SB-203580"
"ST_3592","RECEPTOR LIKE KINASE","5AR5","Homo sapiens","RIP2 Kinase Catalytic Domain (1 - 310) complex with Benzimidazole"
"ST_3593","RECEPTOR LIKE KINASE","5AR7","Homo sapiens","RIP2 Kinase Catalytic Domain (1 - 310) complex with Biaryl Urea"
"ST_3594","RECEPTOR LIKE KINASE","5AR8","Homo sapiens","RIP2 Kinase Catalytic Domain (1 - 310) complex with Biphenylsulfonamide"
"ST_3595","RECEPTOR LIKE KINASE","5BVK","Homo sapiens","Fragment-based discovery of potent and selective DDR1/2 inhibitors"
"ST_3596","RECEPTOR LIKE KINASE","5BVN","Homo sapiens","Fragment-based discovery of potent and selective DDR1/2 inhibitors"
"ST_3597","RECEPTOR LIKE KINASE","5BVO","Homo sapiens","Fragment-based discovery of potent and selective DDR1/2 inhibitors"
"ST_3598","RECEPTOR LIKE KINASE","5BVW","Homo sapiens","Fragment-based discovery of potent and selective DDR1/2 inhibitors"
"ST_3599","RECEPTOR LIKE KINASE","5CEM","Homo sapiens","Pseudokinase and C-terminal extension of Human Tribbles Homolog 1"
"ST_3600","RECEPTOR LIKE KINASE","5CUS","Homo sapiens","Crystal Structure of sErbB3-Fab3379 Complex"
"ST_3601","RECEPTOR LIKE KINASE","5DAT","Saccharomyces cerevisiae (strain ATCC 204508 / S288c)","Complex of yeast 80S ribosome with hypusine-containing eIF5A"
"ST_3602","RECEPTOR LIKE KINASE","5DC3","Saccharomyces cerevisiae (strain ATCC 204508 / S288c)","Complex of yeast 80S ribosome with non-modified eIF5A"
"ST_3603","RECEPTOR LIKE KINASE","5DGE","Saccharomyces cerevisiae (strain ATCC 204508 / S288c)","Coping with proline stalling: structural basis of hypusine-induced protein synthesis by the eukaryotic ribosome"
"ST_3604","RECEPTOR LIKE KINASE","5DGF","Saccharomyces cerevisiae (strain ATCC 204508 / S288c)","Complex of yeast 80S ribosome with hypusine-containing/non-modified eIF5A and/or a peptidyl-tRNA analog"
"ST_3605","RECEPTOR LIKE KINASE","5DGV","Saccharomyces cerevisiae S288C","Complex of yeast 80S ribosome with hypusine-containing/non-modified eIF5A and/or a peptidyl-tRNA analog"
"ST_3606","RECEPTOR LIKE KINASE","5DHF","Saccharomyces cerevisiae (strain ATCC 204508 / S288c), Homo sapiens","Crystal Structure of hRio2 NES Peptide in complex with CRM1-Ran-RanBP1"
"ST_3607","RECEPTOR LIKE KINASE","5E8S","Homo sapiens","TGF-BETA RECEPTOR TYPE 1 KINASE DOMAIN (WT)"
"ST_3608","RECEPTOR LIKE KINASE","5E8T","Homo sapiens","TGF-BETA RECEPTOR TYPE 1 KINASE DOMAIN (T204D)"
"ST_3609","RECEPTOR LIKE KINASE","5E8U","Homo sapiens","TGF-BETA RECEPTOR TYPE 1 KINASE DOMAIN (T204D,I211V,Y249F,S280T, Y282F,S287N,A350C,L352F)"
"ST_3610","RECEPTOR LIKE KINASE","5E8W","Homo sapiens","TGF-BETA RECEPTOR TYPE 1 KINASE DOMAIN (T204D) IN COMPLEX WITH STAUROSPORINE"
"ST_3611","RECEPTOR LIKE KINASE","5E8X","Homo sapiens","TGF-BETA RECEPTOR TYPE 1 KINASE DOMAIN (T204D,I211V,Y249F,S280T, Y282F,S287N,A350C,L352F) IN COMPLEX WITH STAUROSPORINE"
"ST_3612","RECEPTOR LIKE KINASE","5E8Z","Homo sapiens","TGF-BETA RECEPTOR TYPE 1 KINASE DOMAIN (T204D) IN COMPLEX WITH 3-AMINO-6-[4-(2-HYDROXYETHYL)PHENYL]-N-[4-(MORPHOLIN-4-YL)PYRIDIN-3-YL]PYRAZINE-2-CARBO"
"ST_3613","RECEPTOR LIKE KINASE","5.00E+90","Homo sapiens","TGF-BETA RECEPTOR TYPE 1 KINASE DOMAIN (T204D,I211V,Y249F,S280T, Y282F,S287N,A350C,L352F) IN COMPLEX WITH 3-AMINO-6- [4-(2-HYDROXYETHYL)PHENYL]-N-[4-("
"ST_3614","RECEPTOR LIKE KINASE","5EW8","Homo sapiens","FIBROBLAST GROWTH FACTOR RECEPTOR 1 IN COMPLEX WITH JNJ-4275693"
"ST_3615","RECEPTOR LIKE KINASE","5FCI","Saccharomyces cerevisiae (strain ATCC 204508 / S288c)","Structure of the vacant uL3 W255C mutant 80S yeast ribosome"
"ST_3616","RECEPTOR LIKE KINASE","5FCJ","Saccharomyces cerevisiae (strain ATCC 204508 / S288c)","Structure of the anisomycin-containing uL3 W255C mutant 80S yeast ribosome"
"ST_3617","RECEPTOR LIKE KINASE","5FDP","Homo sapiens","Structure of DDR1 receptor tyrosine kinase in complex with D2099 inhibitor at 2.25 Angstroms resolution."
"ST_3618","RECEPTOR LIKE KINASE","5FDX","Homo sapiens","Structure of DDR1 receptor tyrosine kinase in complex with D2164 inhibitor at 2.65 Angstroms resolution."
"ST_3619","RECEPTOR LIKE KINASE","5FLF","Homo sapiens","DISEASE LINKED MUTATION IN FGFR"
"ST_3620","RECEPTOR LIKE KINASE","5FLX","Homo sapiens, Hepacivirus C","Mammalian 40S HCV-IRES complex"
"ST_3621","RECEPTOR LIKE KINASE","5FOR","Homo sapiens","Cryptic TIR"
"ST_3622","RECEPTOR LIKE KINASE","5FRI","Homo sapiens","ALK5 in complex witha an N-(4-anilino-2-pyridyl)acetamide inhibitor."
"ST_3623","RECEPTOR LIKE KINASE","5FXQ","Homo sapiens","IGFR-1R complex with a pyrimidine inhibitor."
"ST_3624","RECEPTOR LIKE KINASE","5FXR","Homo sapiens","IGFR-1R complex with a pyrimidine inhibitor."
"ST_3625","RECEPTOR LIKE KINASE","5FXS","Homo sapiens","IGFR-1R complex with a pyrimidine inhibitor."
"ST_3626","RECEPTOR LIKE KINASE","5GIJ","Arabidopsis thaliana","Crystal structure of TDR-TDIF complex"
"ST_3627","RECEPTOR LIKE KINASE","5GQR","Arabidopsis thaliana","Crystal structure of PXY-CLE41-SERK2"
"ST_3628","RECEPTOR LIKE KINASE","5GR8","Arabidopsis thaliana","Crystal structure of PEPR1-AtPEP1"
"ST_3629","RECEPTOR LIKE KINASE","5GR9","Arabidopsis thaliana","Crystal structure of PXY-TDIF/CLE41"
"ST_3630","RECEPTOR LIKE KINASE","5HYX","Arabidopsis thaliana","Plant peptide hormone receptor RGFR1 in complex with RGF1"
"ST_3631","RECEPTOR LIKE KINASE","5HZ0","Arabidopsis thaliana","Plant peptide hormone receptor RGFR1 in complex with RGF2"
"ST_3632","RECEPTOR LIKE KINASE","5HZ1","Arabidopsis thaliana","Plant peptide hormone receptor RGFR1 in complex with RGF3"
"ST_3633","RECEPTOR LIKE KINASE","5HZ3","Arabidopsis thaliana","Plant peptide hormone receptor RGFR1 in complex with RGFR5"
"ST_3634","RECEPTOR LIKE KINASE","5HZN","Homo sapiens","Structure of NVP-AEW541 in complex with IGF-1R kinase"
"ST_3635","RECEPTOR LIKE KINASE","5I4L","Saccharomyces cerevisiae (strain ATCC 204508 / S288c)","Crystal structure of Amicoumacin A bound to the yeast 80S ribosome"
"ST_3636","RECEPTOR LIKE KINASE","5IXD","Homo sapiens","Structure of human JAK1 FERM/SH2 in complex with IFN lambda receptor"
"ST_3637","RECEPTOR LIKE KINASE","5IXI","Homo sapiens","Structure of human JAK1 FERM/SH2 in complex with IFNLR1/IL10RA chimera"
"ST_3638","RECEPTOR LIKE KINASE","5IXO","Arabidopsis thaliana","Crystal structure of the Arabidopsis receptor kinase HAESA LRR ectdomain (apo form)."
"ST_3639","RECEPTOR LIKE KINASE","5IXQ","Arabidopsis thaliana","Crystal structure of the Arabidopsis receptor kinase HAESA LRR ectdomain in complex with the peptide hormone IDA."
"ST_3640","RECEPTOR LIKE KINASE","5IXT","Arabidopsis thaliana","The crystal structure of the Arabidopsis receptor kinase HAESA LRR ectdomain in complex with a N-terminal extended IDA peptide hormone ligand."
"ST_3641","RECEPTOR LIKE KINASE","5IYV","Arabidopsis thaliana","Crystal structure of the Arabidopsis receptor kinase HAESA LRR ectdomain in complex with the peptide hormone IDL1."
"ST_3642","RECEPTOR LIKE KINASE","5IYX","Arabidopsis thaliana","Crystal structure of the Arabidopsis receptor kinase HAESA in complex with the peptide hormone IDA and the co-receptor SERK1"
"ST_3643","RECEPTOR LIKE KINASE","5J79","Homo sapiens","The identification and pharmacological characterization of 6-(tert-butylsulfonyl)-N-(5-fluoro-1H-indazol-3-yl)quinolin-4-amine (GSK583), a highly pote"
"ST_3644","RECEPTOR LIKE KINASE","5J7B","Homo sapiens","The identification and pharmacological characterization of 6-(tert-butylsulfonyl)-N-(5-fluoro-1H-indazol-3-yl)quinolin-4-amine (GSK583), a highly pote"
"ST_3645","RECEPTOR LIKE KINASE","5JFI","Arabidopsis thaliana","Crystal structure of a TDIF-TDR complex"
"ST_3646","RECEPTOR LIKE KINASE","5JFK","Arabidopsis thaliana","Crystal structure of a TDR receptor"
"ST_3647","RECEPTOR LIKE KINASE","5JR2","Homo sapiens","Crystal structure of the EphA4 LBD in complex with APYd3 peptide inhibitor"
"ST_3648","RECEPTOR LIKE KINASE","5K5X","Homo sapiens","Crystal structure of human PDGFRA"
"ST_3649","RECEPTOR LIKE KINASE","5L04","Homo sapiens","STRUCTURE OF INTERFERON LAMBDA 1 RECEPTOR WITH HUMAN KINASE JAK1"
"ST_3650","RECEPTOR LIKE KINASE","5L6O","Homo sapiens","EphB3 kinase domain covalently bound to an irreversible inhibitor (compound 3)"
"ST_3651","RECEPTOR LIKE KINASE","5L6P","Homo sapiens","EphB3 kinase domain covalently bound to an irreversible inhibitor (compound 6)"
"ST_3652","RECEPTOR LIKE KINASE","5LKS","Homo sapiens","Structure-function insights reveal the human ribosome as a cancer target for antibiotics"
"ST_3653","RECEPTOR LIKE KINASE","5LSP","Homo sapiens","107_A07 Fab in complex with fragment of the Met receptor"
"ST_3654","RECEPTOR LIKE KINASE","5LYB","Saccharomyces cerevisiae","Crystal structure of the S.cerevisiae 80S ribosome in complex with the A-site bound aminoacyl-tRNA analog ACCPmn"
"ST_3655","RECEPTOR LIKE KINASE","5M1J","Saccharomyces cerevisiae (strain ATCC 204508 / S288c)","Nonstop ribosomal complex bound with Dom34 and Hbs1"
"ST_3656","RECEPTOR LIKE KINASE","5MC6","Saccharomyces cerevisiae (strain ATCC 204508 / S288c)","Cryo-EM structure of a native ribosome-Ski2-Ski3-Ski8 complex from S. cerevisiae"
"ST_3657","RECEPTOR LIKE KINASE","5MEI","Saccharomyces cerevisiae (strain ATCC 204508 / S288c)","Crystal structure of Agelastatin A bound to the 80S ribosome"
"ST_3658","RECEPTOR LIKE KINASE","5MJA","Homo sapiens","Kinase domain of human EphB1 bound to a quinazoline-based inhibitor"
"ST_3659","RECEPTOR LIKE KINASE","5MJB","Homo sapiens","Kinase domain of human EphB1, G703C mutant, covalently bound to a quinazoline-based inhibitor"
"ST_3660","RECEPTOR LIKE KINASE","5MYA","Homo sapiens","Homodimerization of Tie2 Fibronectin-like domains 1-3 in space group C2"
"ST_3661","RECEPTOR LIKE KINASE","5MYB","Homo sapiens","Homodimerization of Tie2 Fibronectin-like domains 2 and 3 in space group P21"
"ST_3662","RECEPTOR LIKE KINASE","5N06","Homo sapiens","Crystal structure of Tie1 Fibronectin-like domain 3"
"ST_3663","RECEPTOR LIKE KINASE","5NDG","Saccharomyces cerevisiae (strain ATCC 204508 / S288c)","Crystal structure of geneticin (G418) bound to the yeast 80S ribosome"
"ST_3664","RECEPTOR LIKE KINASE","5NDV","Saccharomyces cerevisiae (strain ATCC 204508 / S288c)","Crystal structure of Paromomycin bound to the yeast 80S ribosome"
"ST_3665","RECEPTOR LIKE KINASE","5NDW","Saccharomyces cerevisiae (strain ATCC 204508 / S288c)","Crystal structure of aminoglycoside TC007 bound to the yeast 80S ribosome"
"ST_3666","RECEPTOR LIKE KINASE","5NG0","Homo sapiens","Structure of RIP2K(L294F) with bound AMPPCP"
"ST_3667","RECEPTOR LIKE KINASE","5NG2","Homo sapiens","Structure of RIP2K(D146N) with bound Staurosporine"
"ST_3668","RECEPTOR LIKE KINASE","5NG3","Homo sapiens","Structure of inactive kinase RIP2K(K47R)"
"ST_3669","RECEPTOR LIKE KINASE","5O49","Homo sapiens","Human FGF in complex with a covalent inhibitor"
"ST_3670","RECEPTOR LIKE KINASE","5O4A","Homo sapiens","Human FGF in complex with a covalent inhibitor"
"ST_3671","RECEPTOR LIKE KINASE","5O4O","Homo sapiens","HER3 in complex with Fab MF3178"
"ST_3672","RECEPTOR LIKE KINASE","5O7P","Homo sapiens","HER3 in complex with Fab MF3178"
"ST_3673","RECEPTOR LIKE KINASE","5OA3","Homo sapiens, Hepacivirus C","Human 40S-eIF2D-re-initiation complex"
"ST_3674","RECEPTOR LIKE KINASE","5OBM","Saccharomyces cerevisiae (strain ATCC 204508 / S288c)","Crystal structure of Gentamicin bound to the yeast 80S ribosome"
"ST_3675","RECEPTOR LIKE KINASE","5ON6","Saccharomyces cerevisiae (strain ATCC 204508 / S288c)","Crystal structure of haemanthamine bound to the 80S ribosome"
"ST_3676","RECEPTOR LIKE KINASE","5OXG","Homo sapiens","Crystal structure of the ACVR1 (ALK2) kinase in complex with LDN-212854"
"ST_3677","RECEPTOR LIKE KINASE","5OY6","Homo sapiens","Crystal structure of the ACVR1 (ALK2) kinase in complex with cyclical inhibitor OD36."
"ST_3678","RECEPTOR LIKE KINASE","5T2C","Homo sapiens","CryoEM structure of the human ribosome at 3.6 Angstrom resolution"
"ST_3679","RECEPTOR LIKE KINASE","5T89","Homo sapiens","Crystal structure of VEGF-A in complex with VEGFR-1 domains D1-6"
"ST_3680","RECEPTOR LIKE KINASE","5TBW","Saccharomyces cerevisiae (strain ATCC 204508 / S288c)","Crystal structure of chlorolissoclimide bound to the yeast 80S ribosome"
"ST_3681","RECEPTOR LIKE KINASE","5TGA","Saccharomyces cerevisiae (strain ATCC 204508 / S288c)","Crystal structure of the S.cerevisiae 80S ribosome in complex with the A-site bound aminoacyl-tRNA analog ACCA-Pro"
"ST_3682","RECEPTOR LIKE KINASE","5TGM","Saccharomyces cerevisiae","Crystal structure of the S.cerevisiae 80S ribosome in complex with the A-site bound aminoacyl-tRNA analog ACCA-Pro"
"ST_3683","RECEPTOR LIKE KINASE","5U8Q","Homo sapiens","Structure of the ectodomain of the human Type 1 insulin-like growth factor receptor in complex with IGF-I"
"ST_3684","RECEPTOR LIKE KINASE","5U8R","Homo sapiens","Structure of the ectodomain of the human Type 1 insulin-like growth factor receptor"
"ST_3685","RECEPTOR LIKE KINASE","5UQ0","Homo sapiens","FGFR1 kinase domain complex with fragment 2,2-dimethyl-2,3-dihydrobenzofuran-7-carboxamide"
"ST_3686","RECEPTOR LIKE KINASE","5UR1","Homo sapiens","FGFR1 kinase domain complex with SN37333 in reversible binding mode"
"ST_3687","RECEPTOR LIKE KINASE","5USQ","Homo sapiens","ALK-5 kinase inhibitor complex"
"ST_3688","RECEPTOR LIKE KINASE","5UV4","Zea mays","Crystal Structure of Maize SIRK1 (sucrose-induced receptor kinase 1) kinase domain bound to AMP-PNP"
"ST_3689","RECEPTOR LIKE KINASE","5UWQ","Homo sapiens","Crystal Structure of CDC7 NES Peptide in complex with CRM1-Ran-RanBP1"
"ST_3690","RECEPTOR LIKE KINASE","5UWR","Saccharomyces cerevisiae (strain ATCC 204508 / S288c), Homo sapiens","Crystal Structure of CDC7 NES Peptide (extended) in complex with CRM1-Ran-RanBP1"
"ST_3691","RECEPTOR LIKE KINASE","5VND","Homo sapiens","Crystal structure of FGFR1-Y563C (FGFR4 surrogate) covalently bound to H3B-6527"
"ST_3692","RECEPTOR LIKE KINASE","5VYC","Homo sapiens","Crystal structure of the human 40S ribosomal subunit in complex with DENR-MCT-1."
"ST_3693","RECEPTOR LIKE KINASE","5W21","Homo sapiens","Crystal Structure of a 1:1:1 FGF23-FGFR1c-aKlotho Ternary Complex"
"ST_3694","RECEPTOR LIKE KINASE","5W59","Homo sapiens","Crystal structure of a monomeric human FGF9 in complex with the ectodomain of human FGFR1c"
"ST_3695","RECEPTOR LIKE KINASE","5W5J","Homo sapiens","Identification of potent and selective RIPK2 inhibitors for the treatment of inflammatory diseases"
"ST_3696","RECEPTOR LIKE KINASE","5W5O","Homo sapiens","Identification of potent and selective RIPK2 inhibitors for the treatment of inflammatory diseases."
"ST_3697","RECEPTOR LIKE KINASE","5WLS","Arabidopsis thaliana","Crystal Structure of a Pollen Receptor Kinase 3"
"ST_3698","RECEPTOR LIKE KINASE","5X02","Homo sapiens","Crystal structure of the FLT3 kinase domain bound to the inhibitor FF-10101"
"ST_3699","RECEPTOR LIKE KINASE","5XD6","Arabidopsis thaliana","CARK1 phosphorylates ABA receptors"
"ST_3700","RECEPTOR LIKE KINASE","5Y92","Arabidopsis thaliana","Crystal structure of ANXUR2 extracellular domain from Arabidopsis thaliana"
"ST_3701","RECEPTOR LIKE KINASE","5Y96","Arabidopsis thaliana","Crystal structure of ANXUR1 extracellular domain from Arabidopsis thaliana"
"ST_3702","RECEPTOR LIKE KINASE","5Y9W","Arabidopsis thaliana","Crystal 1 for AtLURE1.2-AtPRK6LRR"
"ST_3703","RECEPTOR LIKE KINASE","5YAH","Arabidopsis thaliana","Crystal 2 for AtLURE1.2-AtPRK6LRR"
"ST_3704","RECEPTOR LIKE KINASE","5Z55","Homo sapiens","NMR Solution Structure of the Kringle domain of human receptor tyrosine kinase-like orphan receptor 1 (ROR1)"
"ST_3705","RECEPTOR LIKE KINASE","5ZRX","Mus musculus","Crystal Structure of EphA2/SHIP2 Complex"
"ST_3706","RECEPTOR LIKE KINASE","5ZV2","Homo sapiens","FGFR-1 in complex with ligand lenvatinib"
"ST_3707","RECEPTOR LIKE KINASE","6B8Y","Homo sapiens","TGF-BETA RECEPTOR TYPE 1 KINASE DOMAIN (T204D) IN COMPLEX WITH N-(3-fluoropyridin-4-yl)-2-[6-(trifluoromethyl)pyridin-2-yl]-7H-pyrrolo[2,3-d]pyrimidin"
"ST_3708","RECEPTOR LIKE KINASE","6BA5","Homo sapiens","Potent and Selective Antitumor Activity of a T-Cell Engaging Bispecific Antibody Targeting a Membrane-Proximal Epitope of ROR1"
"ST_3709","RECEPTOR LIKE KINASE","6BAN","Homo sapiens","Potent and Selective Antitumor Activity of a T-Cell Engaging Bispecific Antibody Targeting a Membrane-Proximal Epitope of ROR1"
"ST_3710","RECEPTOR LIKE KINASE","6CPY","Zea mays","Structure of apo GRMZM2G135359 pseudokinase"
"ST_3711","RECEPTOR LIKE KINASE","6EIX","Homo sapiens","Crystal structure of the kinase domain of the Q207E mutant of ACVR1 (ALK2) in complex with a 2-aminopyridine inhibitor K02288"
"ST_3712","RECEPTOR LIKE KINASE","6EK0","Homo sapiens","High-resolution cryo-EM structure of the human 80S ribosome"
"ST_3713","RECEPTOR LIKE KINASE","6ES0","Homo sapiens","Crystal structure of the kinase domain of human RIPK2 in complex with the activation loop targeting inhibitor CS-R35"
"ST_3714","RECEPTOR LIKE KINASE","6FAI","Saccharomyces cerevisiae (strain ATCC 204508 / S288c)","Structure of a eukaryotic cytoplasmic pre-40S ribosomal subunit"
"ST_3715","RECEPTOR LIKE KINASE","6FEC","Homo sapiens","Human cap-dependent 48S pre-initiation complex"
"ST_3716","RECEPTOR LIKE KINASE","6FG7","Arabidopsis thaliana","Crystal structure of the BIR2 ectodomain from Arabidopsis thaliana."
"ST_3717","RECEPTOR LIKE KINASE","6FG8","Arabidopsis thaliana","Crystal structure of the BIR3 - SERK1 complex from Arabidopsis thaliana."
"ST_3718","RECEPTOR LIKE KINASE","6FIF","Arabidopsis thaliana","Crystal structure of the BRI1 Gly644-Asp (bri1-6) mutant from Arabidopsis thaliana."
"ST_3719","RECEPTOR LIKE KINASE","6FIG","Arabidopsis thaliana","Crystal structure of the ANX1 ectodomain from Arabidopsis thaliana"
"ST_3720","RECEPTOR LIKE KINASE","6FIH","Arabidopsis thaliana","Crystal structure of the ANX2 ectodomain from Arabidopsis thaliana"
"ST_3721","RECEPTOR LIKE KINASE","6FU5","Homo sapiens","Structure of the kinase domain of human RIPK2 in complex with the inhibitor CSLP18"
"ST_3722","RECEPTOR LIKE KINASE","6G18","Homo sapiens","Cryo-EM structure of a late human pre-40S ribosomal subunit - State C"
"ST_3723","RECEPTOR LIKE KINASE","6G3W","Arabidopsis thaliana","Crystal structure of the BIR3 - SERK2 complex from Arabidopsis thaliana."
"ST_3724","RECEPTOR LIKE KINASE","6G51","Homo sapiens","Cryo-EM structure of a late human pre-40S ribosomal subunit - State D"
"ST_3725","RECEPTOR LIKE KINASE","6G53","Homo sapiens","Cryo-EM structure of a late human pre-40S ribosomal subunit - State E"
"ST_3726","RECEPTOR LIKE KINASE","6G5H","Homo sapiens","Cryo-EM structure of a late human pre-40S ribosomal subunit - Mature"
"ST_3727","RECEPTOR LIKE KINASE","6G5I","Homo sapiens","Cryo-EM structure of a late human pre-40S ribosomal subunit - State R"
"ST_3728","RECEPTOR LIKE KINASE","6GI6","Homo sapiens","Crystal structure of the ACVR1 (ALK2) kinase in complex with a Quinazolinone based ALK2 inhibitor with a 5-methyl core."
"ST_3729","RECEPTOR LIKE KINASE","6GIN","Homo sapiens","Crystal structure of the ACVR1 (ALK2) kinase in complex with an Quinazolinone based ALK2 inhibitor with a 4-morpholinophenyl solvent accessible group."
"ST_3730","RECEPTOR LIKE KINASE","6GIP","NA","Crystal structure of the ACVR1 (ALK2) kinase in complex with a Quinazolinone based ALK2 inhibitor with a 2, 5-dimethyl core,5S)-3, a Rhenium modified "
"ST_3731","RECEPTOR LIKE KINASE","6GQ1","Saccharomyces cerevisiae (strain ATCC 204508 / S288c)","Cryo-EM reconstruction of yeast 80S ribosome in complex with mRNA, tRNA and eEF2 (GMPPCP/sordarin)"
"ST_3732","RECEPTOR LIKE KINASE","6GQB","Saccharomyces cerevisiae (strain ATCC 204508 / S288c)","Cryo-EM reconstruction of yeast 80S ribosome in complex with mRNA, tRNA and eEF2 (GMPPCP/sordarin)"
"ST_3733","RECEPTOR LIKE KINASE","6GQV","Saccharomyces cerevisiae (strain ATCC 204508 / S288c)","Cryo-EM recosntruction of yeast 80S ribosome in complex with mRNA, tRNA and eEF2 (GMPPCP)"
"ST_3734","SOCS-3","1AJG","Physeter catodon","CARBONMONOXY MYOGLOBIN AT 40 K"
"ST_3735","SOCS-3","1AJH","Physeter catodon","PHOTOPRODUCT OF CARBONMONOXY MYOGLOBIN AT 40 K"
"ST_3736","SOCS-3","1BTL","Escherichia coli","CRYSTAL STRUCTURE OF ESCHERICHIA COLI TEM1 BETA-LACTAMASE AT 1.8 ANGSTROMS RESOLUTION"
"ST_3737","SOCS-3","1D0T","NA","SOLUTION STRUCTURE OF A PHOSPHOROTHIOATE MODIFIED RNA BINDING SITE FOR PHAGE MS2 COAT PROTEIN"
"ST_3738","SOCS-3","1EW9","Escherichia coli (strain K12)","ALKALINE PHOSPHATASE (E.C. 3.1.3.1) COMPLEX WITH MERCAPTOMETHYL PHOSPHONATE"
"ST_3739","SOCS-3","1GGR","Escherichia coli (strain K12)","COMPLEX OF ENZYME IIAGLC AND THE HISTIDINE-CONTAINING PHOSPHOCARRIER PROTEIN HPR FROM ESCHERICHIA COLI NMR, RESTRAINED REGULARIZED MEAN STRUCTURE"
"ST_3740","SOCS-3","1GJJ","Homo sapiens","N-TERMINAL CONSTANT REGION OF THE NUCLEAR ENVELOPE PROTEIN LAP2"
"ST_3741","SOCS-3","1J46","Homo sapiens","3D Solution NMR Structure of the Wild Type HMG-BOX Domain of the Human Male Sex Determining Factor Sry Complexed to DNA"
"ST_3742","SOCS-3","1J47","Homo sapiens","3D Solution NMR Structure of the M9I Mutant of the HMG-Box Domain of the Human Male Sex Determining Factor SRY Complexed to DNA"
"ST_3743","SOCS-3","1J4W","Homo sapiens","COMPLEX OF THE KH3 and KH4 DOMAINS OF FBP WITH A SINGLE_STRANDED 29mer DNA OLIGONUCLEOTIDE FROM THE FUSE ELEMENT OF THE C-MYC ONCOGENE"
"ST_3744","SOCS-3","1J5K","Homo sapiens","COMPLEX OF THE KH3 DOMAIN OF HNRNP K WITH A SINGLE_STRANDED 10MER DNA OLIGONUCLEOTIDE"
"ST_3745","SOCS-3","1J6T","Escherichia coli (strain K12)","COMPLEX OF ENZYME IIAMTL AND THE HISTIDINE-CONTAINING PHOSPHOCARRIER PROTEIN HPR FROM ESCHERICHIA COLI NMR, RESTRAINED REGULARIZED MEAN STRUCTURE"
"ST_3746","SOCS-3","1MPV","Ginkgo biloba","Structure of bhpBR3, the BAFF-binding loop of BR3 embedded in a beta-hairpin peptide"
"ST_3747","SOCS-3","1OO9","Homo sapiens","Orientation in Solution of MMP-3 Catalytic Domain and N-TIMP-1 from Residual Dipolar Couplings"
"ST_3748","SOCS-3","1QCE","NA","SOLUTION NMR STRUCTURE OF ECTODOMAIN OF SIV GP41, RESTRAINED REGULARIZED MEAN STRUCTURE PLUS 29 SIMULATED ANNEALING STRUCTURES"
"ST_3749","SOCS-3","1S2F","NA","Average solution structure of a pseudo-5'-splice site from the negative regulator of splicing of Rous Sarcoma virus"
"ST_3750","SOCS-3","1S34","NA","Solution structure of residues 907-929 from Rous Sarcoma Virus"
"ST_3751","SOCS-3","1S9N","NA","Solution structure of the nitrous acid (G)-(G) cross-linked DNA dodecamer duplex GCATCC(G)GATGC"
"ST_3752","SOCS-3","1S9O","NA","Solution structure of the nitrous acid induced DNA interstrand cross-linked dodecamer duplex CGCTAC(G)TAGCG with the cross-linked guanines denoted (G)"
"ST_3753","SOCS-3","1VRC","Escherichia coli (strain K12)","Complex of enzyme IIAmannose and the histidine-containing phosphocarrier protein HPr from escherichia coli nmr, restrained regularized mean structure"
"ST_3754","SOCS-3","2AFJ","Mus musculus","SPRY domain-containing SOCS box protein 2 (SSB-2)"
"ST_3755","SOCS-3","2BBU","Mus musculus","solution structure of mouse socs3 in complex with a phosphopeptide from the gp130 receptor"
"ST_3756","SOCS-3","2C9W","Homo sapiens","CRYSTAL STRUCTURE OF SOCS-2 IN COMPLEX WITH ELONGIN-B AND ELONGIN-C AT 1.9A RESOLUTION"
"ST_3757","SOCS-3","2F3J","Mus musculus","The solution structure of the REF2-I mRNA export factor (residues 1-155)."
"ST_3758","SOCS-3","2HKC","NA","NMR Structure of the IQ-modified Dodecamer CTCGGC[IQ]GCCATC"
"ST_3759","SOCS-3","2HMH","Mus musculus","Crystal structure of SOCS3 in complex with gp130(pTyr757) phosphopeptide."
"ST_3760","SOCS-3","2IZV","Homo sapiens","CRYSTAL STRUCTURE OF SOCS-4 IN COMPLEX WITH ELONGIN-B AND ELONGIN-C AT 2.55A RESOLUTION"
"ST_3761","SOCS-3","2JK9","Homo sapiens","The structure of splA-ryanodine receptor domain and SOCS box containing 1 in complex with a PAR-4 peptide"
"ST_3762","SOCS-3","2JZ3","Homo sapiens","SOCS box elonginBC ternary complex"
"ST_3763","SOCS-3","2KUG","Homo sapiens","Halothane binds to druggable sites in calcium-calmodulin: Solution Structure of halothane-CaM N-terminal domain"
"ST_3764","SOCS-3","2KUH","Homo sapiens","Halothane binds to druggable sites in calcium-calmodulin: Solution structure of halothane-CaM C-terminal domain"
"ST_3765","SOCS-3","2MA9","Homo sapiens, Human immunodeficiency virus type 1 group M subtype B","HIV-1 Vif SOCS-box and Elongin BC solution structure"
"ST_3766","SOCS-3","2N34","Mus musculus","NMR assignments and solution structure of the JAK interaction region of SOCS5"
"ST_3767","SOCS-3","2ODC","Homo sapiens","LEM-domain of the nuclear envelope protein emerin"
"ST_3768","SOCS-3","2ODG","Homo sapiens","Complex of barrier-to-autointegration factor and LEM-domain of emerin"
"ST_3769","SOCS-3","2PIA","Burkholderia cepacia","PHTHALATE DIOXYGENASE REDUCTASE: A MODULAR STRUCTURE FOR ELECTRON TRANSFER FROM PYRIDINE NUCLEOTIDES TO [2FE-2S]"
"ST_3770","SOCS-3","2V24","Homo sapiens","Structure of the human SPRY domain-containing SOCS box protein SSB-4"
"ST_3771","SOCS-3","2V7T","Streptomyces cattleya","X-ray crystal structure of 5'-fluorodeoxyadenosine synthase s158g mutant complexed with s-adenosyl-l-homocysteine and chloride ion"
"ST_3772","SOCS-3","2V7U","Streptomyces cattleya","X-ray crystal structure of 5'-fluorodeoxyadenosine synthase s158g mutant complexed with s-adenosylmethionine and chloride ion"
"ST_3773","SOCS-3","2V7V","Streptomyces cattleya","X-ray crystal structure of 5'-fluorodeoxyadenosine synthase from streptomyces cattleya complexed with 5'-fluorodeoxyadenosine"
"ST_3774","SOCS-3","2V7W","Streptomyces cattleya","X-ray crystal structure of 5'-fluorodeoxyadenosine synthase s158g mutant complexed with 5'-fluorodeoxyadenosin"
"ST_3775","SOCS-3","2V7X","Streptomyces cattleya","X-RAY CRYSTAL STRUCTURE OF 5'-FLUORODEOXYADENOSINE SYNTHASE S158A mutant FROM STREPTOMYCES CATTLEYA COMPLEXED WITH the PRODUCTS, FDA and Met"
"ST_3776","SOCS-3","2VAQ","Rauvolfia serpentina","STRUCTURE OF STRICTOSIDINE SYNTHASE IN COMPLEX WITH INHIBITOR"
"ST_3777","SOCS-3","2VIF","Homo sapiens","Crystal structure of SOCS6 SH2 domain in complex with a c-KIT phosphopeptide"
"ST_3778","SOCS-3","2WZK","Mus musculus","Structure of the Cul5 N-terminal domain at 2.05A resolution."
"ST_3779","SOCS-3","2Z2G","NA","NMR Structure of the IQ-modified Dodecamer CTC[IQ]GGCGCCATC"
"ST_3780","SOCS-3","3D9H","Homo sapiens","Crystal Structure of the Splice Variant of Human ASB9 (hASB9-2), an Ankyrin Repeat Protein"
"ST_3781","SOCS-3","3DCG","Homo sapiens, Human immunodeficiency virus type 1 group M subtype B","Crystal Structure of the HIV Vif BC-box in Complex with Human ElonginB and ElonginC"
"ST_3782","SOCS-3","3EK9","Mus musculus","SPRY Domain-containing SOCS Box Protein 2: Crystal Structure and Residues Critical for Protein Binding"
"ST_3783","SOCS-3","3EMW","Drosophila melanogaster, Homo sapiens","Crystal Structure of human splA/ryanodine receptor domain and SOCS box containing 2 (SPSB2) in complex with a 20-residue VASA peptide"
"ST_3784","SOCS-3","3F2O","Homo sapiens, Drosophila melanogaster","Crystal Structure of human splA/ryanodine receptor domain and SOCS box containing 1 (SPSB1) in complex with a 20-residue VASA peptide"
"ST_3785","SOCS-3","3IG9","Enterobacteria phage RB69","Small outer capsid protein (SOC) of bacteriophage RB69"
"ST_3786","SOCS-3","3IGE","Enterobacteria phage RB69","Small outer capsid protein (Soc) from bacteriophage RB69"
"ST_3787","SOCS-3","3SAK","Homo sapiens","HIGH RESOLUTION SOLUTION NMR STRUCTURE OF THE OLIGOMERIZATION DOMAIN OF P53 BY MULTI-DIMENSIONAL NMR (SAC STRUCTURES)"
"ST_3788","SOCS-3","3ZKJ","Homo sapiens","Crystal Structure of Ankyrin Repeat and Socs Box-Containing Protein 9 (Asb9) in Complex with Elonginb and Elonginc"
"ST_3789","SOCS-3","3ZNG","Homo sapiens","Ankyrin repeat and SOCS-box protein 9 (ASB9) in complex with ElonginB and ElonginC"
"ST_3790","SOCS-3","3ZPM","Equus caballus","Solution structure of latherin"
"ST_3791","SOCS-3","4BQS","Mycobacterium tuberculosis (strain CDC 1551 / Oshkosh)","Crystal structure of Mycobacterium tuberculosis shikimate kinase in complex with ADP and a shikimic acid derivative."
"ST_3792","SOCS-3","4GL9","Mus musculus","Crystal structure of inhibitory protein SOCS3 in complex with JAK2 kinase domain and fragment of GP130 intracellular domain"
"ST_3793","SOCS-3","4JGH","Homo sapiens","Structure of the SOCS2-Elongin BC complex bound to an N-terminal fragment of Cullin5"
"ST_3794","SOCS-3","4K9J","Pseudomonas aeruginosa (strain ATCC 15692 / DSM 22644 / CIP 104116 / JCM 14847 / LMG 12228 / 1C / PR","Structure of Re(CO)3(4,7-dimethyl-phen)(Thr126His)(Lys122Trp)(His83Glu)(Trp48Phe)(Tyr72Phe)(Tyr108Phe)AzCu(II)"
"ST_3795","SOCS-3","4KRZ","Trypanosoma cruzi (strain CL Brener)","Apo crystal structure of pyruvate kinase (PYK) from Trypanosoma cruzi"
"ST_3796","SOCS-3","4KS0","Trypanosoma cruzi (strain CL Brener)","Pyruvate kinase (PYK) from Trypanosoma cruzi in the presence of Magnesium, oxalate and F26BP"
"ST_3797","SOCS-3","4QCD","Synechocystis sp. (strain PCC 6803 / Kazusa)","Neutron crystal structure of phycocyanobilin:ferredoxin oxidoreductase in complex with biliverdin IXalpha at room temperature."
"ST_3798","SOCS-3","4TYP","Bacillus subtilis (strain 168)","Crystal structure of an adenylate kinase mutant--AKm1"
"ST_3799","SOCS-3","4TYQ","Bacillus subtilis (strain 168)","Crystal structure of an adenylate kinase mutant--AKm2"
"ST_3800","SOCS-3","4UUC","Homo sapiens","Crystal structure of human ASB11 ankyrin repeat domain"
"ST_3801","SOCS-3","4XNO","synthetic construct","Crystal structure of 5'-CTTATPPPZZZATAAG"
"ST_3802","SOCS-3","4XO0","synthetic construct, Moloney murine leukemia virus","Crystal structure of 5'-CTTATPPTAZZATAAG in a host-guest complex"
"ST_3803","SOCS-3","4XPC","synthetic construct, Moloney murine leukemia virus","Crystal structure of 5'- CTTATAAATTTATAAG in a host-guest complex"
"ST_3804","SOCS-3","4XPE","synthetic construct, Moloney murine leukemia virus","Crystal structure of 5'-CTTATGGGCCCATAAG in a host-guest complex"
"ST_3805","SOCS-3","4Y0D","Sus scrofa","Gamma-aminobutyric acid aminotransferase inactivated by (1S,3S)-3-amino-4-difluoromethylenyl-1-cyclopentanoic acid (CPP-115)"
"ST_3806","SOCS-3","4Y0H","Sus scrofa","Gamma-aminobutyric acid aminotransferase inactivated by (1S,3S)-3-amino-4-difluoromethylenyl-1-cyclopentanoic acid (CPP-115)"
"ST_3807","SOCS-3","5B5E","Thermosynechococcus vulcanus","Crystal structure analysis of Photosystem II complex"
"ST_3808","SOCS-3","5B66","Thermosynechococcus vulcanus","Crystal structure analysis of Photosystem II complex"
"ST_3809","SOCS-3","5BO4","Homo sapiens","Structure of SOCS2:Elongin C:Elongin B from DMSO-treated crystals"
"ST_3810","SOCS-3","5C91","Homo sapiens","NEDD4 HECT with covalently bound indole-based inhibitor"
"ST_3811","SOCS-3","5ECT","Mycobacterium tuberculosis (strain ATCC 25618 / H37Rv)","Mycobacterium tuberculosis dUTPase G143STOP mutant"
"ST_3812","SOCS-3","5EDD","Mycobacterium tuberculosis (strain ATCC 25618 / H37Rv)","Crystal structure of Mycobacterium tuberculosis dUTPase R140K, H145W mutant"
"ST_3813","SOCS-3","5G1M","Pseudomonas aeruginosa (strain ATCC 15692 / DSM 22644 / CIP 104116 / JCM 14847 / LMG 12228 / 1C / PR","Crystal structure of NagZ from Pseudomonas aeruginosa"
"ST_3814","SOCS-3","5G2M","Pseudomonas aeruginosa (strain ATCC 15692 / DSM 22644 / CIP 104116 / JCM 14847 / LMG 12228 / 1C / PR","Crystal structure of NagZ from Pseudomonas aeruginosa in complex with N-acetylglucosamine"
"ST_3815","SOCS-3","5G3R","Pseudomonas aeruginosa (strain ATCC 15692 / DSM 22644 / CIP 104116 / JCM 14847 / LMG 12228 / 1C / PR","Crystal structure of NagZ from Pseudomonas aeruginosa in complex with N-acetylglucosamine and L-Ala-1,6-anhydroMurNAc"
"ST_3816","SOCS-3","5G4C","Homo sapiens","Human SIRT2 catalyse short chain fatty acyl lysine"
"ST_3817","SOCS-3","5G5K","Pseudomonas aeruginosa (strain ATCC 15692 / DSM 22644 / CIP 104116 / JCM 14847 / LMG 12228 / 1C / PR","Crystal structure of NagZ from Pseudomonas aeruginosa in complex with the inhibitor 2-acetamido-1,2-dideoxynojirimycin"
"ST_3818","SOCS-3","5G5U","Pseudomonas aeruginosa (strain ATCC 15692 / DSM 22644 / CIP 104116 / JCM 14847 / LMG 12228 / 1C / PR","Crystal structure of NagZ H174A mutant from Pseudomonas aeruginosa"
"ST_3819","SOCS-3","5G6T","Pseudomonas aeruginosa (strain ATCC 15692 / DSM 22644 / CIP 104116 / JCM 14847 / LMG 12228 / 1C / PR","Crystal structure of Zn-containing NagZ H174A mutant from Pseudomonas aeruginosa"
"ST_3820","SOCS-3","5GTC","Homo sapiens, Human herpesvirus 8 type P (isolate GK18)","Crystal structure of complex between DMAP-SH conjugated with a Kaposi's sarcoma herpesvirus LANA peptide (5-15) and nucleosome core particle"
"ST_3821","SOCS-3","5GWF","Actinia fragacea","FraC with GlcNAc(6S) bound"
"ST_3822","SOCS-3","5H0I","Oldenlandia affinis","Name to be released when published"
"ST_3823","SOCS-3","5HLG","synthetic construct, Staphylococcus epidermidis (strain ATCC 35984 / RP62A)","Structure of reduced AbfR bound to DNA"
"ST_3824","SOCS-3","5HLH","synthetic construct, Staphylococcus epidermidis (strain ATCC 35984 / RP62A)","Crystal structure of the overoxidized AbfR bound to DNA"
"ST_3825","SOCS-3","5HLI","Staphylococcus epidermidis (strain ATCC 35984 / RP62A)","Structure of Disulfide formed AbfR"
"ST_3826","SOCS-3","5HPR","Homo sapiens","Insulin with proline analog HyP at position B28 in the T2 state"
"ST_3827","SOCS-3","5HPU","Homo sapiens","Insulin with proline analog HyP at position B28 in the R6 state"
"ST_3828","SOCS-3","5HQI","Homo sapiens","Insulin with proline analog HzP at position B28 in the T2 state"
"ST_3829","SOCS-3","5HRQ","Homo sapiens","Insulin with proline analog HzP at position B28 in the R6 state"
"ST_3830","SOCS-3","5J07","Homo sapiens","Monomeric Human Cu, Zn Superoxide dismutase, loops IV and VII deleted, apo form, circular permutant P1/2"
"ST_3831","SOCS-3","5J0C","Homo sapiens","Monomeric Human Cu, Zn Superoxide dismutase, loops IV and VII deleted, apo form, circular permutant P1/2"
"ST_3832","SOCS-3","5J0F","Homo sapiens","Monomeric Human Cu, Zn Superoxide dismutase, loops IV and VII deleted, apo form, circular permutant P1/2"
"ST_3833","SOCS-3","5J0G","Homo sapiens","Monomeric Human Cu, Zn Superoxide dismutase, loops IV and VII deleted, apo form, circular permutant P1/2"
"ST_3834","SOCS-3","5J5F","Lymnaea stagnalis","X-Ray Crystal Structure of Acetylcholine Binding Protein (AChBP) in Complex with N4,N4-bis[(pyridin-2-yl)methyl]-6-(thiophen-3-yl)pyrimidine-2,4-diami"
"ST_3835","SOCS-3","5J5G","Lymnaea stagnalis","X-Ray Crystal Structure of Acetylcholine Binding Protein (AChBP) in Complex with 6-(4-methoxyphenyl)-N4,N4-bis[(pyridin-2-yl)methyl]pyrimidine-2"
"ST_3836","SOCS-3","5J5H","Streptomyces vinaceus","X-RAY STRUCTURE OF ACETYLCHOLINE BINDING PROTEIN (ACHBP) IN COMPLEX WITH 6-(2-methoxyphenyl)-N4,N4-bis[(pyridin-2-yl)methyl]pyrimidine-2"
"ST_3837","SOCS-3","5J5I","Lymnaea stagnalis","X-Ray Crystal Structure of Acetylcholine Binding Protein (AChBP) in Complex with 4-(2-amino-6-{bis[(pyridin-2-yl)methyl]amino}pyrimidin-4-yl)phenol"
"ST_3838","SOCS-3","5JPV","Homo sapiens","Efficient targeting of the asialoglycoprotein receptor by polyvalent display of a compact galactoseamine mimic"
"ST_3839","SOCS-3","5JQ1","Homo sapiens","Efficient targeting of the asialoglycoprotein receptor by polyvalent display of a compact galactosamine mimic"
"ST_3840","SOCS-3","5K86","NA","Aza-glycine containing collagen peptide"
"ST_3841","SOCS-3","5K9I","Gallus gallus","Crystal structure of c-SRC in complex with a covalent lysine probe"
"ST_3842","SOCS-3","5KKE","Saccharomyces cerevisiae (strain ATCC 204508 / S288c)","Crystal Structure of a Domain-swapped Dimer of Yeast Iso-1-cytochrome c with CYMAL5"
"ST_3843","SOCS-3","5KLU","Saccharomyces cerevisiae (strain ATCC 204508 / S288c)","Crystal Structure of a Domain-swapped Dimer of Yeast Iso-1-cytochrome c with omega-undecylenyl-beta-D-maltopyranoside"
"ST_3844","SOCS-3","5KOG","Drosophila melanogaster","Chromodomain HP1 with Y24F mutation bound to histone H3 peptide containing trimethyl lysine"
"ST_3845","SOCS-3","5L3O","Homo sapiens","CRYSTAL STRUCTURE OF HUMAN CARBONIC ANHYDRASE II IN COMPLEX WITH A QUINOLINE OLIGOAMIDE FOLDAMER"
"ST_3846","SOCS-3","5L6K","Homo sapiens","CRYSTAL STRUCTURE OF HUMAN CARBONIC ANHYDRASE II IN COMPLEX WITH A QUINOLINE OLIGOAMIDE FOLDAMER"
"ST_3847","SOCS-3","5L86","Glycine max","engineered ascorbate peroxidise"
"ST_3848","SOCS-3","5LUE","Naja oxiana","Minor form of the recombinant cytotoxin-1 from N. oxiana"
"ST_3849","SOCS-3","5LV3","Mus musculus","Crystal structure of mouse CARM1 in complex with ligand LH1561Br"
"ST_3850","SOCS-3","5LV4","Mus musculus","Crystal structure of mouse PRMT6 in complex with inhibitor LH1236"
"ST_3851","SOCS-3","5LV5","Mus musculus","Crystal structure of mouse PRMT6 in complex with inhibitor LH1458"
"ST_3852","SOCS-3","5LVD","Bacillus thermoproteolyticus","Thermolysin in complex with inhibitor (JC67)"
"ST_3853","SOCS-3","5LVS","Homo sapiens","Self-assembled protein-aromatic foldamer complexes with 2:3 and 2:2:1 stoichiometries"
"ST_3854","SOCS-3","5LVX","Homo sapiens","Crystal structure of glucocerebrosidase with an inhibitory quinazoline modulator"
"ST_3855","SOCS-3","5LY7","Pseudomonas aeruginosa (strain ATCC 15692 / DSM 22644 / CIP 104116 / JCM 14847 / LMG 12228 / 1C / PR","Crystal structure of NagZ H174A mutant from Pseudomonas aeruginosa in complex with the inhibitor 2-acetamido-1"
"ST_3856","SOCS-3","5LYR","Bacteroides xylanisolvens XB1A","Structure of the GH99 endo-alpha-mannanase from Bacteroides xylanisolvens in complex with mannose-alpha-1,3-noeuromycin"
"ST_3857","SOCS-3","5M03","Bacteroides xylanisolvens XB1A","Structure of the GH99 endo-alpha-mannanase from Bacteroides xylanisolvens in complex with mannose-alpha-1 3-noeuromycin and 1 2-alpha-mannobiose"
"ST_3858","SOCS-3","5M17","Bacteroides xylanisolvens XB1A","Structure of the GH99 endo-alpha-mannanase from Bacteroides xylanisolvens in complex with mannose-alpha-1 2-dideoxymannose"
"ST_3859","SOCS-3","5M18","Staphylococcus aureus","Crystal structure of PBP2a from MRSA in the presence of Cefepime ligand"
"ST_3860","SOCS-3","5M19","Staphylococcus aureus","Crystal structure of PBP2a from MRSA in the presence of Oxacillin ligand"
"ST_3861","SOCS-3","5M1A","Staphylococcus aureus","Crystal structure of PBP2a from MRSA in the presence of Ceftazidime ligand"
"ST_3862","SOCS-3","5M1W","Saccharomyces cerevisiae","Structure of a stable G-hairpin"
"ST_3863","SOCS-3","5M35","Homo sapiens","The molecular tweezer CLR01 stabilizes a disordered protein-protein interface"
"ST_3864","SOCS-3","5M36","Homo sapiens","The molecular tweezer CLR01 stabilizes a disordered protein-protein interface"
"ST_3865","SOCS-3","5M37","Homo sapiens","The molecular tweezer CLR01 stabilizes a disordered protein-protein interface"
"ST_3866","SOCS-3","5M3W","Bacteroides xylanisolvens XB1A","Structure of the GH99 endo-alpha-mannanase from Bacteroides xylanisolvens in complex with mannose-alpha-1 2-dideoxymannose 2-mannobiose"
"ST_3867","SOCS-3","5M5D","Bacteroides xylanisolvens XB1A","Structure of the GH99 endo-alpha-mannanase from Bacteroides xylanisolvens in complex with mannose-alpha-1,3-D-glucal"
"ST_3868","SOCS-3","5M5F","Bacillus thermoproteolyticus","Thermolysin in complex with inhibitor and krypton"
"ST_3869","SOCS-3","5M69","Bacillus thermoproteolyticus","Thermolysin in complex with inhibitor and xenon"
"ST_3870","SOCS-3","5M7I","Clostridium perfringens (strain 13 / Type A)","Crystal structure of GH125 1,6-alpha-mannosidase mutant from Clostridium perfringens in complex with 1,6-alpha-mannobiose"
"ST_3871","SOCS-3","5M7Y","Clostridium perfringens (strain 13 / Type A)","Crystal structure of GH125 1,6-alpha-mannosidase mutant from Clostridium perfringens in complex with 1,6-alpha-mannotriose"
"ST_3872","SOCS-3","5M9W","Bacillus thermoproteolyticus","Experimental MAD phased structure of thermolysin in complex with inhibitor JC65."
"ST_3873","SOCS-3","5MA7","Bacillus thermoproteolyticus","Structure of thermolysin in complex with inhibitor (JC306)."
"ST_3874","SOCS-3","05-May","Pseudomonas aeruginosa (strain UCBPP-PA14)","STRUCTURE OF THE LECB LECTIN FROM PSEUDOMONAS AERUGINOSA STRAIN PA14 IN COMPLEX WITH 2-Thiophenesulfonamide-N-(beta-L-fucopyranosyl methyl)"
"ST_3875","SOCS-3","5MB1","Pseudomonas aeruginosa (strain UCBPP-PA14)","STRUCTURE OF THE LECB LECTIN FROM PSEUDOMONAS AERUGINOSA STRAIN PA14 IN COMPLEX WITH 2 4 6-Trimethylphenylsulfonamide-N-methyl-L-fucopyranoside"
"ST_3876","SOCS-3","5MC8","NA","Structure of the GH99 endo-alpha-mannanase from Bacteroides xylanisolvens in complex with mannose-alpha-1,3-D-glucal and alpha-1,2-mannobiose"
"ST_3877","SOCS-3","5MEL","Bacteroides xylanisolvens XB1A","Structure of an E333Q variant of the GH99 endo-alpha-mannanase from Bacteroides xylanisolvens in complex with Glc-alpha-1,3-(3R,4R,5R)-5-(hydroxymethy"
"ST_3878","SOCS-3","5MJO","Thermosynechococcus elongatus (strain BP-1)","Structure of Psb29 at 1.55A"
"ST_3879","SOCS-3","5MJR","Thermosynechococcus elongatus (strain BP-1)","Structure of Psb29 at 1.55A"
"ST_3880","SOCS-3","5MJW","Thermosynechococcus elongatus (strain BP-1)","Structure of Psb29 at 1.55A"
"ST_3881","SOCS-3","5MLF","Thermosynechococcus elongatus (strain BP-1)","Structure of Psb29 at 1.55A"
"ST_3882","SOCS-3","5MMH","Pseudomonas aeruginosa (strain ATCC 15692 / DSM 22644 / CIP 104116 / JCM 14847 / LMG 12228 / 1C / PR","The X-Ray Structure of the Effector Domain of the Transcriptional Regulator AmpR of Pseudomonas aeruginosa"
"ST_3883","SOCS-3","5MPR","Homo sapiens","Single Amino Acid Variant of Human Mitochondrial Branched Chain Amino Acid Aminotransferase 2"
"ST_3884","SOCS-3","5MQ6","Myceliophthora thermophila (strain ATCC 42464 / BCRC 31852 / DSM 1799)","Polycyclic Ketone Monooxygenase from the Thermophilic Fungus Thermothelomyces thermophila"
"ST_3885","SOCS-3","5MTP","Mycobacterium tuberculosis (strain CDC 1551 / Oshkosh)","Crystal structure of M. tuberculosis InhA inhibited by PT514"
"ST_3886","SOCS-3","5MTQ","Mycobacterium tuberculosis (strain ATCC 25618 / H37Rv)","Crystal structure of M. tuberculosis InhA inhibited by PT511"
"ST_3887","SOCS-3","5MTR","Mycobacterium tuberculosis (strain ATCC 25618 / H37Rv)","Crystal structure of M. tuberculosis InhA inhibited by PT512"
"ST_3888","SOCS-3","5N6S","Thermotoga maritima (strain ATCC 43589 / MSB8 / DSM 3109 / JCM 10099)","Thermotoga maritima family 1 Glycoside hydrolase complexed with Carba-Cyclophellitol transition state mimic"
"ST_3889","SOCS-3","5N6T","Thermotoga maritima (strain ATCC 43589 / MSB8 / DSM 3109 / JCM 10099)","Thermotoga maritima family 1 glycoside hydrolase complexed with a cyclophellitol analogue transition state mimic"
"ST_3890","SOCS-3","5NCX","Thermoanaerobacterium xylanolyticum (strain ATCC 49914 / DSM 7097 / LX-11)","Crystal structure of Thermoanaerobacterium xylolyticum GH116 beta-glucosidase with an covalent inhibitor"
"ST_3891","SOCS-3","5O7E","Hathewaya histolytica","Crystal structure of the peptidase domain of collagenase H from Clostridium histolyticum in complex with N-aryl mercaptoacetamide-based inhibitor"
"ST_3892","SOCS-3","5O94","NA","X-ray structure of a zinc binding GB1 mutant"
"ST_3893","SOCS-3","5OFS","NA","X-ray structure of a zinc binding GB1 mutant"
"ST_3894","SOCS-3","5OGA","synthetic construct","Structure of minimal i-motif domain"
"ST_3895","SOCS-3","5OJ9","Physeter catodon","Structure of Mb NMH"
"ST_3896","SOCS-3","5OJA","Physeter catodon","Structure of MbQ"
"ST_3897","SOCS-3","5OJB","Physeter catodon","Structure of MbQ NMH"
"ST_3898","SOCS-3","5OJC","Physeter catodon","Structure of MbQ2.1 NMH"
"ST_3899","SOCS-3","5OMJ","Geobacillus kaustophilus (strain HTA426)","R2-like ligand-binding oxidase with aerobically reconstituted metal cofactor after photoconversion"
"ST_3900","SOCS-3","5OMK","Geobacillus kaustophilus (strain HTA426)","R2-like ligand-binding oxidase with aerobically reconstituted metal cofactor before photoconversion"
"ST_3901","SOCS-3","5ON0","Escherichia coli (strain K12)","Crystal structure of NikA in complex with Fe-L2 (N-(2-hydroxy-3methoxybenzyl)-N-N'-ethylenediaminediacetic acid)"
"ST_3902","SOCS-3","5ON1","Escherichia coli (strain K12)","Crystal structure of NikA in complex with hydroxylated Fe-L1 (N-(2-hydroxybenzyl)-N'-(2-thiomethylbenzyl)-N,N'-ethylenediamine diacetic acid)"
"ST_3903","SOCS-3","5ON4","Escherichia coli (strain K12)","Crystal structure of NikA in complex with Fe-L1 (N-(2-hydroxybenzyl)-N'-(2-thiomethylbenzyl)-N,N'-ethylenediamine diacetic acid)"
"ST_3904","SOCS-3","5ON5","Escherichia coli (strain K12)","Crystal structure of NikA in complex with Fe-L2 (Fe-L2 (N-(2-hydroxy-3-methoxybenzyl)-N'-(2-thiomethylbenzyl)- N,N'-ethylenediamine diacetic acid) aft"
"ST_3905","SOCS-3","5ON8","Escherichia coli (strain K12)","Crystal structure of NikA in complex with reduced Fe-L2 (N-(2-hydroxy-3-methoxybenzyl)-N'-(2-thiomethylbenzyl)- N,N'-ethylenediamine diacetic acid)"
"ST_3906","SOCS-3","5ON9","Escherichia coli (strain K12)","Crystal structure of NikA in complex with reduced Fe-L1 (N-(2-hydroxybenzyl)-N'-(2-thiomethylbenzyl)-N,N'-ethylenediamine diacetic acid)"
"ST_3907","SOCS-3","5OSS","Thermotoga maritima (strain ATCC 43589 / MSB8 / DSM 3109 / JCM 10099)","Beta-glucosidase from Thermotoga maritima in complex with Gluco-1H-imidazole"
"ST_3908","SOCS-3","5OST","Thermoanaerobacterium xylanolyticum (strain ATCC 49914 / DSM 7097 / LX-11)","Beta-glucosidase from Thermoanaerobacterium xylolyticum GH116 in complex with Gluco-1H-imidazole"
"ST_3909","SOCS-3","5OSX","Mus musculus","Translation initiation factor 4E in complex with m7G(5'S)ppp(5'S)G mRNA 5' cap analog"
"ST_3910","SOCS-3","5OSY","Homo sapiens","Human Decapping Scavenger enzyme (hDcpS) in complex with m7G(5'S)ppSp(5'S)G mRNA 5' cap analog"
"ST_3911","SOCS-3","5OWP","NA","Crystal structure of glycopeptide "GVTSAfPDT*RPAP" in complex with scFv-SM3"
"ST_3912","SOCS-3","5SYH","Burkholderia pseudomallei (strain 1710b)","Structure of D141A variant of B. pseudomallei KatG"
"ST_3913","SOCS-3","5SYK","Burkholderia pseudomallei (strain 1710b)","Crystal structure of B. pseudomallei KatG treated with hydrogen peroxide"
"ST_3914","SOCS-3","5T2K","Geobacillus stearothermophilus 10","Geobacillus stearothermophilus HemQ with Manganese-Coproporphyrin III"
"ST_3915","SOCS-3","5T56","Escherichia coli","[3]catenane from MccJ25 G12R/I13C/G21C lasso peptide"
"ST_3916","SOCS-3","5T7H","Saccharomyces cerevisiae (strain ATCC 204508 / S288c)","Crystal structure of dimeric yeast iso-1-cytochrome C with CYMAL6"
"ST_3917","SOCS-3","5T8A","Naja oxiana","Recombinant cytotoxin-I from the venom of cobra N. oxiana"
"ST_3918","SOCS-3","5TB8","Homo sapiens, synthetic construct","Precatalytic ternary complex of Human DNA Polymerase Beta in closed conformation With Gapped DNA substrate incoming (-)3TC-TP and Mn2+."
"ST_3919","SOCS-3","5TB9","synthetic construct, Homo sapiens","Precatalytic ternary complex of Human DNA Polymerase Beta in closed conformation With Gapped DNA substrate incoming (-)FTC-TP and Mn2+."
"ST_3920","SOCS-3","5TBA","Homo sapiens","Postcatalytic ternary complex of Human DNA Polymerase Beta with Gapped DNA substrate, incorporated (-)3TC and PPi."
"ST_3921","SOCS-3","5TBB","Â synthetic construct","Postcatalytic ternary complex of Human DNA Polymerase Beta with Gapped DNA substrate, incorporated (-)FTC and PPi."
"ST_3922","SOCS-3","5TBC","Â synthetic construct","PRECATALYTIC TERNARY COMPLEX OF HUMAN DNA POLYMERASE BETA WITH GAPPED DNA SUBSTRATE, INCORPORATED (-)3TC-MP AND AN ANOTHER INCOMING (-)3TC-TP NUCLEOTI"
"ST_3923","SOCS-3","5TE2","Mycobacterium bovis (strain ATCC BAA-935 / AF2122/97)","Crystal structure of 7,v,8-diaminopelargonic acid synthase (BioA) from Mycobacterium tuberculosis"
"ST_3924","SOCS-3","5TGS","Bacillus subtilis (strain 168)","Crystal Structure of QueE from Bacillus subtilis with methionine bound"
"ST_3925","SOCS-3","5TH5","Bacillus subtilis (strain 168)","Crystal Structure of QueE from Bacillus subtilis with 6-carboxypterin-5'-deoxyadenosyl ester bound"
"ST_3926","SOCS-3","5TJ1","Asticcacaulis benevestitus DSM 16100 = ATCC BAA-896","Benenodin-1-dC5, state 1"
"ST_3927","SOCS-3","5TPB","Clostridium botulinum (strain Hall / ATCC 3502 / NCTC 13319 / Type A)","Binding domain of BoNT/A complexed with ganglioside variant"
"ST_3928","SOCS-3","5TPC","Clostridium botulinum (strain Hall / ATCC 3502 / NCTC 13319 / Type A)","Binding domain of BoNT/A complexed with ganglioside"
"ST_3929","SOCS-3","5TXC","Asticcacaulis excentricus (strain ATCC 15261 / DSM 4724 / VKM B-1370 / CB 48)","AtxE2 Isopeptidase - APO"
"ST_3930","SOCS-3","5TXE","Asticcacaulis excentricus (strain ATCC 15261 / DSM 4724 / VKM B-1370 / CB 48)","AtxE2 Isopeptidase - S527A Variant with Astexin3-dC4 Bound"
"ST_3931","SOCS-3","5TZ5","Moorea producens 3L","Crystal Structure of CurK Dehydratase H996F Inactive Mutant"
"ST_3932","SOCS-3","5TZ6","Moorea producens 3L","Crystal Structure of CurJ Dehydratase H978F Inactive Mutant In Complex with Compound 21"
"ST_3933","SOCS-3","5TZ7","Moorea producens 3L","Crystal Structure of CurK Dehydratase D1169N Inactive Mutant"
"ST_3934","SOCS-3","5U59","NA","Coiled Coil Peptide Metal Coordination Framework: Dimer Fold Grown with Citrate"
"ST_3935","SOCS-3","5U5A","NA","Coiled Coil Peptide Metal Coordination Framework: Dimer Fold"
"ST_3936","SOCS-3","5U5B","NA","Coiled Coil Peptide Metal Coordination Framework: Trimer Fold"
"ST_3937","SOCS-3","5U5C","NA","Coiled Coil Peptide Metal Coordination Framework: Tetramer Fold"
"ST_3938","SOCS-3","5U79","Escherichia coli","Crystal structure of a complex formed between MerB and Dimethyltin"
"ST_3939","SOCS-3","5U7A","Escherichia coli","Crystal structure of a complex formed between MerB and Dimethyltin"
"ST_3940","SOCS-3","5U7B","Escherichia coli","Crystal structure of a the tin-bound form of MerB formed from Diethyltin."
"ST_3941","SOCS-3","5U7C","Escherichia coli","Crystal structure of the lead-bound form of MerB formed from diethyllead."
"ST_3942","SOCS-3","5U82","Escherichia coli","Crystal structure of a MerB-triethyltin complex"
"ST_3943","SOCS-3","5U83","Escherichia coli","Crystal structure of a MerB-trimethytin complex."
"ST_3944","SOCS-3","5U88","Escherichia coli","Crystal structure of a MerB-triimethyllead complex."
"ST_3945","SOCS-3","5U8L","Homo sapiens","Crystal structure of EGFR kinase domain in complex with a sulfonyl fluoride probe XO44"
"ST_3946","SOCS-3","5UEH","Homo sapiens","Structure of GSTO1 covalently conjugated to quinolinic acid fluorosulfate"
"ST_3947","SOCS-3","5UGI","Comamonas testosteroni","Crystal Structure of Ketosteroid Isomerase D38GF54A mutant from Pseudomonas Testosteroni (tKSI) bound to Equilenin"
"ST_3948","SOCS-3","5UGS","Mycobacterium tuberculosis (strain ATCC 25618 / H37Rv)","Crystal structure of M. tuberculosis InhA inhibited by PT501"
"ST_3949","SOCS-3","5UGT","Mycobacterium tuberculosis (strain ATCC 25618 / H37Rv)","Crystal structure of M. tuberculosis InhA inhibited by PT504"
"ST_3950","SOCS-3","5UGU","Mycobacterium tuberculosis (strain ATCC 25618 / H37Rv)","Crystal structure of M. tuberculosis InhA inhibited by PT506"
"ST_3951","SOCS-3","5UI4","Homo sapiens","Structure of NME1 covalently conjugated to imidazole fluorosulfate"
"ST_3952","SOCS-3","5UP7","Homo sapiens","Crystal Structure of the Ni-bound Human Heavy-Chain Ferritin 122H-delta C-star variant"
"ST_3953","SOCS-3","5UP8","Homo sapiens","Crystal Structure of the Zn-bound Human Heavy-Chain variant 122H-delta C-star with para-benzenedihydroxamate"
"ST_3954","SOCS-3","5UP9","Homo sapiens","Crystal Structure of Zn-bound Human Heavy-Chain ferritin variant 122H-delta C-star with para-xylenedihydroxamate"
"ST_3955","SOCS-3","5US3","NA","Heterogeneous-backbone Foldamer Mimic of the Sp1-3 Zinc Finger"
"ST_3956","SOCS-3","5UX3","synthetic construct","RNA hairpin structure containing 2-MeImpG monomer analogue and 2-MeImp-oligomer analogue"
"ST_3957","SOCS-3","5UZ6","synthetic construct","RNA hairpin structure containing 2-MeImp-oligo analogue"
"ST_3958","SOCS-3","5V0H","synthetic construct","RNA duplex with 2-MeImpG analogue bound-one binding site"
"ST_3959","SOCS-3","5V0J","synthetic construct","RNA duplex with 2-MeImpG analogue bound-2 binding sites"
"ST_3960","SOCS-3","5V0O","synthetic construct","RNA hairpin structure containing 2-MeImpG analogue bound"
"ST_3961","SOCS-3","5V1K","synthetic construct","Structure of R-GNA dodecamer"
"ST_3962","SOCS-3","5V1L","synthetic construct","Structure of S-GNA dodecamer"
"ST_3963","SOCS-3","5V2H","synthetic construct","RNA octamer containing glycol nucleic acid, SgnT"
"ST_3964","SOCS-3","5V2T","Pseudomonas savastanoi pv. phaseolicola","Ethylene forming enzyme in complex with manganese and tartrate"
"ST_3965","SOCS-3","5V2U","Pseudomonas savastanoi pv. phaseolicola","Ethylene forming enzyme apo form"
"ST_3966","SOCS-3","5V2V","Pseudomonas savastanoi pv. phaseolicola","Ethylene forming enzyme in complex with nickel"
"ST_3967","SOCS-3","5V2X","Pseudomonas savastanoi pv. phaseolicola","Ethylene forming enzyme in complex with manganese and 2-oxoglutarate"
"ST_3968","SOCS-3","5V2Y","Pseudomonas savastanoi pv. phaseolicola","Ethylene forming enzyme in complex with manganese,2-dideoxynojirimycin"
"ST_3969","SOCS-3","5V2Z","Pseudomonas savastanoi pv. phaseolicola","Ethylene forming enzyme in complex with manganese, 2-oxoglutarate and L-arginine"
"ST_3970","SOCS-3","5V31","Pseudomonas savastanoi pv. phaseolicola","Ethylene forming enzyme in complex with manganese and L-arginine"
"ST_3971","SOCS-3","5V32","Pseudomonas savastanoi pv. phaseolicola","Ethylene forming enzyme in complex with manganese and malic acid"
"ST_3972","SOCS-3","5V34","Pseudomonas savastanoi pv. phaseolicola","Ethylene forming enzyme in complex with manganese, leucine rich repeat and PYD containing 10)"
"ST_3973","SOCS-3","5V3I","Neurospora","Crystal structure of the VS ribozyme - wild-type C634"
"ST_3974","SOCS-3","5V5D","Human herpesvirus 8","Room temperature (280K) crystal structure of Kaposi's sarcoma-associated herpesvirus protease in complex with allosteric inhibitor (compound 250)"
"ST_3975","SOCS-3","5V5E","Human herpesvirus 8","Room temperature (280K) crystal structure of Kaposi's sarcoma-associated herpesvirus protease in complex with allosteric inhibitor (compound 733)"
"ST_3976","SOCS-3","5V7O","Streptomyces actuosus","Crystal Structure of NosK from Streptomyces actuosus"
"ST_3977","SOCS-3","5V9Z","synthetic construct","RNA hairpin structure containing 2-MeImpG analogue bound"
"ST_3978","SOCS-3","5VCF","Synthetic construct","RNA hairpin structure containing tetraloop/receptor motif, complexed with 2-MeImpG analogue"
"ST_3979","SOCS-3","5VCI","Synthetic construct","RNA hairpin structure containing tetraloop/receptor motif, complexed with 2-MeImpG analogue"
"ST_3980","SOCS-3","5VF1","NA","X-ray Crystallographic Structure of a Giant Double-Walled Peptide Nanotube Formed by a Macrocyclic Beta-Sheet Containing ABeta16-22"
"ST_3981","SOCS-3","5VF3","Enterobacteria phage T4","Bacteriophage T4 isometric capsid"
"ST_3982","SOCS-3","5VGV","Clostridium botulinum (strain Hall / ATCC 3502 / NCTC 13319 / Type A)","Structure of the C. botulinum neurotoxin serotype A with Cu bound"
"ST_3983","SOCS-3","5VGW","synthetic construct","RNA hairpin structure containing tetraloop/receptor motif"
"ST_3984","SOCS-3","5VGX","Clostridium botulinum (strain Hall / ATCC 3502 / NCTC 13319 / Type A)","Structure of the C. botulinum neurotoxin serotype A with Hg bound"
"ST_3985","SOCS-3","5VHT","Escherichia coli (strain K12)","E. coli chorismate mutase with orthogonal interface containing p-benzoyl phenylalanine"
"ST_3986","SOCS-3","5VKA","Pseudomonas savastanoi pv. phaseolicola","Ethylene forming enzyme in complex with manganese, 2-oxoglutarate and N-omega-hydroxy-L-arginine"
"ST_3987","SOCS-3","5VKB","Pseudomonas savastanoi pv. phaseolicola","Ethylene forming enzyme in complex with manganese, 2-oxoglutarate and argininamide"
"ST_3988","SOCS-3","5VNU","Physeter catodon","Nonheme Iron Replacement in a Biosynthetic Nitric Oxide Reductase Model Performing O2 Reduction to Water: Mn-bound FeBMb"
"ST_3989","SOCS-3","5VPW","Clostridium pasteurianum","Nitrogenase Cp1 at pH 5"
"ST_3990","SOCS-3","5VQ3","Clostridium pasteurianum","Nitrogenase Cp1 at pH 6.5"
"ST_3991","SOCS-3","5VQ4","Azotobacter vinelandii","Nitrogenase Av1 at pH 5"
"ST_3992","SOCS-3","5VR4","synthetic construct","RNA octamer containing 2'-F-4'-OMe U."
"ST_3993","SOCS-3","5VRT","Physeter catodon","Nonheme Iron Replacement in a Biosynthetic Nitric Oxide Reductase Model Performing O2 Reduction to Water: Co-bound FeBMb"
"ST_3994","SOCS-3","5VRW","synthetic construct, Homo sapiens","Human DNA polymerase beta pre-catalytic 8-oxoG:dC extension complex with dTTP bound in non-planar conformation"
"ST_3995","SOCS-3","5VRX","synthetic construct, Homo sapiens","Human DNA polymerase beta pre-catalytic 8-oxoG:dC extension complex with dTTP bound in Watson-Crick conformation"
"ST_3996","SOCS-3","5VRY","synthetic construct, Homo sapiens","Human DNA polymerase beta 8-oxoG:dC extension with dTTP after 20 s"
"ST_3997","SOCS-3","5VRZ","synthetic construct, Homo sapiens","Human DNA polymerase beta 8-oxoG:dC extension with dTTP after 60 s"
"ST_3998","SOCS-3","5VS0","synthetic construct, Homo sapiens","Human DNA polymerase beta 8-oxoG:dC extension with dTTP after 80 s"
"ST_3999","SOCS-3","5VS1","Homo sapiens, synthetic construct","Human DNA polymerase beta pre-catalytic 8-oxoG:dA extension complex with dTTP bound in non-planar conformation"
"ST_4000","SOCS-3","5VS2","synthetic construct, Homo sapiens","Human DNA polymerase beta pre-catalytic 8-oxoG:dA extension complex with dTTP bound in Watson-Crick conformation"
"ST_4001","SOCS-3","5VS3","Homo sapiens, synthetic construct","Human DNA polymerase beta 8-oxoG:dA extension with dTTP after 90 s"
"ST_4002","SOCS-3","5VS4","Homo sapiens, synthetic construct","Human DNA polymerase beta 8-oxoG:dA extension with dTTP after 120 s"
"ST_4003","SOCS-3","5VTD","Homo sapiens","Crystal Structure of the Co-bound Human Heavy-Chain Ferritin variant 122H-delta C-star"
"ST_4004","SOCS-3","5VWT","Neosartorya fumigata","Crystal structure of oxidized Aspergillus fumigatus UDP-galactopyranose mutase complexed with NADPH"
"ST_4005","SOCS-3","5VWU","Neosartorya fumigata","Crystal structure of oxidized Aspergillus fumigatus UDP-galactopyranose mutase complexed with NADH"
"ST_4006","SOCS-3","5VY6","synthetic construct","A self-assembling D-form DNA crystal lattice"
"ST_4007","SOCS-3","5VY7","synthetic construct","A self-assembling L-form DNA crystal lattice"
"ST_4008","SOCS-3","5W1F","Homo sapiens","Crystal structure of Ni(II)- and Ca(II)-bound human calprotectin"
"ST_4009","SOCS-3","5W3Q","Escherichia coli (strain K12)","L28F E.coli DHFR in complex with NADPH"
"ST_4010","SOCS-3","5WAN","Escherichia coli (strain K12)","Crystal Structure of a flavoenzyme RutA in the pyrimidine catabolic pathway"
"ST_4011","SOCS-3","5WBA","Streptomyces avidinii","Peroxide Activation Regulated by Hydrogen Bonds within Artificial Cu Proteins - WT"
"ST_4012","SOCS-3","5WBB","Streptomyces avidinii","Peroxide Activation Regulated by Hydrogen Bonds within Artificial Cu Proteins - S112A"
"ST_4013","SOCS-3","5WBC","Streptomyces avidinii","Designed Artificial Cupredoxins - WT"
"ST_4014","SOCS-3","5WBD","Streptomyces avidinii","Peroxide Activation Regulated by Hydrogen Bonds within Artificial Cu Proteins - N49A"
"ST_4015","SOCS-3","5WEH","Rhodobacter sphaeroides","Cytochrome c oxidase from Rhodobacter sphaeroides in the reduced state"
"ST_4016","SOCS-3","5WGC","Streptomyces peucetius","propionyl-DpsC in complex with oxetane-bearing probe"
"ST_4017","SOCS-3","5WGG","Clostridium thermocellum (strain ATCC 27405 / DSM 1237 / NBRC 103400 / NCIMB 10682 / NRRL B-4536 / V","Structural Insights into Thioether Bond Formation in the Biosynthesis of Sactipeptides"
"ST_4018","SOCS-3","5WGR","Malbranchea aurantiaca","Crystal Structure of Wild-type MalA', premalbrancheamide complex"
"ST_4019","SOCS-3","5WGS","Malbranchea aurantiaca","Crystal Structure of MalA' H253F, premalbrancheamide complex"
"ST_4020","SOCS-3","5WGT","Malbranchea aurantiaca","Crystal Structure of MalA' H253A, premalbrancheamide complex"
"ST_4021","SOCS-3","5WGU","Malbranchea aurantiaca","Crystal Structure of MalA' E494D, premalbrancheamide complex"
"ST_4022","SOCS-3","5WGV","Malbranchea aurantiaca","Crystal Structure of MalA' C112S/C128S, premalbrancheamide complex"
"ST_4023","SOCS-3","5WGW","Malbranchea aurantiaca","Crystal Structure of Wild-type MalA', malic acid and L-arginine, malbrancheamide B complex"
"ST_4024","SOCS-3","5WGX","Malbranchea aurantiaca","Crystal Structure of MalA' H253A, malbrancheamide B complex"
"ST_4025","SOCS-3","5WGY","Malbranchea aurantiaca","Crystal Structure of MalA' C112S/C128S, malbrancheamide B complex"
"ST_4026","SOCS-3","5WGZ","Malbranchea aurantiaca","Crystal Structure of Wild-type MalA', isomalbrancheamide B complex,"
"ST_4027","SOCS-3","5WHY","Clostridium thermocellum (strain ATCC 27405 / DSM 1237 / NBRC 103400 / NCIMB 10682 / NRRL B-4536 / V","Structural Insights into Thioether Bond Formation in the Biosynthesis of Sactipeptides"
"ST_4028","SOCS-3","5WK7","Pseudomonas putida","P450cam mutant R186A"
"ST_4029","SOCS-3","5WK9","Pseudomonas putida","R186AP450cam with CN and camphor"
"ST_4030","SOCS-3","5WLJ","NA","De Novo Design of Polynuclear Transition Metal Clusters in Helix Bundles-4EH1"
"ST_4031","SOCS-3","5WLK","NA","De Novo Design of Polynuclear Transition Metal Clusters in Helix Bundles-4EH2"
"ST_4032","SOCS-3","5WLL","NA","De Novo Design of Polynuclear Transition Metal Clusters in Helix Bundles-4DH1"
"ST_4033","SOCS-3","5WLM","NA","De Novo Design of Polynuclear Transition Metal Clusters in Helix Bundles-4DH2"
"ST_4034","SOCS-3","5WP2","Mycobacterium tuberculosis (strain CDC 1551 / Oshkosh)","1.44 Angstrom crystal structure of CYP121 from Mycobacterium tuberculosis in complex with substrate and CN"
"ST_4035","SOCS-3","5WSD","Thermotoga maritima (strain ATCC 43589 / MSB8 / DSM 3109 / JCM 10099)","Crystal structure of a cupin protein (tm1459) in apo form"
"ST_4036","SOCS-3","5WSE","Thermotoga maritima (strain ATCC 43589 / MSB8 / DSM 3109 / JCM 10099)","Crystal structure of a cupin protein (tm1459) in osmium (Os) substituted form I"
"ST_4037","SOCS-3","5WSF","Thermotoga maritima (strain ATCC 43589 / MSB8 / DSM 3109 / JCM 10099)","Crystal structure of a cupin protein (tm1459) in osmium (Os)-substituted form II"
"ST_4038","SOCS-3","5XKO","Mycobacterium smegmatis (strain ATCC 700084 / mc(2)155)","Crystal structure of native Msmeg3575 deaminase from Mycobacterium smegmatis"
"ST_4039","SOCS-3","5XKP","Mycobacterium smegmatis (strain ATCC 700084 / mc(2)155)","Crystal structure of Msmeg3575 in complex with 5-azacytosine"
"ST_4040","SOCS-3","5XKQ","Mycobacterium smegmatis (strain ATCC 700084 / mc(2)155)","Crystal structure of Msmeg3575 in complex with ammeline"
"ST_4041","SOCS-3","5XKR","Mycobacterium smegmatis (strain ATCC 700084 / mc(2)155)","Crystal structure of Msmeg3575 in complex with benzoguanamine"
"ST_4042","SOCS-3","5XN3","Homo sapiens","Crystal structure of SPSB2 in complex with a rational designed RGD containing cyclic peptide inhibitor of SPSB2-iNOS interaction"
"ST_4043","SOCS-3","5XT5","Bacillus subtilis (strain 168)","SufS-SufU complex from Bacillus subtilis"
"ST_4044","SOCS-3","5XT6","Bacillus subtilis (strain 168)","A sulfur-transferring catalytic intermediate of SufS-SufU complex from Bacillus subtilis"
"ST_4045","SOCS-3","5XZI","Escherichia coli","Crystal structure of the Zn-directed tetramer of the engineered cyt cb562 variant, AB5"
"ST_4046","SOCS-3","5XZJ","Escherichia coli","Crystal structure of the Zn-directed tetramer of the engineered cyt cb562 variant, C96T/AB5"
"ST_4047","SOCS-3","5Y7W","Mus musculus","Crystal structure of the Nco-A1 PAS-B domain with YL-2"
"ST_4048","SOCS-3","5YAO","Rhodococcus erythropolis","The complex structure of SZ529 and expoxid"
"ST_4049","SOCS-3","5YL3","Equus caballus","Crystal structure of horse heart myoglobin reconstituted with manganese porphycene in resting state at pH 8.5"
"ST_4050","SOCS-3","5YNG","Rhodococcus erythropolis","Crystal structure of SZ348 in complex with cyclopentene oxide"
"ST_4051","SOCS-3","5YQT","Rhodococcus erythropolis","Crystal Structure of the L74F/M78V/I80V/L114F mutant of LEH complexed with cyclopentene oxide"
"ST_4052","SOCS-3","5YRS","Human immunodeficiency virus type 1 group M subtype B","X-ray Snapshot of HIV-1 Protease in Action: Observation of Tetrahedral Intermediate and Its SIHB with Catalytic Aspartate"
"ST_4053","SOCS-3","5ZK4","Sorangium cellulosum","The structure of DSZS acyltransferase with carrier protein"
"ST_4054","SOCS-3","6ALM","Streptomyces vinaceus","VioC L-arginine hydroxylase bound to Fe(II), L-arginine,"
"ST_4055","SOCS-3","6ALN","Streptomyces vinaceus","VioC L-arginine hydroxylase bound to Fe(II), 3S-hydroxy-L-arginine, and 2OG"
"ST_4056","SOCS-3","6ALO","Streptomyces vinaceus","VioC L-arginine hydroxylase bound to Fe(II), L-arginine"
"ST_4057","SOCS-3","6ALP","Streptomyces vinaceus","VioC L-arginine hydroxylase bound to Fe(II), 3S-hydroxy-L-arginine, and succinate,5-b]pyridin-2-amine"
"ST_4058","SOCS-3","6ALQ","Streptomyces vinaceus","VioC L-arginine hydroxylase bound to Fe(II), L-arginine"
"ST_4059","SOCS-3","6ALR","Streptomyces vinaceus","VioC L-arginine hydroxylase bound to the vanadyl ion, L-arginine"
"ST_4060","SOCS-3","6ALZ","Homo sapiens","Crystal structure of Protein Phosphatase 1 bound to the natural inhibitor Tautomycetin"
"ST_4061","SOCS-3","6AM7","Pyrococcus furiosus (strain ATCC 43587 / DSM 3638 / JCM 8422 / Vc1)","Engineered tryptophan synthase b-subunit from Pyrococcus furiosus, PfTrpB2B9"
"ST_4062","SOCS-3","6AM8","Pyrococcus furiosus (strain ATCC 43587 / DSM 3638 / JCM 8422 / Vc1)","Engineered tryptophan synthase b-subunit from Pyrococcus furiosus, PfTrpB2B9 with Trp bound as E(Aex2)"
"ST_4063","SOCS-3","6AM9","Pyrococcus furiosus (strain ATCC 43587 / DSM 3638 / JCM 8422 / Vc1)","Engineered tryptophan synthase b-subunit from Pyrococcus furiosus, PfTrpB2B9, with Ser-bound in a predominantly closed state."
"ST_4064","SOCS-3","6AMC","Pyrococcus furiosus (strain ATCC 43587 / DSM 3638 / JCM 8422 / Vc1)","Engineered tryptophan synthase b-subunit from Pyrococcus furiosus, PfTrpB4D11"
"ST_4065","SOCS-3","6AMH","Pyrococcus furiosus (strain ATCC 43587 / DSM 3638 / JCM 8422 / Vc1)","Engineered tryptophan synthase b-subunit from Pyrococcus furiosus, PfTrpB4D11 with Ser bound as E(Aex1)"
"ST_4066","SOCS-3","6AMI","Pyrococcus furiosus (strain ATCC 43587 / DSM 3638 / JCM 8422 / Vc1)","Engineered tryptophan synthase b-subunit from Pyrococcus furiosus, PfTrpB4D11 with Trp non-covalently bound"
"ST_4067","SOCS-3","6ANR","Escherichia coli","Crystal structure of a self resistance protein ClbS from colibactin biosynthetic gene cluster"
"ST_4068","SOCS-3","6ANX","Streptomyces avidinii","Peroxide Activation Regulated by Hydrogen Bonds within Artificial Cu Proteins - WT (low exposure)"
"ST_4069","SOCS-3","6ASZ","Drosophila melanogaster","Chromodomain HP1 with Y24F mutation bound to histone H3 peptide containing trimethyl lysine"
"ST_4070","SOCS-3","6AUC","Streptomyces avidinii","Artificial metalloproteins containing a Co4O4 active site - 2xm-Sav"
"ST_4071","SOCS-3","6AUE","Streptomyces avidinii","Artificial Metalloproteins Containing a Co4O4 Active Site - 2xm-S112Y-b"
"ST_4072","SOCS-3","6AUH","Streptomyces avidinii","Artificial Metalloproteins Containing a Co4O4 Active Site - 2xm-S112Y-a"
"ST_4073","SOCS-3","6AUL","Streptomyces avidinii","Artificial Metalloproteins Containing a Co4O4 Active Site - 2xm-S112Y-b"
"ST_4074","SOCS-3","6AUO","Streptomyces avidinii","Artificial Metalloproteins Containing a Co4O4 Active Site - 2xm-S112F"
"ST_4075","SOCS-3","6AZ4","synthetic construct","RNA hairpin complex with guanosine dinucleotide ligand G(5')ppp(5')G"
"ST_4076","SOCS-3","6B3U","Human immunodeficiency virus 1","Solution Structure of HIV-1 GP41 Transmembrane Domain in Bicelles"
"ST_4077","SOCS-3","6B5W","Homo sapiens","Benenodin-1-dC5, state 2"
"ST_4078","SOCS-3","6B6G","Sus scrofa","Crystal Structure of GABA Aminotransferase bound to (S)-3-Amino-4-(difluoromethylenyl)cyclopent-1-ene-1-carboxylic acid, an Potent Inactivatorfor the "
"ST_4079","SOCS-3","6B7A","Escherichia coli (strain K12)","Crystal structure of E.coli Phosphopantetheine Adenylyltransferase (PPAT/CoaD) in complex with 2-methyl-1H-benzo[d]imidazol-4-ol"
"ST_4080","SOCS-3","6B7B","Escherichia coli (strain K12)","Crystal structure of E.coli Phosphopantetheine Adenylyltransferase (PPAT/CoaD) in complex with 5-methoxy-2-methyl-1H-indole"
"ST_4081","SOCS-3","6B7C","Escherichia coli (strain K12)","Crystal structure of E.coli Phosphopantetheine Adenylyltransferase (PPAT/CoaD) in complex with N-((1,3-dimethyl-1H-pyrazol-5-yl)methyl)-5-methyl-1H-im"
"ST_4082","SOCS-3","6B7D","Escherichia coli (strain K12)","Crystal structure of E.coli Phosphopantetheine Adenylyltransferase (PPAT/CoaD) in complex with 3-(4-chlorophenyl)-6-methoxy-4,5-dimethylpyridazine"
"ST_4083","SOCS-3","6B7E","Escherichia coli (strain K12)","Crystal structure of E.coli Phosphopantetheine Adenylyltransferase (PPAT/CoaD) in complex with (R)-4-(5-(difluoromethyl)-1H-imidazol-1-yl)-3,3-dimethy"
"ST_4084","SOCS-3","6B7F","Escherichia coli (strain K12)","Crystal structure of E.coli Phosphopantetheine Adenylyltransferase (PPAT/CoaD) in complex with (R)-3,3-dimethyl-4-(5-vinyl-1H-imidazol-1-yl)isochroman"
"ST_4085","SOCS-3","6B7R","Aequorea victoria","Truncated strand 11-less green fluorescent protein"
"ST_4086","SOCS-3","6B7T","Aequorea victoria","Truncated strand 10-less green fluorescent protein"
"ST_4087","SOCS-3","6B89","Escherichia coli (strain K12)","E. coli LptB in complex with ADP and novobiocin"
"ST_4088","SOCS-3","6B8B","Escherichia coli (strain K12)","E. coli LptB in complex with ADP and a novobiocin derivative"
"ST_4089","SOCS-3","6BMD","synthetic construct","RNA hairpin containing GpppG-oligo to mimic intermediate formed by activated monomer and activated downstream helper"
"ST_4090","SOCS-3","6C9U","Saccharopolyspora erythraea","Crystal structure of [KS3][AT3] didomain from module 3 of 6-deoxyerthronolide B synthase in complex with antibody fragment (Fab)"
"ST_4091","SOCS-3","6CDA","Staphylococcus aureus","Crystal structure of L34A CzrA in the Zn(II)bound state"
"ST_4092","SOCS-3","6CDB","Staphylococcus aureus","Crystal Structure of V66L CzrA in the Zn(II)bound state"
"ST_4093","SOCS-3","6CG3","NA","Macrocyclic peptide derived from Abeta(17-36) - (ORN)LV(PHI)FAED(ORN)AII(2-nitrobenzylglycine)L(ORN)V"
"ST_4094","SOCS-3","6CG4","NA","Covalently crosslinked trimer of a macrocyclic peptide derived from Abeta(17-36) - (ORN)LCVFFCED(ORN)AII(2-nitrobenzylglycine)L(ORN)V"
"ST_4095","SOCS-3","6CG5","NA","Covalently crosslinked trimer of a macrocyclic peptide derived from Abeta (17-36) - (ORN)LCVFFCED(ORN)AII(2-nitrobenzylglycine)L(ORN)V"
"ST_4096","SOCS-3","6CXU","Homo sapiens","Structure of the S167H mutant of human indoleamine 2,3 dioxygenase in complex with tryptophan and cyanide"
"ST_4097","SOCS-3","6CXV","Homo sapiens","Structure of the S167H mutant of human indoleamine 2,3 dioxygenase in complex with tryptophan and cyanide"
"ST_4098","SOCS-3","6DAW","Streptomyces lusitanus","X-ray crystal structure of NapI L-arginine desaturase bound to Fe(II), L-arginine"
"ST_4099","SOCS-3","6DAX","Streptomyces vinaceus","X-ray crystal structure of VioC bound to Fe(II), L-homoarginine"
"ST_4100","SOCS-3","6DAZ","Streptomyces vinaceus","X-ray crystal structure of VioC bound to Fe(II), 3S-hydroxy-L-homoarginine"
"ST_4101","SOCS-3","6DB2","Streptomyces vinaceus","X-ray crystal structure of VioC bound to vanadyl ion, L-homoarginine, Sky1p"
"ST_4102","SOCS-3","6DJT","Methanocaldococcus jannaschii (strain ATCC 43067 / DSM 2661 / JAL-1 / JCM 10045 / NBRC 100440)","Structure of TYW1 with a lysine-pyruvate adduct bound"
"ST_4103","SOCS-3","6ENK","Streptomyces coelicolor (strain ATCC BAA-471 / A3(2) / M145)","The X-ray crystal structure of DesE bound to desferrioxamine B"
"ST_4104","SOCS-3","6EYZ","Mus musculus","PI3 kinase delta in complex with 4-Fluorophenyl 5-(4-(5-((4-isopropylpiperazin-1-yl)methyl)oxazol-2-yl)-1H-indazol-6-yl)-2-methoxynicotinate"
"ST_4105","SOCS-3","6EZ6","Mus musculus","PI3 kinase delta in complex with Methyl 5-(4-(5-((4-isopropylpiperazin-1-yl)methyl)oxazol-2-yl)-1H-indazol-6-yl)-2-methoxynicotinate"
"ST_4106","SOCS-3","6FBB","Homo sapiens","Crystal structure of 14-3-3 sigma in complex with wild-type Shroom3"
"ST_4107","SOCS-3","6FCP","Homo sapiens","Crystal structure of 14-3-3 sigma in complex with Shroom3 P1244L"
"ST_4108","SOCS-3","6FD2","Streptoalloteichus tenebrarius (strain ATCC 17920 / DSM 40477 / NCIB 11028)","Radical SAM 1,2-diol dehydratase AprD4 in complex with its substrate paromamine"
"ST_4109","SOCS-3","6GFX","Homo sapiens","pVHL:EloB:EloC in complex with modified HIF-1a CODD peptide containing (3R,4S)-3-fluoro-4-hydroxyproline (ligand 13a)"
"ST_4110","SOCS-3","6GFY","Homo sapiens","pVHL:EloB:EloC in complex with modified VH032 containing (3R,4S)-3-fluoro-4-hydroxyproline (ligand 14a)"
"ST_4111","SOCS-3","6GFZ","Homo sapiens","pVHL:EloB:EloC in complex with modified VH032 containing (3S,4S)-3-fluoro-4-hydroxyproline (ligand 14b)"
"ST_4112","SR-A","1CS7","NA","SYNTHETIC DNA HAIRPIN WITH STILBENEDIETHER LINKER"
"ST_4113","SR-A","1DD9","Escherichia coli (strain K12)","STRUCTURE OF THE DNAG CATALYTIC CORE"
"ST_4114","SR-A","1DUC","Equine infectious anemia virus","EIAV DUTPASE DUDP/STRONTIUM COMPLEX"
"ST_4115","SR-A","1F1T","NA","CRYSTAL STRUCTURE OF THE MALACHITE GREEN APTAMER COMPLEXED WITH TETRAMETHYL-ROSAMINE"
"ST_4116","SR-A","1G1J","Rotavirus A (strain RVA/SA11-Both/G3P5B[2])","CRYSTAL STRUCTURE OF THE OLIGOMERIZATION DOMAIN FROM ROTAVIRUS NSP4"
"ST_4117","SR-A","1G1S","Homo sapiens","P-SELECTIN LECTIN/EGF DOMAINS COMPLEXED WITH PSGL-1 PEPTIDE"
"ST_4118","SR-A","1GU8","Natronomonas pharaonis","SENSORY RHODOPSIN II"
"ST_4119","SR-A","1GUE","Natronomonas pharaonis","SENSORY RHODOPSIN II"
"ST_4120","SR-A","1H02","Homo sapiens","Human Insulin-like growth factor; SRS Daresbury data"
"ST_4121","SR-A","1HOW","Saccharomyces cerevisiae (strain ATCC 204508 / S288c)","THE X-RAY CRYSTAL STRUCTURE OF SKY1P, AN SR PROTEIN KINASE IN YEAST"
"ST_4122","SR-A","1HYF","Aspergillus oryzae (strain ATCC 42149 / RIB 40)","RIBONUCLEASE T1 V16A MUTANT IN COMPLEX WITH SR2+"
"ST_4123","SR-A","1IWO","Oryctolagus cuniculus","Crystal structure of the SR Ca2+-ATPase in the absence of Ca2+"
"ST_4124","SR-A","1J8G","NA","X-ray Analysis of a RNA Tetraplex r(uggggu)4 at Ultra-High Resolution"
"ST_4125","SR-A","1KJU","Oryctolagus cuniculus","Ca2+-ATPase in the E2 State"
"ST_4126","SR-A","1KZQ","Toxoplasma gondii","crystal structure of a parasite protein"
"ST_4127","SR-A","1M6G","NA","Structural Characterisation of the Holliday Junction TCGGTACCGA"
"ST_4128","SR-A","1MMR","Homo sapiens","MATRILYSIN COMPLEXED WITH SULFODIIMINE INHIBITOR"
"ST_4129","SR-A","1NRJ","Saccharomyces cerevisiae (strain ATCC 204508 / S288c)","Signal Recognition Particle Receptor Beta-Subunit in Complex with the SRX Domain from the Alpha-Subunit"
"ST_4130","SR-A","1NUV","NA","The Leadzyme Ribozyme Bound to Mg(H2O)6(II) and Sr(II) at 1.8 A resolution"
"ST_4131","SR-A","1NVY","NA","Strontium bound to the Holliday junction sequence d(TCGGTACCGA)4"
"ST_4132","SR-A","1OO0","Drosophila melanogaster","Crystal structure of the Drosophila Mago nashi-Y14 complex"
"ST_4133","SR-A","1OQ7","Ricinus communis","The crystal structure of the iron free (Apo-)form of Stearoyl Acyl Carrier Protein Desaturase from Ricinus Communis (Castor Bean)."
"ST_4134","SR-A","1P49","Homo sapiens","Structure of Human Placental Estrone/DHEA Sulfatase"
"ST_4135","SR-A","1Q8Y","Saccharomyces cerevisiae (strain ATCC 204508 / S288c)","The structure of the yeast SR protein kinase, Sky1p, with bound ADP"
"ST_4136","SR-A","1Q8Z","Saccharomyces cerevisiae (strain ATCC 204508 / S288c)","The apoenzyme structure of the yeast SR protein kinase, Sky1p"
"ST_4137","SR-A","1Q97","Saccharomyces cerevisiae (strain ATCC 204508 / S288c)","The structure of the Saccharomyces cerevisiae SR protein kinase, Sky1p, with bound ATP"
"ST_4138","SR-A","1Q99","Saccharomyces cerevisiae (strain ATCC 204508 / S288c)","Crystal structure of the Saccharomyces cerevisiae SR protein kinsae, complexed with the non-hydrolyzable ATP analogue"
"ST_4139","SR-A","1QRK","Homo sapiens","HUMAN FACTOR XIII WITH STRONTIUM BOUND IN THE ION SITE"
"ST_4140","SR-A","1S8F","Canis lupus familiaris","Crystal structure of Rab9 complexed to GDP reveals a dimer with an active conformation of switch II"
"ST_4141","SR-A","1SFC","Rattus norvegicus","NEURONAL SYNAPTIC FUSION COMPLEX"
"ST_4142","SR-A","1T5S","Oryctolagus cuniculus","Structure of the (SR)Ca2+-ATPase Ca2-E1-AMPPCP form"
"ST_4143","SR-A","1T5T","Oryctolagus cuniculus","Structure of the (SR)Ca2+-ATPase Ca2-E1-ADP:AlF4- form"
"ST_4144","SR-A","1TJM","Rattus norvegicus","Crystallographic Identification of Sr2+ Coordination Site in Synaptotagmin I C2B Domain"
"ST_4145","SR-A","1U3E","Bacillus phage SP01","DNA binding and cleavage by the HNH homing endonuclease I-HmuI"
"ST_4146","SR-A","1VC0","Homo sapiens","Crystal Structure of the Hepatitis Delta Virus Gemonic Ribozyme Precursor, with C75U mutaion, in Imidazole and Sr2+ solution"
"ST_4147","SR-A","1VDR","Haloferax volcanii (strain ATCC 29605 / DSM 3757 / JCM 8879 / NBRC 14742 / NCIMB 2012 / VKM B-1768 /","DIHYDROFOLATE REDUCTASE"
"ST_4148","SR-A","1VFP","Oryctolagus cuniculus","Crystal structure of the SR CA2+-ATPase with bound AMPPCP"
"ST_4149","SR-A","1VQ8","Haloarcula marismortui (strain ATCC 43049 / DSM 3752 / JCM 8966 / VKM B-1809), Haloarcula marismortu","The structure of CCDA-PHE-CAP-BIO and the antibiotic sparsomycin bound to the large ribosomal subunit of haloarcula marismortui"
"ST_4150","SR-A","1VQ9","Haloarcula marismortui (strain ATCC 43049 / DSM 3752 / JCM 8966 / VKM B-1809), Haloarcula marismortu","The structure of CCA-PHE-CAP-BIO and the antibiotic sparsomycin bound to the large ribosomal subunit of haloarcula marismortui"
"ST_4151","SR-A","1VQK","Haloarcula marismortui, Haloarcula marismortui (strain ATCC 43049 / DSM 3752 / JCM 8966 / VKM B-1809","The structure of CCDA-PHE-CAP-BIO bound to the a site of the ribosomal subunit of haloarcula marismortui"
"ST_4152","SR-A","1VQL","Haloarcula marismortui (strain ATCC 43049 / DSM 3752 / JCM 8966 / VKM B-1809), Haloarcula marismortu","The structure of the transition state analogue "DCSN" bound to the large ribosomal subunit of haloarcula marismortui"
"ST_4153","SR-A","1VQM","Haloarcula marismortui (strain ATCC 43049 / DSM 3752 / JCM 8966 / VKM B-1809), Haloarcula marismortu","The structure of the transition state analogue "DAN" bound to the large ribosomal subunit of haloarcula marismortui"
"ST_4154","SR-A","1VQN","Haloarcula marismortui (strain ATCC 43049 / DSM 3752 / JCM 8966 / VKM B-1809), Haloarcula marismortu","The structure of CC-HPMN AND CCA-PHE-CAP-BIO bound to the large ribosomal subunit of haloarcula marismortui"
"ST_4155","SR-A","1VQO","Haloarcula marismortui (strain ATCC 43049 / DSM 3752 / JCM 8966 / VKM B-1809), Haloarcula marismortu","The structure of CCPMN bound to the large ribosomal subunit haloarcula marismortui"
"ST_4156","SR-A","1VQP","Haloarcula marismortui (strain ATCC 43049 / DSM 3752 / JCM 8966 / VKM B-1809), Haloarcula marismortu","The structure of the transition state analogue "RAP" bound to the large ribosomal subunit of haloarcula marismortui"
"ST_4157","SR-A","1WAK","Homo sapiens","X-ray structure of SRPK1"
"ST_4158","SR-A","1WBP","Homo sapiens","SRPK1 bound to 9mer docking motif peptide"
"ST_4159","SR-A","1WC3","Arthrospira platensis","Soluble adenylyl cyclase CyaC from S. platensis in complex with alpha, beta-methylene-ATP and Strontium"
"ST_4160","SR-A","1WPG","Oryctolagus cuniculus","Crystal structure of the SR CA2+-ATPase with MGF4"
"ST_4161","SR-A","1WV6","NA","X-ray structure of the A-decamer GCGTATACGC with a single 2'-O-butyl thymine in place of T6, Sr-form"
"ST_4162","SR-A","1XP5","Oryctolagus cuniculus","Structure Of The (Sr)Ca2+-ATPase E2-AlF4- Form"
"ST_4163","SR-A","1Y1H","Homo sapiens","human formylglycine generating enzyme, oxidised Cys refined as hydroperoxide"
"ST_4164","SR-A","1YBC","NA","Crystal structure of the A-DNA GCGTAT*CGC with a 2'-O-[2-(benzyloxy)ethyl] Thymidine (T*)"
"ST_4165","SR-A","1YHQ","Haloarcula marismortui (strain ATCC 43049 / DSM 3752 / JCM 8966 / VKM B-1809), Haloarcula marismortu","Crystal Structure Of Azithromycin Bound To The G2099A Mutant 50S Ribosomal Subunit Of Haloarcula Marismortui"
"ST_4166","SR-A","1YRM","NA","Crystal Structure of an RNA duplex containing site specific 2'-amine substitutions at a C-A mismatch"
"ST_4167","SR-A","1Z57","Homo sapiens","Crystal structure of human CLK1 in complex with 10Z-Hymenialdisine"
"ST_4168","SR-A","1Z7F","NA","Crystal structure of 16 base pair RNA duplex containing a C-A mismatch"
"ST_4169","SR-A","2AGV","Oryctolagus cuniculus","Crystal structure of the SR CA2+-ATPASE with BHQ and TG"
"ST_4170","SR-A","2AQ5","Mus musculus","Crystal Structure of Murine Coronin-1"
"ST_4171","SR-A","2AWE","NA","Base-Tetrad Swapping Results in Dimerization of RNA Quadruplexes: Implications for Formation of I-Motif RNA Octaplex"
"ST_4172","SR-A","2B4E","Mus musculus","Crystal Structure of Murine Coronin-1: monoclinic form"
"ST_4173","SR-A","2BOX","Homo sapiens","EGF Domains 1 2 5 of human EMR2Â  a 7-TM immune system moleculeÂ  in complex with strontium."
"ST_4174","SR-A","2BTF","Bos taurus","THE STRUCTURE OF CRYSTALLINE PROFILIN-BETA-ACTIN"
"ST_4175","SR-A","2BY4","Oryctolagus cuniculus","SR Ca(2+)-ATPase in the HnE2 state complexed with the thapsigargin derivative Boc-12ADT."
"ST_4176","SR-A","2C88","Oryctolagus cuniculus","Crystal Structure Of (SR) Calcium-ATPase E2(Tg):AMPPCP form"
"ST_4177","SR-A","2C8K","Oryctolagus cuniculus","Crystal Structure of (SR) Calcium-ATPase E2(Tg) with partially occupied AMPPCP site"
"ST_4178","SR-A","2C8L","Oryctolagus cuniculus","Crystal Structure of (SR) Calcium-ATPase E2(Tg) form"
"ST_4179","SR-A","2C9M","Oryctolagus cuniculus","Structure of (SR) Calcium-ATPase in the Ca2E1 state solved in a P1 crystal form."
"ST_4180","SR-A","2DQS","Oryctolagus cuniculus","Crystal structure of the calcium pump with amppcp in the absence of calcium"
"ST_4181","SR-A","2EAR","Oryctolagus cuniculus","P21 crystal of the SR CA2+-ATPase with bound TG"
"ST_4182","SR-A","2EAT","Oryctolagus cuniculus","Crystal structure of the SR CA2+-ATPASE with bound CPA and TG"
"ST_4183","SR-A","2EAU","Oryctolagus cuniculus","Crystal structure of the SR CA2+-ATPASE with bound CPA in the presence of curcumin"
"ST_4184","SR-A","2EU9","Homo sapiens","Crystal Structure of CLK3"
"ST_4185","SR-A","2F93","Natronomonas pharaonis","K Intermediate Structure of Sensory Rhodopsin II/Transducer Complex in Combination with the Ground State Structure"
"ST_4186","SR-A","2F95","Natronomonas pharaonis","M intermediate structure of sensory rhodopsin II/transducer complex in combination with the ground state structure"
"ST_4187","SR-A","2FH5","Mus musculus, Homo sapiens","The Structure of the Mammalian SRP Receptor"
"ST_4188","SR-A","2FYN","Rhodobacter sphaeroides","Crystal Structure Analysis of the double mutant Rhodobacter Sphaeroides bc1 complex"
"ST_4189","SR-A","2GB9","NA","d(CGTACG)2 crosslinked bis-acridine complex"
"ST_4190","SR-A","2GED","Saccharomyces cerevisiae (strain ATCC 204508 / S288c)","Signal Recognition Particle Receptor Beta-Subunit in nucleotide-free dimerized form"
"ST_4191","SR-A","2GLQ","Homo sapiens","X-ray structure of human alkaline phosphatase in complex with strontium"
"ST_4192","SR-A","2GO5","Zea mays, Triticum aestivum","Structure of signal recognition particle receptor (SR) in complex with signal recognition particle (SRP) and ribosome nascent chain complex"
"ST_4193","SR-A","2GRB","NA","Crystal Structure of an RNA Quadruplex Containing Inosine-tetrad"
"ST_4194","SR-A","2GW2","Homo sapiens","Crystal structure of the peptidyl-prolyl isomerase domain of human cyclophilin G"
"ST_4195","SR-A","2HDF","Escherichia coli (strain K12)","Crystal structure of the Colicin I receptor Cir from E.coli"
"ST_4196","SR-A","2HMP","Oryctolagus cuniculus","Uncomplexed actin cleaved with protease ECP32"
"ST_4197","SR-A","2HVZ","Homo sapiens","Solution structure of the RRM domain of SR rich factor 9G8"
"ST_4198","SR-A","2HZ8","NA","QM/MM structure refined from NMR-structure of a single chain diiron protein"
"ST_4199","SR-A","2I2Y","Homo sapiens, Streptococcus sp. group G","Solution structure of the RRM of SRp20 bound to the RNA CAUC"
"ST_4200","SR-A","2I38","Homo sapiens","Solution structure of the RRM of SRp20"
"ST_4201","SR-A","2ITH","Haloferax volcanii (strain ATCC 29605 / DSM 3757 / JCM 8879 / NBRC 14742 / NCIMB 2012 / VKM B-1768 /","NMR Structure of Haloferax volcanii DHFR"
"ST_4202","SR-A","2J9Q","Homo sapiens","A novel conformation for the TPR domain of pex5p"
"ST_4203","SR-A","2JMM","Escherichia coli (strain K12)","NMR solution structure of a minimal transmembrane beta-barrel platform protein"
"ST_4204","SR-A","2JYB","Haloferax volcanii (strain ATCC 29605 / DSM 3757 / JCM 8879 / NBRC 14742 / NCIMB 2012 / VKM B-1768 /","binary hvDHFR1:folate complex"
"ST_4205","SR-A","2K1P","Homo sapiens","Solution structure of the second zinc finger domain of ZRANB2/ZNF265"
"ST_4206","SR-A","2KN4","Streptococcus sp. group G, Homo sapiens","The structure of the RRM domain of SC35"
"ST_4207","SR-A","2KXN","Homo sapiens","NMR structure of human Tra2beta1 RRM in complex with AAGAAC RNA"
"ST_4208","SR-A","2LEA","Homo sapiens","Solution structure of human SRSF2 (SC35) RRM"
"ST_4209","SR-A","2LEB","Homo sapiens","Solution structure of human SRSF2 (SC35) RRM in complex with 5'-UCCAGU-3'"
"ST_4210","SR-A","2LEC","Homo sapiens","Solution structure of human SRSF2 (SC35) RRM in complex with 5'-UGGAGU-3'"
"ST_4211","SR-A","2M8D","Homo sapiens","Structure of SRSF1 RRM2 in complex with the RNA 5'-UGAAGGAC-3'"
"ST_4212","SR-A","2O9J","Oryctolagus cuniculus","Crystal structure of calcium atpase with bound magnesium fluoride and cyclopiazonic acid"
"ST_4213","SR-A","2OA0","Oryctolagus cuniculus","Crystal structure of Calcium ATPase with bound ADP and cyclopiazonic acid"
"ST_4214","SR-A","2OSQ","Saccharomyces cerevisiae (strain ATCC 204508 / S288c)","NMR Structure of RRM-1 of Yeast NPL3 Protein"
"ST_4215","SR-A","2OSR","Saccharomyces cerevisiae (strain ATCC 204508 / S288c)","NMR Structure of RRM-2 of Yeast NPL3 Protein"
"ST_4216","SR-A","2PN4","NA","Crystal Structure of Hepatitis C Virus IRES Subdomain IIa"
"ST_4217","SR-A","2QJK","Rhodobacter sphaeroides","Crystal Structure Analysis of mutant rhodobacter sphaeroides bc1 with stigmatellin and antimycin"
"ST_4218","SR-A","2QJP","Rhodobacter sphaeroides","Crystal structure of wild type rhodobacter sphaeroides with stigmatellin and antimycin inhibited"
"ST_4219","SR-A","2QJY","Rhodobacter sphaeroides","Crystal structure of rhodobacter sphaeroides double mutant with stigmatellin and UQ2"
"ST_4220","SR-A","2RIO","Saccharomyces cerevisiae (strain ATCC 204508 / S288c)","Structure of the dual enzyme Ire1 reveals the basis for catalysis and regulation of non-conventional splicing"
"ST_4221","SR-A","2SPT","Bos taurus","DIFFERENCES IN THE METAL ION STRUCTURE BETWEEN SR-AND CA-PROTHROMBIN FRAGMENT 1"
"ST_4222","SR-A","2WFI","Homo sapiens","Atomic resolution crystal structure of the PPIase domain of human cyclophilin G"
"ST_4223","SR-A","2WFJ","Homo sapiens","Atomic resolution crystal structure of the PPIase domain of human cyclophilin G in complex with cyclosporin A."
"ST_4224","SR-A","2WOH","Escherichia coli (strain K12)","Strontium soaked E. coli copper amine oxidase"
"ST_4225","SR-A","2X53","Lactococcus phage p2","Structure of the phage p2 baseplate in its activated conformation with Sr"
"ST_4226","SR-A","2XRM","Bacillus clausii","Processed Intracellular subtilisin from B. clausii"
"ST_4227","SR-A","2XXA","Escherichia coli (strain K12), Deinococcus radiodurans","The Crystal Structure of the Signal Recognition Particle (SRP) in Complex with its Receptor(SR)"
"ST_4228","SR-A","2YFY","Oryctolagus cuniculus","SERCA in the HnE2 State Complexed With Debutanoyl Thapsigargin"
"ST_4229","SR-A","2ZBD","Oryctolagus cuniculus","Crystal Structure of the SR Calcium Pump with Bound Aluminium Fluoride, ADP and Calcium"
"ST_4230","SR-A","2ZBE","Oryctolagus cuniculus","Calcium pump crystal structure with bound BeF3 in the absence of calcium and TG"
"ST_4231","SR-A","2ZBF","Oryctolagus cuniculus","Calcium pump crystal structure with bound BeF3 and TG in the absence of calcium"
"ST_4232","SR-A","2ZBG","Oryctolagus cuniculus","Calcium pump crystal structure with bound AlF4 and TG in the absence of calcium"
"ST_4233","SR-A","3AI3","Gluconobacter frateurii","The crystal structure of L-Sorbose reductase from Gluconobacter frateurii complexed with NADPH and L-sorbose"
"ST_4234","SR-A","3AR2","Oryctolagus cuniculus","Calcium pump crystal structure with bound AMPPCP and Ca2+"
"ST_4235","SR-A","3AR3","Oryctolagus cuniculus","Calcium pump crystal structure with bound ADP and TG"
"ST_4236","SR-A","3AR4","Oryctolagus cuniculus","Calcium pump crystal structure with bound ATP and TG in the absence of Ca2+"
"ST_4237","SR-A","3AR5","Oryctolagus cuniculus","Calcium pump crystal structure with bound TNP-AMP and TG"
"ST_4238","SR-A","3AR6","Oryctolagus cuniculus","Calcium pump crystal structure with bound TNP-ADP and TG in the absence of calcium"
"ST_4239","SR-A","3AR7","Oryctolagus cuniculus","Calcium pump crystal structure with bound TNP-ATP and TG in the absence of Ca2+"
"ST_4240","SR-A","3AR8","Homo sapiens","Calcium pump crystal structure with bound AlF4, TNP-AMP and TG"
"ST_4241","SR-A","3AR9","Oryctolagus cuniculus","Calcium pump crystal structure with bound BeF3, TNP-AMP and TG in the absence of calcium"
"ST_4242","SR-A","3B9B","Oryctolagus cuniculus","Structure of the E2 beryllium fluoride complex of the SERCA Ca2+-ATPase"
"ST_4243","SR-A","3B9R","Oryctolagus cuniculus","SERCA Ca2+-ATPase E2 aluminium fluoride complex without thapsigargin"
"ST_4244","SR-A","3BA6","Oryctolagus cuniculus","Structure of the Ca2E1P phosphoenzyme intermediate of the SERCA Ca2+-ATPase"
"ST_4245","SR-A","3BEG","Homo sapiens","Crystal structure of SR protein kinase 1 complexed to its substrate ASF/SF2"
"ST_4246","SR-A","3BNQ","NA","Crystal Structure of the Homo sapiens Mitochondrial Ribosomal Decoding Site in the Presence of SrCl2 (A1555G mutant, Br-derivative)"
"ST_4247","SR-A","3CC4","Haloarcula marismortui (strain ATCC 43049 / DSM 3752 / JCM 8966 / VKM B-1809), Haloarcula marismortu","Co-crystal Structure of Anisomycin Bound to the 50S Ribosomal Subunit"
"ST_4248","SR-A","3CC7","Haloarcula marismortui (strain ATCC 43049 / DSM 3752 / JCM 8966 / VKM B-1809), Haloarcula marismortu","Structure of Anisomycin resistant 50S Ribosomal Subunit: 23S rRNA mutation C2487U"
"ST_4249","SR-A","3CCE","Haloarcula marismortui (strain ATCC 43049 / DSM 3752 / JCM 8966 / VKM B-1809), Haloarcula marismortu","Structure of Anisomycin resistant 50S Ribosomal Subunit: 23S rRNA mutation U2535A"
"ST_4250","SR-A","3CCJ","Haloarcula marismortui (strain ATCC 43049 / DSM 3752 / JCM 8966 / VKM B-1809), Haloarcula marismortu","Structure of Anisomycin resistant 50S Ribosomal Subunit: 23S rRNA mutation C2534U"
"ST_4251","SR-A","3CCL","Haloarcula marismortui (strain ATCC 43049 / DSM 3752 / JCM 8966 / VKM B-1809), Haloarcula marismortu","Structure of Anisomycin resistant 50S Ribosomal Subunit: 23S rRNA mutation U2535C. Density for Anisomycin is visible but not included in model."
"ST_4252","SR-A","3CCM","Haloarcula marismortui (strain ATCC 43049 / DSM 3752 / JCM 8966 / VKM B-1809), Haloarcula marismortu","Structure of Anisomycin resistant 50S Ribosomal Subunit: 23S rRNA mutation G2611U"
"ST_4253","SR-A","3CCQ","Haloarcula marismortui, Haloarcula marismortui (strain ATCC 43049 / DSM 3752 / JCM 8966 / VKM B-1809","Structure of Anisomycin resistant 50S Ribosomal Subunit: 23S rRNA mutation A2488U"
"ST_4254","SR-A","3CCR","Haloarcula marismortui (strain ATCC 43049 / DSM 3752 / JCM 8966 / VKM B-1809), Haloarcula marismortu","Structure of Anisomycin resistant 50S Ribosomal Subunit: 23S rRNA mutation A2488C. Density for anisomycin is visible but not included in the model."
"ST_4255","SR-A","3CCS","Haloarcula marismortui (strain ATCC 43049 / DSM 3752 / JCM 8966 / VKM B-1809), Haloarcula marismortu","Structure of Anisomycin resistant 50S Ribosomal Subunit: 23S rRNA mutation G2482A"
"ST_4256","SR-A","3CCU","Haloarcula marismortui (strain ATCC 43049 / DSM 3752 / JCM 8966 / VKM B-1809), Haloarcula marismortu","Structure of Anisomycin resistant 50S Ribosomal Subunit: 23S rRNA mutation G2482C"
"ST_4257","SR-A","3CCV","Haloarcula marismortui (strain ATCC 43049 / DSM 3752 / JCM 8966 / VKM B-1809), Haloarcula marismortu","Structure of Anisomycin resistant 50S Ribosomal Subunit: 23S rRNA mutation G2616A"
"ST_4258","SR-A","3CD6","Haloarcula marismortui (strain ATCC 43049 / DSM 3752 / JCM 8966 / VKM B-1809), Haloarcula marismortu","Co-cystal of large Ribosomal Subunit mutant G2616A with CC-Puromycin"
"ST_4259","SR-A","3CMA","Haloarcula marismortui (strain ATCC 43049 / DSM 3752 / JCM 8966 / VKM B-1809), Haloarcula marismortu","The structure of CCA and CCA-Phe-Cap-Bio bound to the large ribosomal subunit of Haloarcula marismortui"
"ST_4260","SR-A","3CME","Haloarcula marismortui (strain ATCC 43049 / DSM 3752 / JCM 8966 / VKM B-1809), Haloarcula marismortu","The Structure of CA and CCA-PHE-CAP-BIO Bound to the Large Ribosomal Subunit of Haloarcula Marismortui"
"ST_4261","SR-A","3CPW","Haloarcula marismortui (strain ATCC 43049 / DSM 3752 / JCM 8966 / VKM B-1809), Haloarcula marismortu","The structure of the antibiotic LINEZOLID bound to the large ribosomal subunit of HALOARCULA MARISMORTUI"
"ST_4262","SR-A","3E4P","Rhizobium meliloti (strain 1021)","Crystal structure of malonate occupied DctB"
"ST_4263","SR-A","3E5C","NA","Crystal Structure of the SMK box (SAM-III) Riboswitch with SAM"
"ST_4264","SR-A","3E5E","NA","Crystal Structures of the SMK box (SAM-III) Riboswitch with SAH"
"ST_4265","SR-A","3E5F","NA","Crystal Structures of the SMK box (SAM-III) Riboswitch with Se-SAM"
"ST_4266","SR-A","3EY3","NA","A Conformational Transition in the Structure of a 2'-Thiomethyl-Modified DNA Visualized at High Resolution"
"ST_4267","SR-A","3FGO","Oryctolagus cuniculus","Crystal Structure of the E2 magnesium fluoride complex of the (SR) Ca2+-ATPase with bound CPA and AMPPCP"
"ST_4268","SR-A","3FI2","Homo sapiens","Crystal structure of JNK3 with amino-pyrazole inhibitor, SR-3451"
"ST_4269","SR-A","3FI3","Homo sapiens","Crystal structure of JNK3 with indazole inhibitor, SR-3737"
"ST_4270","SR-A","3FK3","Saccharomyces cerevisiae (strain ATCC 204508 / S288c)","Structure of the Yeats Domain, Yaf9"
"ST_4271","SR-A","3FPB","Oryctolagus cuniculus","The Structure of Sarcoplasmic Reticulum Ca2+-ATPase Bound To Cyclopiazonic acid with ATP"
"ST_4272","SR-A","3FPS","Oryctolagus cuniculus","The Structure of Sarcoplasmic Reticulum Ca2+-ATPase Bound To Cyclopiazonic and ADP"
"ST_4273","SR-A","3G4S","Haloarcula marismortui (strain ATCC 43049 / DSM 3752 / JCM 8966 / VKM B-1809), Haloarcula marismortu","Co-crystal structure of Tiamulin bound to the large ribosomal subunit"
"ST_4274","SR-A","3G6E","Haloarcula marismortui (strain ATCC 43049 / DSM 3752 / JCM 8966 / VKM B-1809), Haloarcula marismortu","Co-crystal structure of Homoharringtonine bound to the large ribosomal subunit"
"ST_4275","SR-A","3G71","Haloarcula marismortui (strain ATCC 43049 / DSM 3752 / JCM 8966 / VKM B-1809), Haloarcula marismortu","Co-crystal structure of Bruceantin bound to the large ribosomal subunit"
"ST_4276","SR-A","3G9Y","Homo sapiens","Crystal structure of the second zinc finger from ZRANB2/ZNF265 bound to 6 nt ssRNA sequence AGGUAA"
"ST_4277","SR-A","3GOO","NA","Strontium bound to the Holliday junction sequence d(TCGGCGCCGA)4"
"ST_4278","SR-A","3HKX","Nesterenkonia sp. 10004","Crystal structure analysis of an amidase from Nesterenkonia sp."
"ST_4279","SR-A","3HVL","Homo sapiens","Tethered PXR-LBD/SRC-1p complexed with SR-12813"
"ST_4280","SR-A","3I55","Haloarcula marismortui (strain ATCC 43049 / DSM 3752 / JCM 8966 / VKM B-1809), Haloarcula marismortu","Co-crystal structure of Mycalamide A Bound to the Large Ribosomal Subunit"
"ST_4281","SR-A","3I56","Haloarcula marismortui (strain ATCC 43049 / DSM 3752 / JCM 8966 / VKM B-1809), Haloarcula marismortu","Co-crystal structure of Triacetyloleandomcyin Bound to the Large Ribosomal Subunit"
"ST_4282","SR-A","3I5A","Pseudomonas syringae pv. tomato (strain ATCC BAA-871 / DC3000)","Crystal structure of full-length WpsR from Pseudomonas syringae"
"ST_4283","SR-A","3ILG","Homo sapiens","Crystal structure of humnan insulin Sr+2 complex"
"ST_4284","SR-A","3INC","Homo sapiens","Crystal structure of human insulin with Ni+2 complex"
"ST_4285","SR-A","3J1T","Mus musculus,Bos taurus","High affinity dynein microtubule binding domain - tubulin complex"
"ST_4286","SR-A","3J1U","Mus musculus, Bos taurus","Low affinity dynein microtubule binding domain - tubulin complex"
"ST_4287","SR-A","3J7P","Sus scrofa","Structure of the 80S mammalian ribosome bound to eEF2"
"ST_4288","SR-A","3J7R","Sus scrofa","Structure of the translating mammalian ribosome-Sec61 complex"
"ST_4289","SR-A","3J7T","Oryctolagus cuniculus","Calcium atpase structure with two bound calcium ions determined by electron crystallography of thin 3D crystals"
"ST_4290","SR-A","3J9Z","Escherichia coli (strain K12), Thermus thermophilus","Activation of GTP Hydrolysis in mRNA-tRNA Translocation by Elongation Factor G"
"ST_4291","SR-A","3JA1","Escherichia coli, Thermus thermophilus","Activation of GTP Hydrolysis in mRNA-tRNA Translocation by Elongation Factor G"
"ST_4292","SR-A","3JAJ","Oryctolagus cuniculus","Structure of the engaged state of the mammalian SRP-ribosome complex"
"ST_4293","SR-A","03-Jan","Oryctolagus cuniculus","Structure of the scanning state of the mammalian SRP-ribosome complex"
"ST_4294","SR-A","3KVX","Homo sapiens","JNK3 bound to aminopyrimidine inhibitor, SR-3737"
"ST_4295","SR-A","3LJ0","Saccharomyces cerevisiae (strain ATCC 204508 / S288c)","IRE1 complexed with ADP and Quercetin"
"ST_4296","SR-A","3N5K","Oryctolagus cuniculus","Structure Of The (Sr)Ca2+-ATPase E2-AlF4- Form"
"ST_4297","SR-A","3N8G","Oryctolagus cuniculus","Structure of the (SR)Ca2+-ATPase Ca2-E1-CaAMPPCP form"
"ST_4298","SR-A","3NAL","Oryctolagus cuniculus","SR Ca(2+)-ATPase in the HnE2 state complexed with the Thapsigargin derivative DTB"
"ST_4299","SR-A","3NAM","Oryctolagus cuniculus","SR Ca(2+)-ATPase in the HnE2 state complexed with the Thapsigargin derivative dOTg"
"ST_4300","SR-A","3NAN","Oryctolagus cuniculus","SR Ca(2+)-ATPase in the HnE2 state complexed with a Thapsigargin derivative Boc-(phi)Tg"
"ST_4301","SR-A","3NGH","Mus musculus","Molecular Analysis of the Interaction of the HDL Receptor SR-BI with the Adaptor Protein PDZK1"
"ST_4302","SR-A","3OW2","Haloarcula marismortui (strain ATCC 43049 / DSM 3752 / JCM 8966 / VKM B-1809), Haloarcula marismortu","Crystal Structure of Enhanced Macrolide Bound to 50S Ribosomal Subunit"
"ST_4303","SR-A","3P4A","NA","2'Fluoro modified RNA octamer fA2U2"
"ST_4304","SR-A","3P4C","NA","Alternatingly modified 2'Fluoro RNA octamer f/rA2U2-R32"
"ST_4305","SR-A","3PBX","NA","Strontium bound to the sequence d(CCGGCGCCGG)"
"ST_4306","SR-A","3PX1","Entamoeba histolytica","Structure of Calcium Binding Protein-1 from Entamoeba histolytica in complex with Strontium"
"ST_4307","SR-A","3QAP","Natronomonas pharaonis","Crystal structure of Natronomonas pharaonis sensory rhodopsin II in the ground state"
"ST_4308","SR-A","3QDC","Natronomonas pharaonis","Crystal structure of Natronomonas pharaonis sensory rhodopsin II in the active state"
"ST_4309","SR-A","3R68","Mus musculus","Molecular Analysis of the PDZ3 domain of PDZK1"
"ST_4310","SR-A","3R69","Mus musculus","Molecular analysis of the interaction of the HDL-receptor SR-BI with the PDZ3 domain of its adaptor protein PDZK1"
"ST_4311","SR-A","3S2X","Moorella thermoacetica","Structure of acetyl-Coenzyme A synthase Alpha subunit C-terminal domain"
"ST_4312","SR-A","3SD8","NA","Crystal structure of Ara-FHNA decamer DNA"
"ST_4313","SR-A","3TLM","Bos taurus","Crystal Structure of Endoplasmic Reticulum Ca2+-ATPase (SERCA) From Bovine Muscle"
"ST_4314","SR-A","3V06","NA","Crystal structure of S-6'-Me-3'-fluoro hexitol nucleic acid"
"ST_4315","SR-A","3W3D","Bos taurus, Gallus gallus","Crystal structure of smooth muscle G actin DNase I complex"
"ST_4316","SR-A","3W7Y","Homo sapiens","0.92A structure of 2Zn human insulin at 100K"
"ST_4317","SR-A","3W7Z","Homo sapiens","1.15A structure of human 2Zn insulin at 293K"
"ST_4318","SR-A","3W80","Homo sapiens","Crystal structure of dodecamer human insulin with double C-axis length of the hexamer 2 Zn insulin cell"
"ST_4319","SR-A","3WS4","Chromohalobacter sp. 560","N288Q-N321Q mutant BETA-LACTAMASE DERIVED FROM CHROMOHALOBACTER SP.560 (Condition-2A)"
"ST_4320","SR-A","3WS5","Chromohalobacter sp. 560","N288Q-N321Q mutant BETA-LACTAMASE DERIVED FROM CHROMOHALOBACTER SP.560 (Condition-2B)"
"ST_4321","SR-A","3WWB","NA","Crystal structure of the computationally designed Pizza2-SR protein"
"ST_4322","SR-A","3WWF","NA","Crystal structure of the computationally designed Pizza2-SR protein"
"ST_4323","SR-A","3ZN8","Sulfolobus solfataricus (strain ATCC 35092 / DSM 1617 / JCM 11322 / P2)","Structural Basis of Signal Sequence Surveillance and Selection by the SRP-SR Complex"
"ST_4324","SR-A","434D","NA","5'-R(*UP*AP*GP*CP*UP*CP*C)-3', 5'-R(*GP*GP*GP*GP*CP*UP*A)-3'"
"ST_4325","SR-A","464D","NA","DISORDER AND TWIN REFINEMENT OF RNA HEPTAMER DOUBLE HELIX"
"ST_4326","SR-A","466D","NA","DISORDER AND TWIN REFINEMENT OF RNA HEPTAMER DOUBLE HELIX"
"ST_4327","SR-A","4A8X","Mus musculus, Drosophila melanogaster, Homo sapiens","Structure of the core ASAP complex"
"ST_4328","SR-A","4BEW","Oryctolagus cuniculus","SERCA bound to phosphate analogue"
"ST_4329","SR-A","4BW7","Homo sapiens","Calmodulin in complex with strontium"
"ST_4330","SR-A","4C0O","Homo sapiens","Transportin 3 in complex with phosphorylated ASF/SF2"
"ST_4331","SR-A","4C0P","Homo sapiens","Unliganded Transportin 3"
"ST_4332","SR-A","4C0Q","Homo sapiens","Transportin 3 in complex with Ran(Q69L)GTP"
"ST_4333","SR-A","4DS7","Saccharomyces cerevisiae (strain ATCC 204508 / S288c), Kluyveromyces lactis (strain ATCC 8585 / CBS ","Crystal structure of yeast calmodulin bound to the C-terminal fragment of spindle pole body protein Spc110"
"ST_4334","SR-A","4F7B","Homo sapiens","Structure of the lysosomal domain of limp-2"
"ST_4335","SR-A","4G25","Arabidopsis thaliana","Crystal Structure of proteinaceous RNase P 1 (PRORP1) from A. thaliana, SeMet substituted form with Sr"
"ST_4336","SR-A","4GYC","Natronomonas pharaonis","Structure of the SRII(D75N mutant)/HtrII Complex in I212121 space group ("U" shape)"
"ST_4337","SR-A","4H1W","Oryctolagus cuniculus","E1 structure of the (SR) Ca2+-ATPase in complex with Sarcolipin"
"ST_4338","SR-A","4HQI","synthetic construct","Structure of O6-Benzyl-2'-deoxyguanosine opposite perimidinone-derived synthetic nucleoside in DNA duplex"
"ST_4339","SR-A","4I0Y","Oryctolagus cuniculus","CRYSTAL STRUCTURE OF RABBIT RYANODINE RECEPTOR 1 (RESIDUES 1-536) DISEASE MUTANT C36R"
"ST_4340","SR-A","4I1E","Oryctolagus cuniculus","Crystal structure of Rabbit Ryanodine Receptor 1 (residues 1-536) disease mutant G249R"
"ST_4341","SR-A","4I2S","Oryctolagus cuniculus","Crystal structure of rabbit ryanodine receptor 1 (residues 1-536) disease mutant I404M"
"ST_4342","SR-A","4I37","Oryctolagus cuniculus","Crystal structure of rabbit ryanodine receptor 1 (residues 1-536) disease mutant R402G"
"ST_4343","SR-A","4I3N","Oryctolagus cuniculus","Crystal structure of rabbit ryanodine receptor 1 (residues 1-536) disease mutant D61N"
"ST_4344","SR-A","4I6I","Oryctolagus cuniculus","Crystal structure of rabbit ryanodine receptor 1 (residues 1-559) disease mutant R45C"
"ST_4345","SR-A","4I7I","Oryctolagus cuniculus","Crystal structure of rabbit ryanodine receptor 1 (residues 1-536) disease mutant L14R"
"ST_4346","SR-A","4I8M","Oryctolagus cuniculus","Crystal structure of rabbit Ryanodine receptor 1 (residues 1-536) disease mutant V219I"
"ST_4347","SR-A","4I96","Oryctolagus cuniculus","Crystal structure of the N-terminal two domains of the skeletal muscle ryanodine receptor (rabbit RyR1) residues 217-536"
"ST_4348","SR-A","4IAK","Homo sapiens","Low temperature X-ray structure of cAMP dependent protein kinase A in complex with high Sr2+ concentration, ADP and phosphorylated peptide pSP20"
"ST_4349","SR-A","4IAY","NA","Room temperature X-ray Structure of cAMP dependent protein kinase A in complex with high Sr2+ concentration, ADP and phosphorylated peptide pSP20, rev"
"ST_4350","SR-A","4IJ0","NA","Structures of DNA duplexes containing O6-carboxymethylguanine, a lesion associated with gastrointestinal cancer"
"ST_4351","SR-A","4IL6","Thermosynechococcus vulcanus, Thermosynechococcus elongatus (strain BP-1)","Structure of Sr-substituted photosystem II"
"ST_4352","SR-A","4JAB","synthetic construct","U/G Wobble Base Pair in a RNA Duplex"
"ST_4353","SR-A","4JIJ","Homo sapiens","Crystal structure of an inactive mutant of MMP-9 catalytic domain in complex with a fluorogenic synthetic peptidic substrate"
"ST_4354","SR-A","4JKR","Escherichia coli (strain K12), Escherichia coli O104:H4 (strain 2011C-3493)","Crystal Structure of E. coli RNA Polymerase in complex with ppGpp"
"ST_4355","SR-A","4JQG","Homo sapiens","Crystal structure of an inactive mutant of MMP-9 catalytic domain in complex with a fluorogenic synthetic peptidic substrate with a fluorine atom."
"ST_4356","SR-A","4KBN","Homo sapiens","human dihydrofolate reductase complexed with NADPH and 5-{3-[3-(3,5-pyrimidine)]-phenyl-prop-1-yn-1-yl}-6-ethyl-pyrimidine-2,4diamine"
"ST_4357","SR-A","4KEI","Mus musculus","Crystal structure of mouse Ryanodine Receptor 2 (1-217) disease mutant P164S"
"ST_4358","SR-A","4KEJ","Mus musculus","Crystal structure of mouse Ryanodine Receptor 2 (1-217) disease mutant R169Q"
"ST_4359","SR-A","4KEK","Mus musculus","Crystal structure of mouse Ryanodine Receptor 2 (1-217) disease mutant R176Q"
"ST_4360","SR-A","4L4H","Mus musculus","Crystal structure of mouse Ryanodine Receptor isoform 2 (RyR2) 1-547"
"ST_4361","SR-A","4L4I","Mus musculus","Crystal structure of mouse Ryanodine Receptor isoform 2 (RyR2) 1-547 disease mutant R420Q"
"ST_4362","SR-A","4LCK","Bacillus subtilis (strain 168)","Co-crystal structure of a T-box riboswitch stem I domain in complex with its cognate tRNA"
"ST_4363","SR-A","4MS9","NA","Native RNA-10mer Structure: ccggcgccgg"
"ST_4364","SR-A","4MSB","NA","RNA 10mer duplex with two 2'-5'-linkages"
"ST_4365","SR-A","4MSR","NA","RNA 10mer duplex with six 2'-5'-linkages"
"ST_4366","SR-A","4NAB","Oryctolagus cuniculus","Structure of the (SR)Ca2+-ATPase mutant E309Q in the Ca2-E1-MgAMPPCP form"
"ST_4367","SR-A","4NMN","Aquifex aeolicus (strain VF5)","Aquifex aeolicus replicative helicase (DnaB) complexed with ADP, at 3.3 resolution"
"ST_4368","SR-A","4O41","NA","Amide linked RNA"
"ST_4369","SR-A","4O5W","NA","O6-carboxymethylguanine in DNA forms a sequence context dependent wobble base pair structure with thymine"
"ST_4370","SR-A","4OL0","Homo sapiens","Crystal structure of transportin-SR2, a karyopherin involved in human disease"
"ST_4371","SR-A","4OQF","Mycobacterium tuberculosis (strain CDC 1551 / Oshkosh)","Mycobacterium tuberculosis RecA glycerol bound low temperature structure IIB-SR"
"ST_4372","SR-A","4PRF","Homo sapiens","A Second Look at the HDV Ribozyme Structure and Dynamics."
"ST_4373","SR-A","4R8I","synthetic construct, Homo sapiens","High Resolution Structure of a Mirror-Image RNA Oligonucleotide Aptamer in Complex with the Chemokine CCL2"
"ST_4374","SR-A","4RBY","synthetic construct","First X-ray structure of RNA containing guanosine phosphorodithioate"
"ST_4375","SR-A","4RJ1","synthetic construct","Structural variations and solvent structure of UGGGGU quadruplexes stabilized by Sr2+ ions"
"ST_4376","SR-A","4RKV","synthetic construct","Structural variations and solvent structure of UGGGGU quadruplexes stabilized by Sr2+ ions"
"ST_4377","SR-A","4RMX","Enterobacteria phage phi92","Apo crystal structure of the colanidase tailspike protein gp150 of Phage Phi92"
"ST_4378","SR-A","4RNE","synthetic construct","Structural variations and solvent structure of UGGGGU quadruplexes stabilized by Sr2+ ions"
"ST_4379","SR-A","4RUM","synthetic construct","Crystal structure of the NiCo transition-metal riboswitch bound to cobalt"
"ST_4380","SR-A","4RZ9","Homo sapiens","Pre-mRNA-splicing factor 38A AS 1-179"
"ST_4381","SR-A","4RZA","Homo sapiens","Pre-mRNA-splicing factor 38A AS 1-205"
"ST_4382","SR-A","4TZW","Oceanobacillus iheyensis HTE831,Â  Bacillus subtilis (strain 168),Â  and B. subtilis YbxF protein","Co-crystals of the Ternary Complex Containing a T-box Stem I RNA, its Cognate tRNAGly,Oceanobacillus iheyensis HTE831,Â  Bacillus subtilis (strain 168"
"ST_4383","SR-A","4TZY","Vibrio vulnificus","Vibrio vulnificus Adenine Riboswitch Variant, grown in both Sr2+ and Mg2+"
"ST_4384","SR-A","4U3M","Saccharomyces cerevisiae (strain ATCC 204508 / S288c)","Crystal structure of Anisomycin bound to the yeast 80S ribosome"
"ST_4385","SR-A","4U3N","Saccharomyces cerevisiae (strain ATCC 204508 / S288c)","Crystal structure of CCA trinucleotide bound to the yeast 80S ribosome"
"ST_4386","SR-A","4U3P","synthetic construct","Octameric RNA duplex co-crystallized with strontium(II)chloride"
"ST_4387","SR-A","4U3U","Saccharomyces cerevisiae (strain ATCC 204508 / S288c)","Crystal structure of Cycloheximide bound to the yeast 80S ribosome"
"ST_4388","SR-A","4U4N","Saccharomyces cerevisiae (strain ATCC 204508 / S288c)","Crystal structure of Edeine bound to the yeast 80S ribosome"
"ST_4389","SR-A","4U4O","Saccharomyces cerevisiae S288C","Crystal structure of Geneticin bound to the yeast 80S ribosome"
"ST_4390","SR-A","4U4Q","Saccharomyces cerevisiae (strain ATCC 204508 / S288c)","Crystal structure of Homoharringtonine bound to the yeast 80S ribosome"
"ST_4391","SR-A","4U4R","Saccharomyces cerevisiae S288C","Crystal structure of Lactimidomycin bound to the yeast 80S ribosome"
"ST_4392","SR-A","4U4U","Saccharomyces cerevisiae (strain ATCC 204508 / S288c)","Crystal structure of Lycorine bound to the yeast 80S ribosome"
"ST_4393","SR-A","4U4Y","Saccharomyces cerevisiae (strain ATCC 204508 / S288c)","Crystal structure of Pactamycin bound to the yeast 80S ribosome"
"ST_4394","SR-A","4U4Z","Saccharomyces cerevisiae (strain ATCC 204508 / S288c)","Crystal structure of Phyllanthoside bound to the yeast 80S ribosome"
"ST_4395","SR-A","4U50","Saccharomyces cerevisiae (strain ATCC 204508 / S288c)","Crystal structure of Verrucarin bound to the yeast 80S ribosome"
"ST_4396","SR-A","4U51","Saccharomyces cerevisiae S288C","Crystal structure of Narciclasine bound to the yeast 80S ribosome"
"ST_4397","SR-A","4U52","Saccharomyces cerevisiae (strain ATCC 204508 / S288c)","Crystal structure of Nagilactone C bound to the yeast 80S ribosome"
"ST_4398","SR-A","4U53","Saccharomyces cerevisiae (strain ATCC 204508 / S288c)","Crystal structure of Deoxynivalenol bound to the yeast 80S ribosome"
"ST_4399","SR-A","4U55","Saccharomyces cerevisiae (strain ATCC 204508 / S288c)","Crystal structure of Cryptopleurine bound to the yeast 80S ribosome"
"ST_4400","SR-A","4U56","Saccharomyces cerevisiae (strain ATCC 204508 / S288c)","Crystal structure of Blasticidin S bound to the yeast 80S ribosome"
"ST_4401","SR-A","4U6F","Saccharomyces cerevisiae (strain ATCC 204508 / S288c)","Crystal structure of T-2 toxin bound to the yeast 80S ribosome"
"ST_4402","SR-A","4U6L","synthetic construct","Crystal structure of DNA/RNA duplex obtained in the presence of [Co(NH3)6]Cl3 and SrCl2"
"ST_4403","SR-A","4UG0","Homo sapiens","STRUCTURE OF THE HUMAN 80S RIBOSOME"
"ST_4404","SR-A","4UU0","Oryctolagus cuniculus","CRYSTAL STRUCTURE OF (SR) CALCIUM-ATPASE E2(TG) IN THE PRESENCE OF 14:1 PC"
"ST_4405","SR-A","4UU1","Oryctolagus cuniculus","CRYSTAL STRUCTURE OF (SR) CALCIUM-ATPASE E2(TG) IN THE PRESENCE OF DOPC"
"ST_4406","SR-A","4V3P","Triticum aestivum","The molecular structure of the left-handed supra-molecular helix of eukaryotic polyribosomes"
"ST_4407","SR-A","4WEB","Hepatitis C virus subtype 2a","Structure of the core ectodomain of the hepatitis C virus envelope glycoprotein 2"
"ST_4408","SR-A","4WUA","Homo sapiens","Crystal structure of human SRPK1 complexed to an inhibitor SRPIN340"
"ST_4409","SR-A","4XOU","Oryctolagus cuniculus","Crystal structure of the SR Ca2+-ATPase in the Ca2-E1-MgAMPPCP form determined by serial femtosecond crystallography using an X-ray free-electron lase"
"ST_4410","SR-A","4Y1J","Lactococcus lactis subsp. lactis","Lactococcus lactis yybP-ykoY Mn riboswitch A41U binding site mutant in presence of Mn2+"
"ST_4411","SR-A","4Y1M","Escherichia coli","An Escherichia coli yybP-ykoY Mn riboswitch in the Mn2+-free state"
"ST_4412","SR-A","4Y3U","Oryctolagus cuniculus, Canis lupus familiaris","The structure of phospholamban bound to the calcium pump SERCA1a,"
"ST_4413","SR-A","4YCL","Oryctolagus cuniculus","Crystal structure of the SR CA2+-ATPASE with bound CPA"
"ST_4414","SR-A","4YCM","Oryctolagus cuniculus","Crystal structure of the calcium pump with bound marine macrolide BLS"
"ST_4415","SR-A","4YCN","Oryctolagus cuniculus","Crystal structure of the calcium pump with bound marine macrolide BLLB"
"ST_4416","SR-A","5A3Q","Oryctolagus cuniculus","Crystal structure of the (SR) Calcium ATPase E2-vanadate complex bound to thapsigargin and TNP-AMPPCP"
"ST_4417","SR-A","5A3R","Oryctolagus cuniculus","Crystal structure of the (SR) Calcium ATPase E2.BeF3- complex bound to TNP-AMPPCP"
"ST_4418","SR-A","5A3S","Oryctolagus cuniculus","Crystal structure of the (SR) Calcium ATPase E2-vanadate complex bound to thapsigargin and TNP-ATP"
"ST_4419","SR-A","5B5M","Thermochromatium tepidum","Crystal structure of the Sr-substituted LH1-RC complex from Tch. tepidum"
"ST_4420","SR-A","5C02","Influenza A virus (strain A/Udorn/307/1972 H3N2)","Influenza A M2 transmembrane domain drug-resistant S31N mutant at pH 8.0"
"ST_4421","SR-A","5CK3","Chaetomium thermophilum (strain DSM 1495 / CBS 144.50 / IMI 039719)","Signal recognition particle receptor SRb-GTP/SRX complex from Chaetomium thermophilum"
"ST_4422","SR-A","5CK4","Chaetomium thermophilum (strain DSM 1495 / CBS 144.50 / IMI 039719)","Signal recognition particle receptor SRb-GDP from Chaetomium thermophilum"
"ST_4423","SR-A","5CK5","Chaetomium thermophilum (strain DSM 1495 / CBS 144.50 / IMI 039719)","Signal recognition particle receptor SRb-GDP-Mg from Chaetomium thermophilum"
"ST_4424","SR-A","5CV2","synthetic construct","Structural implications of homo-pyrimidine base pairs on the parallel-stranded d(GAY) motif"
"ST_4425","SR-A","5DAT","Saccharomyces cerevisiae (strain ATCC 204508 / S288c)","Complex of yeast 80S ribosome with hypusine-containing eIF5A"
"ST_4426","SR-A","5DC3","Saccharomyces cerevisiae (strain ATCC 204508 / S288c)","Complex of yeast 80S ribosome with non-modified eIF5A"
"ST_4427","SR-A","5DGE","Saccharomyces cerevisiae (strain ATCC 204508 / S288c)","Coping with proline stalling: structural basis of hypusine-induced protein synthesis by the eukaryotic ribosome"
"ST_4428","SR-A","5DGF","Saccharomyces cerevisiae (strain ATCC 204508 / S288c)","Complex of yeast 80S ribosome with hypusine-containing/non-modified eIF5A and/or a peptidyl-tRNA analog"
"ST_4429","SR-A","5DGV","Saccharomyces cerevisiae S288C","Complex of yeast 80S ribosome with hypusine-containing/non-modified eIF5A and/or a peptidyl-tRNA analog"
"ST_4430","SR-A","5EW4","Homo sapiens","Crystal structure of C9ORF72 Antisense CCCCGG repeat RNA associated with Lou Gehrig's disease and frontotemporal dementia, crystallized with Sr2+"
"ST_4431","SR-A","5EYG","Staphylococcus aureus (strain NCTC 8325)","Crystal structure of IMPase/NADP phosphatase complexed with NADP and Ca2+"
"ST_4432","SR-A","5EYH","Staphylococcus aureus (strain NCTC 8325)","Crystal Structure of IMPase/NADP phosphatase complexed with NADP and Ca2+ at pH 7.0"
"ST_4433","SR-A","5FCI","Saccharomyces cerevisiae (strain ATCC 204508 / S288c)","Structure of the vacant uL3 W255C mutant 80S yeast ribosome"
"ST_4434","SR-A","5FCJ","Saccharomyces cerevisiae (strain ATCC 204508 / S288c)","Structure of the anisomycin-containing uL3 W255C mutant 80S yeast ribosome"
"ST_4435","SR-A","5GAD","Escherichia coli, Escherichia coli (strain K12)","RNC-SRP-SR complex early state"
"ST_4436","SR-A","5GAF","Escherichia coli (strain K12), Escherichia coli","RNC in complex with SRP"
"ST_4437","SR-A","5GAG","Escherichia coli (strain K12), Escherichia coli","RNC in complex with SRP-SR in the closed state"
"ST_4438","SR-A","5GAH","Escherichia coli (strain K12), Escherichia coli","RNC in complex with SRP with detached NG domain"
"ST_4439","SR-A","5GSK","unidentified","Crystal structure of duplex DNA3 in complex with Hg(II) and Sr(II)"
"ST_4440","SR-A","5HK1","Homo sapiens","Human sigma-1 receptor bound to PD144418"
"ST_4441","SR-A","5HK2","Homo sapiens","Human sigma-1 receptor bound to 4-IBP"
"ST_4442","SR-A","5HXS","Methanocaldococcus jannaschii (strain ATCC 43067 / DSM 2661 / JAL-1 / JCM 10045 / NBRC 100440)","Structural mechanisms of extracellular ion exchange and induced binding-site occlusion in the sodium-calcium exchanger NCX_Mj soaked with 2.5 mM Na+ a"
"ST_4443","SR-A","5I4L","Saccharomyces cerevisiae (strain ATCC 204508 / S288c)","Crystal structure of Amicoumacin A bound to the yeast 80S ribosome"
"ST_4444","SR-A","5JDL","Methanocaldococcus jannaschii (strain ATCC 43067 / DSM 2661 / JAL-1 / JCM 10045 / NBRC 100440)","Structural mechanisms of extracellular ion exchange and induced binding-site occlusion in the sodium-calcium exchanger NCX_Mj soaked with 2.5 mM Na+ a"
"ST_4445","SR-A","5JDM","Methanocaldococcus jannaschii (strain ATCC 43067 / DSM 2661 / JAL-1 / JCM 10045 / NBRC 100440)","Structural mechanisms of extracellular ion exchange and induced binding-site occlusion in the sodium-calcium exchanger NCX_Mj soaked with 2.5 mM Na+ a"
"ST_4446","SR-A","5JDN","Methanocaldococcus jannaschii (strain ATCC 43067 / DSM 2661 / JAL-1 / JCM 10045 / NBRC 100440)","Structural mechanisms of extracellular ion exchange and induced binding-site occlusion in the sodium-calcium exchanger NCX_Mj soaked with 10 mM Na+ an"
"ST_4447","SR-A","5JDQ","Methanocaldococcus jannaschii (strain ATCC 43067 / DSM 2661 / JAL-1 / JCM 10045 / NBRC 100440)","Structural mechanisms of extracellular ion exchange and induced binding-site occlusion in the sodium-calcium exchanger NCX_Mj soaked with 100 mM Na+ a"
"ST_4448","SR-A","5JJE","Natronomonas pharaonis","Structure of the SRII/HtrII Complex in I212121 space group ("U" shape)"
"ST_4449","SR-A","5JJF","Natronomonas pharaonis","Structure of the SRII/HtrII Complex in I212121 space group ("U" shape) - M state"
"ST_4450","SR-A","5JJJ","Natronomonas pharaonis","Structure of the SRII/HtrII Complex in P64 space group ("U" shape)"
"ST_4451","SR-A","5JJN","Natronomonas pharaonis","Structure of the SRII/HtrII(G83F) Complex in P212121 space group ("V" shape)"
"ST_4452","SR-A","5KKZ","Rhodobacter sphaeroides","Rhodobacter sphaeroides bc1 with famoxadone"
"ST_4453","SR-A","5KLI","Rhodobacter sphaeroides","Rhodobacter sphaeroides bc1 with stigmatellin and antimycin"
"ST_4454","SR-A","5KTF","Mus musculus","Structure of the C-terminal transmembrane domain of scavenger receptor BI (SR-BI)"
"ST_4455","SR-A","5L3Q","Homo sapiens","Structure of the GTPase heterodimer of human SRP54 and SRalpha"
"ST_4456","SR-A","5LKS","Homo sapiens","Structure-function insights reveal the human ribosome as a cancer target for antibiotics"
"ST_4457","SR-A","5LT0","Homo sapiens","nucleotide-free kinesin-1 motor domain, P212121 crystal form"
"ST_4458","SR-A","5LT1","Homo sapiens","nucleotide-free kinesin-1 motor domain T92V mutant, P21 crystal form"
"ST_4459","SR-A","5LYB","Saccharomyces cerevisiae","Crystal structure of the S.cerevisiae 80S ribosome in complex with the A-site bound aminoacyl-tRNA analog ACCPmn"
"ST_4460","SR-A","5M8H","Psychrobacter arcticus (strain DSM 17307 / 273-4)","ATP phosphoribosyltransferase (HisZG ATPPRT) from Psychrobacter arcticus"
"ST_4461","SR-A","5MEI","Saccharomyces cerevisiae (strain ATCC 204508 / S288c)","Crystal structure of Agelastatin A bound to the 80S ribosome"
"ST_4462","SR-A","5MPM","Sus scrofa","SERCA2a from pig heart"
"ST_4463","SR-A","5MXX","Homo sapiens","Crystal structure of human SR protein kinase 1 (SRPK1) in complex with compound 1"
"ST_4464","SR-A","5MY8","Homo sapiens","Crystal structure of SRPK1 in complex with SPHINX31"
"ST_4465","SR-A","5MYV","Homo sapiens","Crystal structure of SRPK2 in complex with compound 1"
"ST_4466","SR-A","5N8Q","Thalictrum flavum subsp. glaucum","Structure of truncated Norcoclaurine Synthase from Thalictrum flavum"
"ST_4467","SR-A","5NCK","Fusobacterium nucleatum subsp. nucleatum (strain ATCC 25586 / CIP 101130 / JCM 8532 / LMG 13131)","The Crystal Structure of N-acetylmannosamine kinase in Fusobacterium nucleatum"
"ST_4468","SR-A","5NCO","Escherichia coli (strain K12),","Quaternary complex between SRP, SR, and SecYEG bound to the translating ribosome"
"ST_4469","SR-A","5NCQ","Oryctolagus cuniculus","Structure of the (SR) Ca2+-ATPase bound to a Tetrahydrocarbazole and TNP-ATP"
"ST_4470","SR-A","5NDG","Saccharomyces cerevisiae (strain ATCC 204508 / S288c)","Crystal structure of geneticin (G418) bound to the yeast 80S ribosome"
"ST_4471","SR-A","5NDV","Saccharomyces cerevisiae (strain ATCC 204508 / S288c)","Crystal structure of Paromomycin bound to the yeast 80S ribosome"
"ST_4472","SR-A","5NDW","Saccharomyces cerevisiae (strain ATCC 204508 / S288c)","Crystal structure of aminoglycoside TC007 bound to the yeast 80S ribosome"
"ST_4473","SR-A","5NON","Thalictrum flavum subsp. glaucum","Structure of truncated Norcoclaurine Synthase from Thalictrum flavum with product mimic"
"ST_4474","SR-A","5NV9","Proteus mirabilis (strain HI4320)","Substrate-bound outward-open state of a Na+-coupled sialic acid symporter reveals a novel Na+-site"
"ST_4475","SR-A","5NVA","Proteus mirabilis (strain HI4320)","Substrate-bound outward-open state of a Na+-coupled sialic acid symporter reveals a novel Na+-site"
"ST_4476","SR-A","5OBM","Saccharomyces cerevisiae (strain ATCC 204508 / S288c)","Crystal structure of Gentamicin bound to the yeast 80S ribosome"
"ST_4477","SR-A","5ON6","Saccharomyces cerevisiae (strain ATCC 204508 / S288c)","Crystal structure of haemanthamine bound to the 80S ribosome"
"ST_4478","SR-A","5T83","Sulfobacillus acidophilus DSM 10332","Structure of a guanidine-I riboswitch from S. acidophilus"
"ST_4479","SR-A","5TBW","Saccharomyces cerevisiae (strain ATCC 204508 / S288c)","Crystal structure of chlorolissoclimide bound to the yeast 80S ribosome"
"ST_4480","SR-A","5TDJ","unidentified","RNA decamer duplex with four 2'-5'-linkages"
"ST_4481","SR-A","5TDK","unidentified","RNA decamer duplex with eight 2'-5'-linkages"
"ST_4482","SR-A","5TGA","Saccharomyces cerevisiae (strain ATCC 204508 / S288c)","Crystal structure of the S.cerevisiae 80S ribosome in complex with the A-site bound aminoacyl-tRNA analog ACCA-Pro"
"ST_4483","SR-A","5TGM","Saccharomyces cerevisiae","Crystal structure of the S.cerevisiae 80S ribosome in complex with the A-site bound aminoacyl-tRNA analog ACCA-Pro"
"ST_4484","SR-A","5V1L","synthetic construct","Structure of S-GNA dodecamer"
"ST_4485","SR-A","5W36","Mycobacterium tuberculosis (strain ATCC 25618 / H37Rv),","Crystal structure of the RNA polymerase domain (RPD) of Mycobacterium tuberculosis primase DnaG in complex with a double-stranded DNA oligomer with a "
"ST_4486","SR-A","5WLC","Saccharomyces cerevisiae (strain ATCC 204508 / S288c)","The complete structure of the small subunit processome"
"ST_4487","SR-A","5WSP","unidentified","Crystal structure of DNA3 duplex"
"ST_4488","SR-A","5WYI","Homo sapiens","The Yaf9 YEATS domain Recognizing H3K122suc Peptide"
"ST_4489","SR-A","5WYJ","Saccharomyces cerevisiae (strain ATCC 204508 / S288c)","Cryo-EM structure of the 90S small subunit pre-ribosome (Dhr1-depleted, Enp1-TAP, state 1)"
"ST_4490","SR-A","5WYK","Saccharomyces cerevisiae (strain ATCC 204508 / S288c)","Cryo-EM structure of the 90S small subunit pre-ribosome (Mtr4-depleted, Enp1-TAP"
"ST_4491","SR-A","5XA7","Oryctolagus cuniculus","Complete structure factors and an atomic model of the calcium pump (SERCA1A) and associated phospholipids in the E1-2CA2+ crystals"
"ST_4492","SR-A","5XA8","Oryctolagus cuniculus","Complete structure factors and an atomic model of the calcium pump (SERCA1A) and associated phospholipids in the E1-ALF4-ADP-2CA2+ crystals"
"ST_4493","SR-A","5XA9","Oryctolagus cuniculus","Complete structure factors and an atomic model of the calcium pump (SERCA1A) and associated phospholipids in the E2-ALF-(TG) crystals of C2 symmetry"
"ST_4494","SR-A","5XAA","Oryctolagus cuniculus","Complete structure factors and an atomic model of the calcium pump (SERCA1A) and associated phospholipids in the E2-ALF-(TG) crystals of P21212 symmet"
"ST_4495","SR-A","5XAB","Oryctolagus cuniculus","Complete structure factors and an atomic model of the calcium pump (SERCA1A) and associated phospholipids in the E2(TG) crystals"
"ST_4496","SR-A","5XV7","NA","SRPK1 in complex with Alectinib"
"ST_4497","SR-A","5XWG","synthetic construct","Crystal structure of a novel RNA motif that allows for precise positioning of a metal ion"
"ST_4498","SR-A","5XYL","Homo sapiens","Solution Structure of Skp1 from Homo sapiens"
"ST_4499","SR-A","5YRX","Mycobacterium tuberculosis (strain ATCC 25618 / H37Rv)","Crystal structure of a hypothetical protein Rv3716c from Mycobacterium tuberculosis"
"ST_4500","SR-A","5ZKP","Desulfovibrio vulgaris (strain Hildenborough / ATCC 29579 / DSM 644 / NCIMB 8303), Homo sapiens","Crystal structure of the human platelet-activating factor receptor in complex with SR 27417"
"ST_4501","SR-A","6BQ8","Homo sapiens","Joint X-ray/neutron structure of PKG II CNB-B domain in complex with 8-pCPT-cGMP"
"ST_4502","SR-A","6CAB","synthetic construct","RNA-dGMP complex with Sr ion"
"ST_4503","SR-A","6EK0","Homo sapiens","High-resolution cryo-EM structure of the human 80S ribosome"
"ST_4504","SW-5B","1ZZN","Homo sapiens","Crystal structure of a group I intron/two exon complex that includes all catalytic metal ion ligands."
"ST_4505","SW-5B","2PQC","Agrobacterium sp. (strain CP4)","CP4 EPSPS liganded with (R)-phosphonate tetrahedral reaction intermediate analog"
"ST_4506","SW-5B","3R1N","Homo sapiens","MK3 kinase bound to Compound 5b"
"ST_4507","SW-5B","3R2B","Homo sapiens","MK2 kinase bound to Compound 5b"
"ST_4508","SW-5B","3S8P","Homo sapiens","Crystal Structure of the SET Domain of Human Histone-Lysine N-Methyltransferase SUV420H1 In Complex With S-Adenosyl-L-Methionine"
"ST_4509","SW-5B","3W51","Homo sapiens","Tankyrase in complex with 2-hydroxy-4-methylquinoline"
"ST_4510","SW-5B","3WBI","Saccharomyces cerevisiae (strain ATCC 204508 / S288c)","Crystal structure analysis of eukaryotic translation initiation factor 5B structure I"
"ST_4511","SW-5B","3WBJ","Saccharomyces cerevisiae (strain ATCC 204508 / S288c)","Crystal structure analysis of eukaryotic translation initiation factor 5B structure II"
"ST_4512","SW-5B","3WBK","Saccharomyces cerevisiae (strain ATCC 204508 / S288c)","crystal structure analysis of eukaryotic translation initiation factor 5B and 1A complex"
"ST_4513","SW-5B","4IUE","Homo sapiens","Tankyrase in complex with 7-(2-fluorophenyl)-4-methyl-1,2-dihydroquinolin-2-one"
"ST_4514","SW-5B","4J1Z","Homo sapiens","Tankyrase 2 in complex with 4-chloro-1,2-dihydrophatalzin-one"
"ST_4515","SW-5B","4J21","Homo sapiens","Tankyrase 2 in complex with 7-(4-amino-2-chlorophenyl)-4-methylquinolin-2(1H)-one"
"ST_4516","SW-5B","4J22","Homo sapiens","Tankyrase 2 in complex with 3-chloro-4-(4-methyl-2-oxo-1,2-dihydroquinolin-7-yl)-N-[2-(morpholin-4-yl)ethyl]benzamide"
"ST_4517","SW-5B","4J3L","Homo sapiens","Tankyrase 2 in complex with 3-chloro-N-(2-methoxyethyl)-4-(4-methyl-2-oxo-1,2-dihydroquinolin-7-yl)benzamide"
"ST_4518","SW-5B","4J3M","Homo sapiens","Tankyrase 2 in complex with 3-chloro-4-(4-methyl-2-oxo-1,2-dihydroquinolin-7-yl)benzoic acid"
"ST_4519","SW-5B","4KSQ","Homo sapiens","Crystal Structure of Human B-raf bound to a DFG-out Inhibitor 5B"
"ST_4520","SW-5B","4LNZ","Homo sapiens","Crystal structure of human Myosin 5b globular domain"
"ST_4521","SW-5B","4LV5","Mus musculus, Toxoplasma gondii","Murine IRGa6 bound to Toxoplasma ROP5B, a pseudokinase GDI"
"ST_4522","SW-5B","4N3G","Chaetomium thermophilum (strain DSM 1495 / CBS 144.50 / IMI 039719)","Crystal structure of eukaryotic translation initiation factor eIF5B (870-1116) from Chaetomium thermophilu, domains III and IV"
"ST_4523","SW-5B","4N3N","Chaetomium thermophilum (strain DSM 1495 / CBS 144.50 / IMI 039719)","Crystal structure of eukaryotic translation initiation factor eIF5B (517-1116) from Chaetomium thermophilum, apo form"
"ST_4524","SW-5B","4N3S","Â Saccharomyces cerevisiae (strain ATCC 204508 / S288c)","Crystal structure of eukaryotic translation initiation factor eIF5B (399-852) from Saccharomyces cerevisiae"
"ST_4525","SW-5B","4NCF","Saccharomyces cerevisiae (strain ATCC 204508 / S288c)","Crystal structure of eukaryotic translation initiation factor eIF5B (399-852) from Saccharomyces cerevisiae in complex with GDP"
"ST_4526","SW-5B","4NCL","Chaetomium thermophilum (strain DSM 1495 / CBS 144.50 / IMI 039719)","Crystal structure of eukaryotic translation initiation factor eIF5B (517-970) from Chaetomium thermophilum in complex with GDP"
"ST_4527","SW-5B","4NCN","Chaetomium thermophilum (strain DSM 1495 / CBS 144.50 / IMI 039719)","Crystal structure of eukaryotic translation initiation factor eIF5B (517-858) from Chaetomium thermophilum in complex with GTP"
